sample	r1	r2
FLArcadia	/orange/munoz/jbenevenuto/WGS/RAWDATA/01_5lanes_19samples/FLArcadia_R1.fastq.gz	/orange/munoz/jbenevenuto/WGS/RAWDATA/01_5lanes_19samples/FLArcadia_R2.fastq.gz
FLEmerald	/orange/munoz/jbenevenuto/WGS/RAWDATA/01_5lanes_19samples/FLEmerald_R1.fastq.gz	/orange/munoz/jbenevenuto/WGS/RAWDATA/01_5lanes_19samples/FLEmerald_R2.fastq.gz
FLJewel	/orange/munoz/jbenevenuto/WGS/RAWDATA/01_5lanes_19samples/FLJewel_R1.fastq.gz	/orange/munoz/jbenevenuto/WGS/RAWDATA/01_5lanes_19samples/FLJewel_R2.fastq.gz
FLKeecrisp	/orange/munoz/jbenevenuto/WGS/RAWDATA/01_5lanes_19samples/FLKeecrisp_R1.fastq.gz	/orange/munoz/jbenevenuto/WGS/RAWDATA/01_5lanes_19samples/FLKeecrisp_R2.fastq.gz
FLKestrel	/orange/munoz/jbenevenuto/WGS/RAWDATA/01_5lanes_19samples/FLKestrel_R1.fastq.gz	/orange/munoz/jbenevenuto/WGS/RAWDATA/01_5lanes_19samples/FLKestrel_R2.fastq.gz
FLMeadowlark	/orange/munoz/jbenevenuto/WGS/RAWDATA/01_5lanes_19samples/FLMeadowlark_R1.fastq.gz	/orange/munoz/jbenevenuto/WGS/RAWDATA/01_5lanes_19samples/FLMeadowlark_R2.fastq.gz
FLOptimus	/orange/munoz/jbenevenuto/WGS/RAWDATA/01_5lanes_19samples/FLOptimus_R1.fastq.gz	/orange/munoz/jbenevenuto/WGS/RAWDATA/01_5lanes_19samples/FLOptimus_R2.fastq.gz
FLPatrecia	/orange/munoz/jbenevenuto/WGS/RAWDATA/01_5lanes_19samples/FLPatrecia_R1.fastq.gz	/orange/munoz/jbenevenuto/WGS/RAWDATA/01_5lanes_19samples/FLPatrecia_R2.fastq.gz
FLSnowchaser	/orange/munoz/jbenevenuto/WGS/RAWDATA/01_5lanes_19samples/FLSnowchaser_R1.fastq.gz	/orange/munoz/jbenevenuto/WGS/RAWDATA/01_5lanes_19samples/FLSnowchaser_R2.fastq.gz
SHBVentura	/orange/munoz/jbenevenuto/WGS/RAWDATA/01_5lanes_19samples/SHBVentura_R1.fastq.gz	/orange/munoz/jbenevenuto/WGS/RAWDATA/01_5lanes_19samples/SHBVentura_R2.fastq.gz
Vangustifolium_brunswick	/orange/munoz/jbenevenuto/WGS/RAWDATA/01_5lanes_19samples/Vangustifolium_brunswick_R1.fastq.gz	/orange/munoz/jbenevenuto/WGS/RAWDATA/01_5lanes_19samples/Vangustifolium_brunswick_R2.fastq.gz
Varboreum_17_630	/orange/munoz/jbenevenuto/WGS/RAWDATA/01_5lanes_19samples/Varboreum_17-630_R1.fastq.gz	/orange/munoz/jbenevenuto/WGS/RAWDATA/01_5lanes_19samples/Varboreum_17-630_R2.fastq.gz
Vdarrowii_17_627	/orange/munoz/jbenevenuto/WGS/RAWDATA/01_5lanes_19samples/Vdarrowii_17-627_R1.fastq.gz	/orange/munoz/jbenevenuto/WGS/RAWDATA/01_5lanes_19samples/Vdarrowii_17-627_R2.fastq.gz
Velliotii_olenoyellow	/orange/munoz/jbenevenuto/WGS/RAWDATA/01_5lanes_19samples/Velliotii_olenoyellow_R1.fastq.gz	/orange/munoz/jbenevenuto/WGS/RAWDATA/01_5lanes_19samples/Velliotii_olenoyellow_R2.fastq.gz
Vfuscatum2x_17_628	/orange/munoz/jbenevenuto/WGS/RAWDATA/01_5lanes_19samples/Vfuscatum2x_17-628_R1.fastq.gz	/orange/munoz/jbenevenuto/WGS/RAWDATA/01_5lanes_19samples/Vfuscatum2x_17-628_R2.fastq.gz
Vfuscatum4X_11_1001	/orange/munoz/jbenevenuto/WGS/RAWDATA/01_5lanes_19samples/Vfuscatum4X_11-1001_R1.fastq.gz	/orange/munoz/jbenevenuto/WGS/RAWDATA/01_5lanes_19samples/Vfuscatum4X_11-1001_R2.fastq.gz
Vstamineum_17_629	/orange/munoz/jbenevenuto/WGS/RAWDATA/01_5lanes_19samples/Vstamineum_17-629_R1.fastq.gz	/orange/munoz/jbenevenuto/WGS/RAWDATA/01_5lanes_19samples/Vstamineum_17-629_R2.fastq.gz
Vstamineum_F1redflesh_15_634	/orange/munoz/jbenevenuto/WGS/RAWDATA/01_5lanes_19samples/Vstamineum_F1redflesh_15-634_R1.fastq.gz	/orange/munoz/jbenevenuto/WGS/RAWDATA/01_5lanes_19samples/Vstamineum_F1redflesh_15-634_R2.fastq.gz
Vvirgatum_15_506	/orange/munoz/jbenevenuto/WGS/RAWDATA/01_5lanes_19samples/Vvirgatum_15-506_R1.fastq.gz	/orange/munoz/jbenevenuto/WGS/RAWDATA/01_5lanes_19samples/Vvirgatum_15-506_R2.fastq.gz
FLOptimus_02	/orange/munoz/jbenevenuto/WGS/RAWDATA/02_2lanes_5samples/FLOptimus_02_R1.fastq.gz	/orange/munoz/jbenevenuto/WGS/RAWDATA/02_2lanes_5samples/FLOptimus_02_R2.fastq.gz
Varboreum_17_630_02	/orange/munoz/jbenevenuto/WGS/RAWDATA/02_2lanes_5samples/Varboreum_17-630_02_R1.fastq.gz	/orange/munoz/jbenevenuto/WGS/RAWDATA/02_2lanes_5samples/Varboreum_17-630_02_R2.fastq.gz
Vdarrowii_17_627_02	/orange/munoz/jbenevenuto/WGS/RAWDATA/02_2lanes_5samples/Vdarrowii_17-627_02_R1.fastq.gz	/orange/munoz/jbenevenuto/WGS/RAWDATA/02_2lanes_5samples/Vdarrowii_17-627_02_R2.fastq.gz
Velliotti_olenoyellow_02	/orange/munoz/jbenevenuto/WGS/RAWDATA/02_2lanes_5samples/Velliotti_olenoyellow_02_R1.fastq.gz	/orange/munoz/jbenevenuto/WGS/RAWDATA/02_2lanes_5samples/Velliotti_olenoyellow_02_R2.fastq.gz
Vfuscatum2x_17_628_02	/orange/munoz/jbenevenuto/WGS/RAWDATA/02_2lanes_5samples/Vfuscatum2x_17-628_02_R1.fastq.gz	/orange/munoz/jbenevenuto/WGS/RAWDATA/02_2lanes_5samples/Vfuscatum2x_17-628_02_R2.fastq.gz
Vstamineum_17_629_02	/orange/munoz/jbenevenuto/WGS/RAWDATA/02_2lanes_5samples/Vstamineum_17-629_02_R1.fastq.gz	/orange/munoz/jbenevenuto/WGS/RAWDATA/02_2lanes_5samples/Vstamineum_17-629_02_R2.fastq.gz
FLColossus	/orange/munoz/jbenevenuto/WGS/RAWDATA/03_3lanes_12samples/FLColossus_R1.fastq.gz	/orange/munoz/jbenevenuto/WGS/RAWDATA/03_3lanes_12samples/FLColossus_R2.fastq.gz
FLFarthing	/orange/munoz/jbenevenuto/WGS/RAWDATA/03_3lanes_12samples/FLFarthing_R1.fastq.gz	/orange/munoz/jbenevenuto/WGS/RAWDATA/03_3lanes_12samples/FLFarthing_R2.fastq.gz
FLFlicker	/orange/munoz/jbenevenuto/WGS/RAWDATA/03_3lanes_12samples/FLFlicker_R1.fastq.gz	/orange/munoz/jbenevenuto/WGS/RAWDATA/03_3lanes_12samples/FLFlicker_R2.fastq.gz
FLIndigocrisp	/orange/munoz/jbenevenuto/WGS/RAWDATA/03_3lanes_12samples/FLIndigocrisp_R1.fastq.gz	/orange/munoz/jbenevenuto/WGS/RAWDATA/03_3lanes_12samples/FLIndigocrisp_R2.fastq.gz
FLRaven	/orange/munoz/jbenevenuto/WGS/RAWDATA/03_3lanes_12samples/FLRaven_R1.fastq.gz	/orange/munoz/jbenevenuto/WGS/RAWDATA/03_3lanes_12samples/FLRaven_R2.fastq.gz
FLScintilla	/orange/munoz/jbenevenuto/WGS/RAWDATA/03_3lanes_12samples/FLScintilla_R1.fastq.gz	/orange/munoz/jbenevenuto/WGS/RAWDATA/03_3lanes_12samples/FLScintilla_R2.fastq.gz
FLSharpblue	/orange/munoz/jbenevenuto/WGS/RAWDATA/03_3lanes_12samples/FLSharpblue_R1.fastq.gz	/orange/munoz/jbenevenuto/WGS/RAWDATA/03_3lanes_12samples/FLSharpblue_R2.fastq.gz
FLStar	/orange/munoz/jbenevenuto/WGS/RAWDATA/03_3lanes_12samples/FLStar_R1.fastq.gz	/orange/munoz/jbenevenuto/WGS/RAWDATA/03_3lanes_12samples/FLStar_R2.fastq.gz
FLSweetcrisp	/orange/munoz/jbenevenuto/WGS/RAWDATA/03_3lanes_12samples/FLSweetcrisp_R1.fastq.gz	/orange/munoz/jbenevenuto/WGS/RAWDATA/03_3lanes_12samples/FLSweetcrisp_R2.fastq.gz
FLVireo	/orange/munoz/jbenevenuto/WGS/RAWDATA/03_3lanes_12samples/FLVireo_R1.fastq.gz	/orange/munoz/jbenevenuto/WGS/RAWDATA/03_3lanes_12samples/FLVireo_R2.fastq.gz
Varboreum_Citra	/orange/munoz/jbenevenuto/WGS/RAWDATA/03_3lanes_12samples/Varboreum-Citra_R1.fastq.gz	/orange/munoz/jbenevenuto/WGS/RAWDATA/03_3lanes_12samples/Varboreum-Citra_R2.fastq.gz
Vmyrsinites_16_663	/orange/munoz/jbenevenuto/WGS/RAWDATA/03_3lanes_12samples/Vmyrsinites_16-663_R1.fastq.gz	/orange/munoz/jbenevenuto/WGS/RAWDATA/03_3lanes_12samples/Vmyrsinites_16-663_R2.fastq.gz
FLAbundance	/orange/munoz/jbenevenuto/WGS/RAWDATA/04_8lanes_29samples/FLAbundance_R1.fastq.gz	/orange/munoz/jbenevenuto/WGS/RAWDATA/04_8lanes_29samples/FLAbundance_R2.fastq.gz
FLAvanti	/orange/munoz/jbenevenuto/WGS/RAWDATA/04_8lanes_29samples/FLAvanti_R1.fastq.gz	/orange/munoz/jbenevenuto/WGS/RAWDATA/04_8lanes_29samples/FLAvanti_R2.fastq.gz
FLBluecrisp	/orange/munoz/jbenevenuto/WGS/RAWDATA/04_8lanes_29samples/FLBluecrisp_R1.fastq.gz	/orange/munoz/jbenevenuto/WGS/RAWDATA/04_8lanes_29samples/FLBluecrisp_R2.fastq.gz
FLBobolink	/orange/munoz/jbenevenuto/WGS/RAWDATA/04_8lanes_29samples/FLBobolink_R1.fastq.gz	/orange/munoz/jbenevenuto/WGS/RAWDATA/04_8lanes_29samples/FLBobolink_R2.fastq.gz
FLChickadee	/orange/munoz/jbenevenuto/WGS/RAWDATA/04_8lanes_29samples/FLChickadee_R1.fastq.gz	/orange/munoz/jbenevenuto/WGS/RAWDATA/04_8lanes_29samples/FLChickadee_R2.fastq.gz
FLEndura	/orange/munoz/jbenevenuto/WGS/RAWDATA/04_8lanes_29samples/FLEndura_R1.fastq.gz	/orange/munoz/jbenevenuto/WGS/RAWDATA/04_8lanes_29samples/FLEndura_R2.fastq.gz
FLMagnus	/orange/munoz/jbenevenuto/WGS/RAWDATA/04_8lanes_29samples/FLMagnus_R1.fastq.gz	/orange/munoz/jbenevenuto/WGS/RAWDATA/04_8lanes_29samples/FLMagnus_R2.fastq.gz
FLMillenia	/orange/munoz/jbenevenuto/WGS/RAWDATA/04_8lanes_29samples/FLMillenia_R1.fastq.gz	/orange/munoz/jbenevenuto/WGS/RAWDATA/04_8lanes_29samples/FLMillenia_R2.fastq.gz
FLMisty	/orange/munoz/jbenevenuto/WGS/RAWDATA/04_8lanes_29samples/FLMisty_R1.fastq.gz	/orange/munoz/jbenevenuto/WGS/RAWDATA/04_8lanes_29samples/FLMisty_R2.fastq.gz
FLPrimadonna	/orange/munoz/jbenevenuto/WGS/RAWDATA/04_8lanes_29samples/FLPrimadonna_R1.fastq.gz	/orange/munoz/jbenevenuto/WGS/RAWDATA/04_8lanes_29samples/FLPrimadonna_R2.fastq.gz
FLRebel	/orange/munoz/jbenevenuto/WGS/RAWDATA/04_8lanes_29samples/FLRebel_R1.fastq.gz	/orange/munoz/jbenevenuto/WGS/RAWDATA/04_8lanes_29samples/FLRebel_R2.fastq.gz
FLSanJoaquin	/orange/munoz/jbenevenuto/WGS/RAWDATA/04_8lanes_29samples/FLSanJoaquin_R1.fastq.gz	/orange/munoz/jbenevenuto/WGS/RAWDATA/04_8lanes_29samples/FLSanJoaquin_R2.fastq.gz
FLSouthernBelle	/orange/munoz/jbenevenuto/WGS/RAWDATA/04_8lanes_29samples/FLSouthernBelle_R1.fastq.gz	/orange/munoz/jbenevenuto/WGS/RAWDATA/04_8lanes_29samples/FLSouthernBelle_R2.fastq.gz
FLSouthmoon	/orange/munoz/jbenevenuto/WGS/RAWDATA/04_8lanes_29samples/FLSouthmoon_R1.fastq.gz	/orange/munoz/jbenevenuto/WGS/RAWDATA/04_8lanes_29samples/FLSouthmoon_R2.fastq.gz
FLSpringHigh	/orange/munoz/jbenevenuto/WGS/RAWDATA/04_8lanes_29samples/FLSpringHigh_R1.fastq.gz	/orange/munoz/jbenevenuto/WGS/RAWDATA/04_8lanes_29samples/FLSpringHigh_R2.fastq.gz
FLWayne	/orange/munoz/jbenevenuto/WGS/RAWDATA/04_8lanes_29samples/FLWayne_R1.fastq.gz	/orange/munoz/jbenevenuto/WGS/RAWDATA/04_8lanes_29samples/FLWayne_R2.fastq.gz
FLWindsor	/orange/munoz/jbenevenuto/WGS/RAWDATA/04_8lanes_29samples/FLWindsor_R1.fastq.gz	/orange/munoz/jbenevenuto/WGS/RAWDATA/04_8lanes_29samples/FLWindsor_R2.fastq.gz
Varboreum_09_502	/orange/munoz/jbenevenuto/WGS/RAWDATA/04_8lanes_29samples/Varboreum_09-502_R1.fastq.gz	/orange/munoz/jbenevenuto/WGS/RAWDATA/04_8lanes_29samples/Varboreum_09-502_R2.fastq.gz
Varboreum_WGS	/orange/munoz/jbenevenuto/WGS/RAWDATA/04_8lanes_29samples/Varboreum_WGS_R1.fastq.gz	/orange/munoz/jbenevenuto/WGS/RAWDATA/04_8lanes_29samples/Varboreum_WGS_R2.fastq.gz
Vdarrowii_98_403	/orange/munoz/jbenevenuto/WGS/RAWDATA/04_8lanes_29samples/Vdarrowii_98-403_R1.fastq.gz	/orange/munoz/jbenevenuto/WGS/RAWDATA/04_8lanes_29samples/Vdarrowii_98-403_R2.fastq.gz
Vdarrowii_GNGG	/orange/munoz/jbenevenuto/WGS/RAWDATA/04_8lanes_29samples/Vdarrowii_GNGG_R1.fastq.gz	/orange/munoz/jbenevenuto/WGS/RAWDATA/04_8lanes_29samples/Vdarrowii_GNGG_R2.fastq.gz
Velliottii_C208	/orange/munoz/jbenevenuto/WGS/RAWDATA/04_8lanes_29samples/Velliottii_C208_R1.fastq.gz	/orange/munoz/jbenevenuto/WGS/RAWDATA/04_8lanes_29samples/Velliottii_C208_R2.fastq.gz
Velliottii_Ell8	/orange/munoz/jbenevenuto/WGS/RAWDATA/04_8lanes_29samples/Velliottii_Ell8_R1.fastq.gz	/orange/munoz/jbenevenuto/WGS/RAWDATA/04_8lanes_29samples/Velliottii_Ell8_R2.fastq.gz
Vfuscatum2x_17_608	/orange/munoz/jbenevenuto/WGS/RAWDATA/04_8lanes_29samples/Vfuscatum2x_17-608_R1.fastq.gz	/orange/munoz/jbenevenuto/WGS/RAWDATA/04_8lanes_29samples/Vfuscatum2x_17-608_R2.fastq.gz
Vfuscatum2x_18_667	/orange/munoz/jbenevenuto/WGS/RAWDATA/04_8lanes_29samples/Vfuscatum2x_18-667_R1.fastq.gz	/orange/munoz/jbenevenuto/WGS/RAWDATA/04_8lanes_29samples/Vfuscatum2x_18-667_R2.fastq.gz
Vstamineum_AG1	/orange/munoz/jbenevenuto/WGS/RAWDATA/04_8lanes_29samples/Vstamineum_AG1_R1.fastq.gz	/orange/munoz/jbenevenuto/WGS/RAWDATA/04_8lanes_29samples/Vstamineum_AG1_R2.fastq.gz
Vstamineum_AP6	/orange/munoz/jbenevenuto/WGS/RAWDATA/04_8lanes_29samples/Vstamineum_AP6_R1.fastq.gz	/orange/munoz/jbenevenuto/WGS/RAWDATA/04_8lanes_29samples/Vstamineum_AP6_R2.fastq.gz
Vvirgatum_Ochlockonee	/orange/munoz/jbenevenuto/WGS/RAWDATA/04_8lanes_29samples/Vvirgatum_Ochlockonee_R1.fastq.gz	/orange/munoz/jbenevenuto/WGS/RAWDATA/04_8lanes_29samples/Vvirgatum_Ochlockonee_R2.fastq.gz
Vvirgatum_Pinklemonade	/orange/munoz/jbenevenuto/WGS/RAWDATA/04_8lanes_29samples/Vvirgatum_Pinklemonade_R1.fastq.gz	/orange/munoz/jbenevenuto/WGS/RAWDATA/04_8lanes_29samples/Vvirgatum_Pinklemonade_R2.fastq.gz
FLAvonBlue	/orange/munoz/jbenevenuto/WGS/RAWDATA/05_round_19samples/FLAvonBlue_R1.fastq.gz	/orange/munoz/jbenevenuto/WGS/RAWDATA/05_round_19samples/FLAvonBlue_R2.fastq.gz
FLBluecrop	/orange/munoz/jbenevenuto/WGS/RAWDATA/05_round_19samples/FLBluecrop_R1.fastq.gz	/orange/munoz/jbenevenuto/WGS/RAWDATA/05_round_19samples/FLBluecrop_R2.fastq.gz
FLEarlyBlue	/orange/munoz/jbenevenuto/WGS/RAWDATA/05_round_19samples/FLEarlyBlue_R1.fastq.gz	/orange/munoz/jbenevenuto/WGS/RAWDATA/05_round_19samples/FLEarlyBlue_R2.fastq.gz
FLFloridaBlue	/orange/munoz/jbenevenuto/WGS/RAWDATA/05_round_19samples/FLFloridaBlue_R1.fastq.gz	/orange/munoz/jbenevenuto/WGS/RAWDATA/05_round_19samples/FLFloridaBlue_R2.fastq.gz
FLPalmetto	/orange/munoz/jbenevenuto/WGS/RAWDATA/05_round_19samples/FLPalmetto_R1.fastq.gz	/orange/munoz/jbenevenuto/WGS/RAWDATA/05_round_19samples/FLPalmetto_R2.fastq.gz
FLSapphire	/orange/munoz/jbenevenuto/WGS/RAWDATA/05_round_19samples/FLSapphire_R1.fastq.gz	/orange/munoz/jbenevenuto/WGS/RAWDATA/05_round_19samples/FLSapphire_R2.fastq.gz
NHB_Grover	/orange/munoz/jbenevenuto/WGS/RAWDATA/05_round_19samples/NHB_Grover_R1.fastq.gz	/orange/munoz/jbenevenuto/WGS/RAWDATA/05_round_19samples/NHB_Grover_R2.fastq.gz
SHB_Legacy	/orange/munoz/jbenevenuto/WGS/RAWDATA/05_round_19samples/SHB_Legacy_R1.fastq.gz	/orange/munoz/jbenevenuto/WGS/RAWDATA/05_round_19samples/SHB_Legacy_R2.fastq.gz
SHB_ONeal	/orange/munoz/jbenevenuto/WGS/RAWDATA/05_round_19samples/SHB_ONeal_R1.fastq.gz	/orange/munoz/jbenevenuto/WGS/RAWDATA/05_round_19samples/SHB_ONeal_R2.fastq.gz
SHB_Winterbell	/orange/munoz/jbenevenuto/WGS/RAWDATA/05_round_19samples/SHB_Winterbell_R1.fastq.gz	/orange/munoz/jbenevenuto/WGS/RAWDATA/05_round_19samples/SHB_Winterbell_R2.fastq.gz
Vdarrowii_Fl4B	/orange/munoz/jbenevenuto/WGS/RAWDATA/05_round_19samples/Vdarrowii_Fl4B_R1.fastq.gz	/orange/munoz/jbenevenuto/WGS/RAWDATA/05_round_19samples/Vdarrowii_Fl4B_R2.fastq.gz
Vvirgatum_Alapaha	/orange/munoz/jbenevenuto/WGS/RAWDATA/05_round_19samples/Vvirgatum_Alapaha_R1.fastq.gz	/orange/munoz/jbenevenuto/WGS/RAWDATA/05_round_19samples/Vvirgatum_Alapaha_R2.fastq.gz
Vvirgatum_BlackGiant	/orange/munoz/jbenevenuto/WGS/RAWDATA/05_round_19samples/Vvirgatum_BlackGiant_R1.fastq.gz	/orange/munoz/jbenevenuto/WGS/RAWDATA/05_round_19samples/Vvirgatum_BlackGiant_R2.fastq.gz
Vvirgatum_Brightwell	/orange/munoz/jbenevenuto/WGS/RAWDATA/05_round_19samples/Vvirgatum_Brightwell_R1.fastq.gz	/orange/munoz/jbenevenuto/WGS/RAWDATA/05_round_19samples/Vvirgatum_Brightwell_R2.fastq.gz
Vvirgatum_Ethel	/orange/munoz/jbenevenuto/WGS/RAWDATA/05_round_19samples/Vvirgatum_Ethel_R1.fastq.gz	/orange/munoz/jbenevenuto/WGS/RAWDATA/05_round_19samples/Vvirgatum_Ethel_R2.fastq.gz
Vvirgatum_Krewer	/orange/munoz/jbenevenuto/WGS/RAWDATA/05_round_19samples/Vvirgatum_Krewer_R1.fastq.gz	/orange/munoz/jbenevenuto/WGS/RAWDATA/05_round_19samples/Vvirgatum_Krewer_R2.fastq.gz
Vvirgatum_Myers	/orange/munoz/jbenevenuto/WGS/RAWDATA/05_round_19samples/Vvirgatum_Myers_R1.fastq.gz	/orange/munoz/jbenevenuto/WGS/RAWDATA/05_round_19samples/Vvirgatum_Myers_R2.fastq.gz
Vvirgatum_Titan	/orange/munoz/jbenevenuto/WGS/RAWDATA/05_round_19samples/Vvirgatum_Titan_R1.fastq.gz	/orange/munoz/jbenevenuto/WGS/RAWDATA/05_round_19samples/Vvirgatum_Titan_R2.fastq.gz
Vvirgatum_Vernon	/orange/munoz/jbenevenuto/WGS/RAWDATA/05_round_19samples/Vvirgatum_Vernon_R1.fastq.gz	/orange/munoz/jbenevenuto/WGS/RAWDATA/05_round_19samples/Vvirgatum_Vernon_R2.fastq.gz
FL10_153	/orange/munoz/jbenevenuto/WGS/RAWDATA/06_round_27samples/FL10-153_R1.fastq.gz	/orange/munoz/jbenevenuto/WGS/RAWDATA/06_round_27samples/FL10-153_R2.fastq.gz
FL12_179	/orange/munoz/jbenevenuto/WGS/RAWDATA/06_round_27samples/FL12-179_R1.fastq.gz	/orange/munoz/jbenevenuto/WGS/RAWDATA/06_round_27samples/FL12-179_R2.fastq.gz
FL17_141	/orange/munoz/jbenevenuto/WGS/RAWDATA/06_round_27samples/FL17-141_R1.fastq.gz	/orange/munoz/jbenevenuto/WGS/RAWDATA/06_round_27samples/FL17-141_R2.fastq.gz
FL17_142	/orange/munoz/jbenevenuto/WGS/RAWDATA/06_round_27samples/FL17-142_R1.fastq.gz	/orange/munoz/jbenevenuto/WGS/RAWDATA/06_round_27samples/FL17-142_R2.fastq.gz
FLAlbus	/orange/munoz/jbenevenuto/WGS/RAWDATA/06_round_27samples/FLAlbus_R1.fastq.gz	/orange/munoz/jbenevenuto/WGS/RAWDATA/06_round_27samples/FLAlbus_R2.fastq.gz
FLSentinel	/orange/munoz/jbenevenuto/WGS/RAWDATA/06_round_27samples/FLSentinel_R1.fastq.gz	/orange/munoz/jbenevenuto/WGS/RAWDATA/06_round_27samples/FLSentinel_R2.fastq.gz
Vangustifolium_NC3352	/orange/munoz/jbenevenuto/WGS/RAWDATA/06_round_27samples/Vangustifolium_NC3352_R1.fastq.gz	/orange/munoz/jbenevenuto/WGS/RAWDATA/06_round_27samples/Vangustifolium_NC3352_R2.fastq.gz
Vboreale_NJ89_03_08	/orange/munoz/jbenevenuto/WGS/RAWDATA/06_round_27samples/Vboreale_NJ89-03-08_R1.fastq.gz	/orange/munoz/jbenevenuto/WGS/RAWDATA/06_round_27samples/Vboreale_NJ89-03-08_R2.fastq.gz
Vconstablaei_N1	/orange/munoz/jbenevenuto/WGS/RAWDATA/06_round_27samples/Vconstablaei_N1_R1.fastq.gz	/orange/munoz/jbenevenuto/WGS/RAWDATA/06_round_27samples/Vconstablaei_N1_R2.fastq.gz
Vconstablaei_N5	/orange/munoz/jbenevenuto/WGS/RAWDATA/06_round_27samples/Vconstablaei_N5_R1.fastq.gz	/orange/munoz/jbenevenuto/WGS/RAWDATA/06_round_27samples/Vconstablaei_N5_R2.fastq.gz
Vcorymbosum_4X_NC3308	/orange/munoz/jbenevenuto/WGS/RAWDATA/06_round_27samples/Vcorymbosum_4X_NC3308_R1.fastq.gz	/orange/munoz/jbenevenuto/WGS/RAWDATA/06_round_27samples/Vcorymbosum_4X_NC3308_R2.fastq.gz
Vcorymbosum_4X_NC3316	/orange/munoz/jbenevenuto/WGS/RAWDATA/06_round_27samples/Vcorymbosum_4X_NC3316_R1.fastq.gz	/orange/munoz/jbenevenuto/WGS/RAWDATA/06_round_27samples/Vcorymbosum_4X_NC3316_R2.fastq.gz
Vcorymbosum_4X_NC3494	/orange/munoz/jbenevenuto/WGS/RAWDATA/06_round_27samples/Vcorymbosum_4X_NC3494_R1.fastq.gz	/orange/munoz/jbenevenuto/WGS/RAWDATA/06_round_27samples/Vcorymbosum_4X_NC3494_R2.fastq.gz
Vdarrowii_NJ88_5_32	/orange/munoz/jbenevenuto/WGS/RAWDATA/06_round_27samples/Vdarrowii_NJ88-5-32_R1.fastq.gz	/orange/munoz/jbenevenuto/WGS/RAWDATA/06_round_27samples/Vdarrowii_NJ88-5-32_R2.fastq.gz
Velliottii_Knight	/orange/munoz/jbenevenuto/WGS/RAWDATA/06_round_27samples/Velliottii_Knight_R1.fastq.gz	/orange/munoz/jbenevenuto/WGS/RAWDATA/06_round_27samples/Velliottii_Knight_R2.fastq.gz
Vhirsutum_NC3743	/orange/munoz/jbenevenuto/WGS/RAWDATA/06_round_27samples/Vhirsutum_NC3743_R1.fastq.gz	/orange/munoz/jbenevenuto/WGS/RAWDATA/06_round_27samples/Vhirsutum_NC3743_R2.fastq.gz
Vhirsutum_NJ90_54_21	/orange/munoz/jbenevenuto/WGS/RAWDATA/06_round_27samples/Vhirsutum_NJ90-54-21_R1.fastq.gz	/orange/munoz/jbenevenuto/WGS/RAWDATA/06_round_27samples/Vhirsutum_NJ90-54-21_R2.fastq.gz
Vmyrsinites_NC80_2_14	/orange/munoz/jbenevenuto/WGS/RAWDATA/06_round_27samples/Vmyrsinites_NC80-2-14_R1.fastq.gz	/orange/munoz/jbenevenuto/WGS/RAWDATA/06_round_27samples/Vmyrsinites_NC80-2-14_R2.fastq.gz
Vmyrtilloides_I44	/orange/munoz/jbenevenuto/WGS/RAWDATA/06_round_27samples/Vmyrtilloides_I44_R1.fastq.gz	/orange/munoz/jbenevenuto/WGS/RAWDATA/06_round_27samples/Vmyrtilloides_I44_R2.fastq.gz
Vpallidum_SHF4A	/orange/munoz/jbenevenuto/WGS/RAWDATA/06_round_27samples/Vpallidum_SHF4A_R1.fastq.gz	/orange/munoz/jbenevenuto/WGS/RAWDATA/06_round_27samples/Vpallidum_SHF4A_R2.fastq.gz
Vsimulatum_NC02_1_3	/orange/munoz/jbenevenuto/WGS/RAWDATA/06_round_27samples/Vsimulatum_NC02-1-3_R1.fastq.gz	/orange/munoz/jbenevenuto/WGS/RAWDATA/06_round_27samples/Vsimulatum_NC02-1-3_R2.fastq.gz
Vsimulatum_NC98_11_3	/orange/munoz/jbenevenuto/WGS/RAWDATA/06_round_27samples/Vsimulatum_NC98-11-3_R1.fastq.gz	/orange/munoz/jbenevenuto/WGS/RAWDATA/06_round_27samples/Vsimulatum_NC98-11-3_R2.fastq.gz
Vtenellum_NC96_2_2	/orange/munoz/jbenevenuto/WGS/RAWDATA/06_round_27samples/Vtenellum_NC96-2-2_R1.fastq.gz	/orange/munoz/jbenevenuto/WGS/RAWDATA/06_round_27samples/Vtenellum_NC96-2-2_R2.fastq.gz
Vtenellum_NJ87_52	/orange/munoz/jbenevenuto/WGS/RAWDATA/06_round_27samples/Vtenellum_NJ87-52_R1.fastq.gz	/orange/munoz/jbenevenuto/WGS/RAWDATA/06_round_27samples/Vtenellum_NJ87-52_R2.fastq.gz
Vvirgatum_NC2140	/orange/munoz/jbenevenuto/WGS/RAWDATA/06_round_27samples/Vvirgatum_NC2140_R1.fastq.gz	/orange/munoz/jbenevenuto/WGS/RAWDATA/06_round_27samples/Vvirgatum_NC2140_R2.fastq.gz
Vvirgatum_NC3660	/orange/munoz/jbenevenuto/WGS/RAWDATA/06_round_27samples/Vvirgatum_NC3660_R1.fastq.gz	/orange/munoz/jbenevenuto/WGS/RAWDATA/06_round_27samples/Vvirgatum_NC3660_R2.fastq.gz
Vvirgatum_NC4790	/orange/munoz/jbenevenuto/WGS/RAWDATA/06_round_27samples/Vvirgatum_NC4790_R1.fastq.gz	/orange/munoz/jbenevenuto/WGS/RAWDATA/06_round_27samples/Vvirgatum_NC4790_R2.fastq.gz
FL09_279	/orange/munoz/jbenevenuto/WGS/RAWDATA/07_round_2024_parents/FL09-279_R1.fastq.gz	/orange/munoz/jbenevenuto/WGS/RAWDATA/07_round_2024_parents/FL09-279_R2.fastq.gz
FL10_15	/orange/munoz/jbenevenuto/WGS/RAWDATA/07_round_2024_parents/FL10-15_R1.fastq.gz	/orange/munoz/jbenevenuto/WGS/RAWDATA/07_round_2024_parents/FL10-15_R2.fastq.gz
FL10_162	/orange/munoz/jbenevenuto/WGS/RAWDATA/07_round_2024_parents/FL10-162_R1.fastq.gz	/orange/munoz/jbenevenuto/WGS/RAWDATA/07_round_2024_parents/FL10-162_R2.fastq.gz
FL11_124	/orange/munoz/jbenevenuto/WGS/RAWDATA/07_round_2024_parents/FL11-124_R1.fastq.gz	/orange/munoz/jbenevenuto/WGS/RAWDATA/07_round_2024_parents/FL11-124_R2.fastq.gz
FL11_158	/orange/munoz/jbenevenuto/WGS/RAWDATA/07_round_2024_parents/FL11-158_R1.fastq.gz	/orange/munoz/jbenevenuto/WGS/RAWDATA/07_round_2024_parents/FL11-158_R2.fastq.gz
FL12_236	/orange/munoz/jbenevenuto/WGS/RAWDATA/07_round_2024_parents/FL12-236_R1.fastq.gz	/orange/munoz/jbenevenuto/WGS/RAWDATA/07_round_2024_parents/FL12-236_R2.fastq.gz
FL13_121	/orange/munoz/jbenevenuto/WGS/RAWDATA/07_round_2024_parents/FL13-121_R1.fastq.gz	/orange/munoz/jbenevenuto/WGS/RAWDATA/07_round_2024_parents/FL13-121_R2.fastq.gz
FL13_212	/orange/munoz/jbenevenuto/WGS/RAWDATA/07_round_2024_parents/FL13-212_R1.fastq.gz	/orange/munoz/jbenevenuto/WGS/RAWDATA/07_round_2024_parents/FL13-212_R2.fastq.gz
FL14_242	/orange/munoz/jbenevenuto/WGS/RAWDATA/07_round_2024_parents/FL14-242_R1.fastq.gz	/orange/munoz/jbenevenuto/WGS/RAWDATA/07_round_2024_parents/FL14-242_R2.fastq.gz
FL14_245	/orange/munoz/jbenevenuto/WGS/RAWDATA/07_round_2024_parents/FL14-245_R1.fastq.gz	/orange/munoz/jbenevenuto/WGS/RAWDATA/07_round_2024_parents/FL14-245_R2.fastq.gz
FL15_20	/orange/munoz/jbenevenuto/WGS/RAWDATA/07_round_2024_parents/FL15-20_R1.fastq.gz	/orange/munoz/jbenevenuto/WGS/RAWDATA/07_round_2024_parents/FL15-20_R2.fastq.gz
FL15_21	/orange/munoz/jbenevenuto/WGS/RAWDATA/07_round_2024_parents/FL15-21_R1.fastq.gz	/orange/munoz/jbenevenuto/WGS/RAWDATA/07_round_2024_parents/FL15-21_R2.fastq.gz
FL15_253	/orange/munoz/jbenevenuto/WGS/RAWDATA/07_round_2024_parents/FL15-253_R1.fastq.gz	/orange/munoz/jbenevenuto/WGS/RAWDATA/07_round_2024_parents/FL15-253_R2.fastq.gz
FL15_303	/orange/munoz/jbenevenuto/WGS/RAWDATA/07_round_2024_parents/FL15-303_R1.fastq.gz	/orange/munoz/jbenevenuto/WGS/RAWDATA/07_round_2024_parents/FL15-303_R2.fastq.gz
FL16_178	/orange/munoz/jbenevenuto/WGS/RAWDATA/07_round_2024_parents/FL16-178_R1.fastq.gz	/orange/munoz/jbenevenuto/WGS/RAWDATA/07_round_2024_parents/FL16-178_R2.fastq.gz
FL16_194	/orange/munoz/jbenevenuto/WGS/RAWDATA/07_round_2024_parents/FL16-194_R1.fastq.gz	/orange/munoz/jbenevenuto/WGS/RAWDATA/07_round_2024_parents/FL16-194_R2.fastq.gz
FL16_60	/orange/munoz/jbenevenuto/WGS/RAWDATA/07_round_2024_parents/FL16-60_R1.fastq.gz	/orange/munoz/jbenevenuto/WGS/RAWDATA/07_round_2024_parents/FL16-60_R2.fastq.gz
FL16_754	/orange/munoz/jbenevenuto/WGS/RAWDATA/07_round_2024_parents/FL16-754_R1.fastq.gz	/orange/munoz/jbenevenuto/WGS/RAWDATA/07_round_2024_parents/FL16-754_R2.fastq.gz
FL17_123	/orange/munoz/jbenevenuto/WGS/RAWDATA/07_round_2024_parents/FL17-123_R1.fastq.gz	/orange/munoz/jbenevenuto/WGS/RAWDATA/07_round_2024_parents/FL17-123_R2.fastq.gz
FL17_124	/orange/munoz/jbenevenuto/WGS/RAWDATA/07_round_2024_parents/FL17-124_R1.fastq.gz	/orange/munoz/jbenevenuto/WGS/RAWDATA/07_round_2024_parents/FL17-124_R2.fastq.gz
FL17_141	/orange/munoz/jbenevenuto/WGS/RAWDATA/07_round_2024_parents/FL17-141_R1.fastq.gz	/orange/munoz/jbenevenuto/WGS/RAWDATA/07_round_2024_parents/FL17-141_R2.fastq.gz
FL17_166	/orange/munoz/jbenevenuto/WGS/RAWDATA/07_round_2024_parents/FL17-166_R1.fastq.gz	/orange/munoz/jbenevenuto/WGS/RAWDATA/07_round_2024_parents/FL17-166_R2.fastq.gz
FL17_17	/orange/munoz/jbenevenuto/WGS/RAWDATA/07_round_2024_parents/FL17-17_R1.fastq.gz	/orange/munoz/jbenevenuto/WGS/RAWDATA/07_round_2024_parents/FL17-17_R2.fastq.gz
FL17_23	/orange/munoz/jbenevenuto/WGS/RAWDATA/07_round_2024_parents/FL17-23_R1.fastq.gz	/orange/munoz/jbenevenuto/WGS/RAWDATA/07_round_2024_parents/FL17-23_R2.fastq.gz
FL17_61	/orange/munoz/jbenevenuto/WGS/RAWDATA/07_round_2024_parents/FL17-61_R1.fastq.gz	/orange/munoz/jbenevenuto/WGS/RAWDATA/07_round_2024_parents/FL17-61_R2.fastq.gz
FL17_91	/orange/munoz/jbenevenuto/WGS/RAWDATA/07_round_2024_parents/FL17-91_R1.fastq.gz	/orange/munoz/jbenevenuto/WGS/RAWDATA/07_round_2024_parents/FL17-91_R2.fastq.gz
FL18_100	/orange/munoz/jbenevenuto/WGS/RAWDATA/07_round_2024_parents/FL18-100_R1.fastq.gz	/orange/munoz/jbenevenuto/WGS/RAWDATA/07_round_2024_parents/FL18-100_R2.fastq.gz
FL18_107	/orange/munoz/jbenevenuto/WGS/RAWDATA/07_round_2024_parents/FL18-107_R1.fastq.gz	/orange/munoz/jbenevenuto/WGS/RAWDATA/07_round_2024_parents/FL18-107_R2.fastq.gz
FL18_11	/orange/munoz/jbenevenuto/WGS/RAWDATA/07_round_2024_parents/FL18-11_R1.fastq.gz	/orange/munoz/jbenevenuto/WGS/RAWDATA/07_round_2024_parents/FL18-11_R2.fastq.gz
FL18_3	/orange/munoz/jbenevenuto/WGS/RAWDATA/07_round_2024_parents/FL18-3_R1.fastq.gz	/orange/munoz/jbenevenuto/WGS/RAWDATA/07_round_2024_parents/FL18-3_R2.fastq.gz
FL18_6	/orange/munoz/jbenevenuto/WGS/RAWDATA/07_round_2024_parents/FL18-6_R1.fastq.gz	/orange/munoz/jbenevenuto/WGS/RAWDATA/07_round_2024_parents/FL18-6_R2.fastq.gz
FL19_006	/orange/munoz/jbenevenuto/WGS/RAWDATA/07_round_2024_parents/FL19-006_R1.fastq.gz	/orange/munoz/jbenevenuto/WGS/RAWDATA/07_round_2024_parents/FL19-006_R2.fastq.gz
FL19_111	/orange/munoz/jbenevenuto/WGS/RAWDATA/07_round_2024_parents/FL19-111_R1.fastq.gz	/orange/munoz/jbenevenuto/WGS/RAWDATA/07_round_2024_parents/FL19-111_R2.fastq.gz
FL19_117	/orange/munoz/jbenevenuto/WGS/RAWDATA/07_round_2024_parents/FL19-117_R1.fastq.gz	/orange/munoz/jbenevenuto/WGS/RAWDATA/07_round_2024_parents/FL19-117_R2.fastq.gz
FL19_129	/orange/munoz/jbenevenuto/WGS/RAWDATA/07_round_2024_parents/FL19-129_R1.fastq.gz	/orange/munoz/jbenevenuto/WGS/RAWDATA/07_round_2024_parents/FL19-129_R2.fastq.gz
FL19_135	/orange/munoz/jbenevenuto/WGS/RAWDATA/07_round_2024_parents/FL19-135_R1.fastq.gz	/orange/munoz/jbenevenuto/WGS/RAWDATA/07_round_2024_parents/FL19-135_R2.fastq.gz
FL19_148	/orange/munoz/jbenevenuto/WGS/RAWDATA/07_round_2024_parents/FL19-148_R1.fastq.gz	/orange/munoz/jbenevenuto/WGS/RAWDATA/07_round_2024_parents/FL19-148_R2.fastq.gz
FL19_20_8	/orange/munoz/jbenevenuto/WGS/RAWDATA/07_round_2024_parents/FL19.20-8_R1.fastq.gz	/orange/munoz/jbenevenuto/WGS/RAWDATA/07_round_2024_parents/FL19.20-8_R2.fastq.gz
FL19_3	/orange/munoz/jbenevenuto/WGS/RAWDATA/07_round_2024_parents/FL19-3_R1.fastq.gz	/orange/munoz/jbenevenuto/WGS/RAWDATA/07_round_2024_parents/FL19-3_R2.fastq.gz
FL19_5	/orange/munoz/jbenevenuto/WGS/RAWDATA/07_round_2024_parents/FL19-5_R1.fastq.gz	/orange/munoz/jbenevenuto/WGS/RAWDATA/07_round_2024_parents/FL19-5_R2.fastq.gz
FL19_65_1	/orange/munoz/jbenevenuto/WGS/RAWDATA/07_round_2024_parents/FL19.65-1_R1.fastq.gz	/orange/munoz/jbenevenuto/WGS/RAWDATA/07_round_2024_parents/FL19.65-1_R2.fastq.gz
FL19_6	/orange/munoz/jbenevenuto/WGS/RAWDATA/07_round_2024_parents/FL19-6_R1.fastq.gz	/orange/munoz/jbenevenuto/WGS/RAWDATA/07_round_2024_parents/FL19-6_R2.fastq.gz
FL19_71	/orange/munoz/jbenevenuto/WGS/RAWDATA/07_round_2024_parents/FL19-71_R1.fastq.gz	/orange/munoz/jbenevenuto/WGS/RAWDATA/07_round_2024_parents/FL19-71_R2.fastq.gz
FL19_88	/orange/munoz/jbenevenuto/WGS/RAWDATA/07_round_2024_parents/FL19-88_R1.fastq.gz	/orange/munoz/jbenevenuto/WGS/RAWDATA/07_round_2024_parents/FL19-88_R2.fastq.gz
FL20_030	/orange/munoz/jbenevenuto/WGS/RAWDATA/07_round_2024_parents/FL20-030_R1.fastq.gz	/orange/munoz/jbenevenuto/WGS/RAWDATA/07_round_2024_parents/FL20-030_R2.fastq.gz
FL20_059	/orange/munoz/jbenevenuto/WGS/RAWDATA/07_round_2024_parents/FL20-059_R1.fastq.gz	/orange/munoz/jbenevenuto/WGS/RAWDATA/07_round_2024_parents/FL20-059_R2.fastq.gz
FL20_063	/orange/munoz/jbenevenuto/WGS/RAWDATA/07_round_2024_parents/FL20-063_R1.fastq.gz	/orange/munoz/jbenevenuto/WGS/RAWDATA/07_round_2024_parents/FL20-063_R2.fastq.gz
FL20_087	/orange/munoz/jbenevenuto/WGS/RAWDATA/07_round_2024_parents/FL20-087_R1.fastq.gz	/orange/munoz/jbenevenuto/WGS/RAWDATA/07_round_2024_parents/FL20-087_R2.fastq.gz
FL20_122	/orange/munoz/jbenevenuto/WGS/RAWDATA/07_round_2024_parents/FL20-122_R1.fastq.gz	/orange/munoz/jbenevenuto/WGS/RAWDATA/07_round_2024_parents/FL20-122_R2.fastq.gz
FL21_0445	/orange/munoz/jbenevenuto/WGS/RAWDATA/07_round_2024_parents/FL21-0445_R1.fastq.gz	/orange/munoz/jbenevenuto/WGS/RAWDATA/07_round_2024_parents/FL21-0445_R2.fastq.gz
FL21_0543	/orange/munoz/jbenevenuto/WGS/RAWDATA/07_round_2024_parents/FL21-0543_R1.fastq.gz	/orange/munoz/jbenevenuto/WGS/RAWDATA/07_round_2024_parents/FL21-0543_R2.fastq.gz
FL21_0632	/orange/munoz/jbenevenuto/WGS/RAWDATA/07_round_2024_parents/FL21-0632_R1.fastq.gz	/orange/munoz/jbenevenuto/WGS/RAWDATA/07_round_2024_parents/FL21-0632_R2.fastq.gz
FL21_1118	/orange/munoz/jbenevenuto/WGS/RAWDATA/07_round_2024_parents/FL21-1118_R1.fastq.gz	/orange/munoz/jbenevenuto/WGS/RAWDATA/07_round_2024_parents/FL21-1118_R2.fastq.gz
FL21_1121	/orange/munoz/jbenevenuto/WGS/RAWDATA/07_round_2024_parents/FL21-1121_R1.fastq.gz	/orange/munoz/jbenevenuto/WGS/RAWDATA/07_round_2024_parents/FL21-1121_R2.fastq.gz
FL21_1122	/orange/munoz/jbenevenuto/WGS/RAWDATA/07_round_2024_parents/FL21-1122_R1.fastq.gz	/orange/munoz/jbenevenuto/WGS/RAWDATA/07_round_2024_parents/FL21-1122_R2.fastq.gz
FL21_1353	/orange/munoz/jbenevenuto/WGS/RAWDATA/07_round_2024_parents/FL21-1353_R1.fastq.gz	/orange/munoz/jbenevenuto/WGS/RAWDATA/07_round_2024_parents/FL21-1353_R2.fastq.gz
FL21_65	/orange/munoz/jbenevenuto/WGS/RAWDATA/07_round_2024_parents/FL21-65_R1.fastq.gz	/orange/munoz/jbenevenuto/WGS/RAWDATA/07_round_2024_parents/FL21-65_R2.fastq.gz
FL22_0123	/orange/munoz/jbenevenuto/WGS/RAWDATA/07_round_2024_parents/FL22-0123_R1.fastq.gz	/orange/munoz/jbenevenuto/WGS/RAWDATA/07_round_2024_parents/FL22-0123_R2.fastq.gz
FL22_0229	/orange/munoz/jbenevenuto/WGS/RAWDATA/07_round_2024_parents/FL22-0229_R1.fastq.gz	/orange/munoz/jbenevenuto/WGS/RAWDATA/07_round_2024_parents/FL22-0229_R2.fastq.gz
FL22_0583	/orange/munoz/jbenevenuto/WGS/RAWDATA/07_round_2024_parents/FL22-0583_R1.fastq.gz	/orange/munoz/jbenevenuto/WGS/RAWDATA/07_round_2024_parents/FL22-0583_R2.fastq.gz
FL22_0973	/orange/munoz/jbenevenuto/WGS/RAWDATA/07_round_2024_parents/FL22-0973_R1.fastq.gz	/orange/munoz/jbenevenuto/WGS/RAWDATA/07_round_2024_parents/FL22-0973_R2.fastq.gz
FL22_0981	/orange/munoz/jbenevenuto/WGS/RAWDATA/07_round_2024_parents/FL22-0981_R1.fastq.gz	/orange/munoz/jbenevenuto/WGS/RAWDATA/07_round_2024_parents/FL22-0981_R2.fastq.gz
FL22_0985	/orange/munoz/jbenevenuto/WGS/RAWDATA/07_round_2024_parents/FL22-0985_R1.fastq.gz	/orange/munoz/jbenevenuto/WGS/RAWDATA/07_round_2024_parents/FL22-0985_R2.fastq.gz
FL22_1146	/orange/munoz/jbenevenuto/WGS/RAWDATA/07_round_2024_parents/FL22-1146_R1.fastq.gz	/orange/munoz/jbenevenuto/WGS/RAWDATA/07_round_2024_parents/FL22-1146_R2.fastq.gz
FL23_0063	/orange/munoz/jbenevenuto/WGS/RAWDATA/07_round_2024_parents/FL23-0063_R1.fastq.gz	/orange/munoz/jbenevenuto/WGS/RAWDATA/07_round_2024_parents/FL23-0063_R2.fastq.gz
FL23_0256	/orange/munoz/jbenevenuto/WGS/RAWDATA/07_round_2024_parents/FL23-0256_R1.fastq.gz	/orange/munoz/jbenevenuto/WGS/RAWDATA/07_round_2024_parents/FL23-0256_R2.fastq.gz
FL23_0296	/orange/munoz/jbenevenuto/WGS/RAWDATA/07_round_2024_parents/FL23-0296_R1.fastq.gz	/orange/munoz/jbenevenuto/WGS/RAWDATA/07_round_2024_parents/FL23-0296_R2.fastq.gz
FL23_0301	/orange/munoz/jbenevenuto/WGS/RAWDATA/07_round_2024_parents/FL23-0301_R1.fastq.gz	/orange/munoz/jbenevenuto/WGS/RAWDATA/07_round_2024_parents/FL23-0301_R2.fastq.gz
FL23_0633	/orange/munoz/jbenevenuto/WGS/RAWDATA/07_round_2024_parents/FL23-0633_R1.fastq.gz	/orange/munoz/jbenevenuto/WGS/RAWDATA/07_round_2024_parents/FL23-0633_R2.fastq.gz
FL23_0637	/orange/munoz/jbenevenuto/WGS/RAWDATA/07_round_2024_parents/FL23-0637_R1.fastq.gz	/orange/munoz/jbenevenuto/WGS/RAWDATA/07_round_2024_parents/FL23-0637_R2.fastq.gz
FL23_0767	/orange/munoz/jbenevenuto/WGS/RAWDATA/07_round_2024_parents/FL23-0767_R1.fastq.gz	/orange/munoz/jbenevenuto/WGS/RAWDATA/07_round_2024_parents/FL23-0767_R2.fastq.gz
FL23_0846	/orange/munoz/jbenevenuto/WGS/RAWDATA/07_round_2024_parents/FL23-0846_R1.fastq.gz	/orange/munoz/jbenevenuto/WGS/RAWDATA/07_round_2024_parents/FL23-0846_R2.fastq.gz
FL23_0852	/orange/munoz/jbenevenuto/WGS/RAWDATA/07_round_2024_parents/FL23-0852_R1.fastq.gz	/orange/munoz/jbenevenuto/WGS/RAWDATA/07_round_2024_parents/FL23-0852_R2.fastq.gz
FL23_1032	/orange/munoz/jbenevenuto/WGS/RAWDATA/07_round_2024_parents/FL23-1032_R1.fastq.gz	/orange/munoz/jbenevenuto/WGS/RAWDATA/07_round_2024_parents/FL23-1032_R2.fastq.gz
FL24_0059	/orange/munoz/jbenevenuto/WGS/RAWDATA/07_round_2024_parents/FL24-0059_R1.fastq.gz	/orange/munoz/jbenevenuto/WGS/RAWDATA/07_round_2024_parents/FL24-0059_R2.fastq.gz
FL24_0201	/orange/munoz/jbenevenuto/WGS/RAWDATA/07_round_2024_parents/FL24-0201_R1.fastq.gz	/orange/munoz/jbenevenuto/WGS/RAWDATA/07_round_2024_parents/FL24-0201_R2.fastq.gz
FL24_0364	/orange/munoz/jbenevenuto/WGS/RAWDATA/07_round_2024_parents/FL24-0364_R1.fastq.gz	/orange/munoz/jbenevenuto/WGS/RAWDATA/07_round_2024_parents/FL24-0364_R2.fastq.gz
FL24_0401	/orange/munoz/jbenevenuto/WGS/RAWDATA/07_round_2024_parents/FL24-0401_R1.fastq.gz	/orange/munoz/jbenevenuto/WGS/RAWDATA/07_round_2024_parents/FL24-0401_R2.fastq.gz
FL24_0456	/orange/munoz/jbenevenuto/WGS/RAWDATA/07_round_2024_parents/FL24-0456_R1.fastq.gz	/orange/munoz/jbenevenuto/WGS/RAWDATA/07_round_2024_parents/FL24-0456_R2.fastq.gz
FL24_0528	/orange/munoz/jbenevenuto/WGS/RAWDATA/07_round_2024_parents/FL24-0528_R1.fastq.gz	/orange/munoz/jbenevenuto/WGS/RAWDATA/07_round_2024_parents/FL24-0528_R2.fastq.gz
FL24_0529	/orange/munoz/jbenevenuto/WGS/RAWDATA/07_round_2024_parents/FL24-0529_R1.fastq.gz	/orange/munoz/jbenevenuto/WGS/RAWDATA/07_round_2024_parents/FL24-0529_R2.fastq.gz
FL24_0689	/orange/munoz/jbenevenuto/WGS/RAWDATA/07_round_2024_parents/FL24-0689_R1.fastq.gz	/orange/munoz/jbenevenuto/WGS/RAWDATA/07_round_2024_parents/FL24-0689_R2.fastq.gz
FL24_0718	/orange/munoz/jbenevenuto/WGS/RAWDATA/07_round_2024_parents/FL24-0718_R1.fastq.gz	/orange/munoz/jbenevenuto/WGS/RAWDATA/07_round_2024_parents/FL24-0718_R2.fastq.gz
FL24_0797	/orange/munoz/jbenevenuto/WGS/RAWDATA/07_round_2024_parents/FL24-0797_R1.fastq.gz	/orange/munoz/jbenevenuto/WGS/RAWDATA/07_round_2024_parents/FL24-0797_R2.fastq.gz
FL24_1037	/orange/munoz/jbenevenuto/WGS/RAWDATA/07_round_2024_parents/FL24-1037_R1.fastq.gz	/orange/munoz/jbenevenuto/WGS/RAWDATA/07_round_2024_parents/FL24-1037_R2.fastq.gz
FLR12_89	/orange/munoz/jbenevenuto/WGS/RAWDATA/07_round_2024_parents/FLR12-89_R1.fastq.gz	/orange/munoz/jbenevenuto/WGS/RAWDATA/07_round_2024_parents/FLR12-89_R2.fastq.gz
FL09_167	/orange/munoz/jbenevenuto/WGS/RAWDATA/08_round_2025_parents/FL09-167_R1.fastq.gz	/orange/munoz/jbenevenuto/WGS/RAWDATA/08_round_2025_parents/FL09-167_R2.fastq.gz
FL11_128	/orange/munoz/jbenevenuto/WGS/RAWDATA/08_round_2025_parents/FL11-128_R1.fastq.gz	/orange/munoz/jbenevenuto/WGS/RAWDATA/08_round_2025_parents/FL11-128_R2.fastq.gz
FL11_137	/orange/munoz/jbenevenuto/WGS/RAWDATA/08_round_2025_parents/FL11-137_R1.fastq.gz	/orange/munoz/jbenevenuto/WGS/RAWDATA/08_round_2025_parents/FL11-137_R2.fastq.gz
FL12_255	/orange/munoz/jbenevenuto/WGS/RAWDATA/08_round_2025_parents/FL12-255_R1.fastq.gz	/orange/munoz/jbenevenuto/WGS/RAWDATA/08_round_2025_parents/FL12-255_R2.fastq.gz
FL12_257	/orange/munoz/jbenevenuto/WGS/RAWDATA/08_round_2025_parents/FL12-257_R1.fastq.gz	/orange/munoz/jbenevenuto/WGS/RAWDATA/08_round_2025_parents/FL12-257_R2.fastq.gz
FL13_26	/orange/munoz/jbenevenuto/WGS/RAWDATA/08_round_2025_parents/FL13-26_R1.fastq.gz	/orange/munoz/jbenevenuto/WGS/RAWDATA/08_round_2025_parents/FL13-26_R2.fastq.gz
FL14_184	/orange/munoz/jbenevenuto/WGS/RAWDATA/08_round_2025_parents/FL14-184_R1.fastq.gz	/orange/munoz/jbenevenuto/WGS/RAWDATA/08_round_2025_parents/FL14-184_R2.fastq.gz
FL15_135	/orange/munoz/jbenevenuto/WGS/RAWDATA/08_round_2025_parents/FL15-135_R1.fastq.gz	/orange/munoz/jbenevenuto/WGS/RAWDATA/08_round_2025_parents/FL15-135_R2.fastq.gz
FL15_190	/orange/munoz/jbenevenuto/WGS/RAWDATA/08_round_2025_parents/FL15-190_R1.fastq.gz	/orange/munoz/jbenevenuto/WGS/RAWDATA/08_round_2025_parents/FL15-190_R2.fastq.gz
FL15_80	/orange/munoz/jbenevenuto/WGS/RAWDATA/08_round_2025_parents/FL15-80_R1.fastq.gz	/orange/munoz/jbenevenuto/WGS/RAWDATA/08_round_2025_parents/FL15-80_R2.fastq.gz
FL15_92	/orange/munoz/jbenevenuto/WGS/RAWDATA/08_round_2025_parents/FL15-92_R1.fastq.gz	/orange/munoz/jbenevenuto/WGS/RAWDATA/08_round_2025_parents/FL15-92_R2.fastq.gz
FL16_111	/orange/munoz/jbenevenuto/WGS/RAWDATA/08_round_2025_parents/FL16-111_R1.fastq.gz	/orange/munoz/jbenevenuto/WGS/RAWDATA/08_round_2025_parents/FL16-111_R2.fastq.gz
FL16_117	/orange/munoz/jbenevenuto/WGS/RAWDATA/08_round_2025_parents/FL16-117_R1.fastq.gz	/orange/munoz/jbenevenuto/WGS/RAWDATA/08_round_2025_parents/FL16-117_R2.fastq.gz
FL16_119	/orange/munoz/jbenevenuto/WGS/RAWDATA/08_round_2025_parents/FL16-119_R1.fastq.gz	/orange/munoz/jbenevenuto/WGS/RAWDATA/08_round_2025_parents/FL16-119_R2.fastq.gz
FL16_125	/orange/munoz/jbenevenuto/WGS/RAWDATA/08_round_2025_parents/FL16-125_R1.fastq.gz	/orange/munoz/jbenevenuto/WGS/RAWDATA/08_round_2025_parents/FL16-125_R2.fastq.gz
FL16_134	/orange/munoz/jbenevenuto/WGS/RAWDATA/08_round_2025_parents/FL16-134_R1.fastq.gz	/orange/munoz/jbenevenuto/WGS/RAWDATA/08_round_2025_parents/FL16-134_R2.fastq.gz
FL16_159	/orange/munoz/jbenevenuto/WGS/RAWDATA/08_round_2025_parents/FL16-159_R1.fastq.gz	/orange/munoz/jbenevenuto/WGS/RAWDATA/08_round_2025_parents/FL16-159_R2.fastq.gz
FL16_170	/orange/munoz/jbenevenuto/WGS/RAWDATA/08_round_2025_parents/FL16-170_R1.fastq.gz	/orange/munoz/jbenevenuto/WGS/RAWDATA/08_round_2025_parents/FL16-170_R2.fastq.gz
FL16_192	/orange/munoz/jbenevenuto/WGS/RAWDATA/08_round_2025_parents/FL16-192_R1.fastq.gz	/orange/munoz/jbenevenuto/WGS/RAWDATA/08_round_2025_parents/FL16-192_R2.fastq.gz
FL16_200	/orange/munoz/jbenevenuto/WGS/RAWDATA/08_round_2025_parents/FL16-200_R1.fastq.gz	/orange/munoz/jbenevenuto/WGS/RAWDATA/08_round_2025_parents/FL16-200_R2.fastq.gz
FL16_54	/orange/munoz/jbenevenuto/WGS/RAWDATA/08_round_2025_parents/FL16-54_R1.fastq.gz	/orange/munoz/jbenevenuto/WGS/RAWDATA/08_round_2025_parents/FL16-54_R2.fastq.gz
FL16_64	/orange/munoz/jbenevenuto/WGS/RAWDATA/08_round_2025_parents/FL16-64_R1.fastq.gz	/orange/munoz/jbenevenuto/WGS/RAWDATA/08_round_2025_parents/FL16-64_R2.fastq.gz
FL16_66	/orange/munoz/jbenevenuto/WGS/RAWDATA/08_round_2025_parents/FL16-66_R1.fastq.gz	/orange/munoz/jbenevenuto/WGS/RAWDATA/08_round_2025_parents/FL16-66_R2.fastq.gz
FL16_82	/orange/munoz/jbenevenuto/WGS/RAWDATA/08_round_2025_parents/FL16-82_R1.fastq.gz	/orange/munoz/jbenevenuto/WGS/RAWDATA/08_round_2025_parents/FL16-82_R2.fastq.gz
FL16_87	/orange/munoz/jbenevenuto/WGS/RAWDATA/08_round_2025_parents/FL16-87_R1.fastq.gz	/orange/munoz/jbenevenuto/WGS/RAWDATA/08_round_2025_parents/FL16-87_R2.fastq.gz
FL16_93	/orange/munoz/jbenevenuto/WGS/RAWDATA/08_round_2025_parents/FL16-93_R1.fastq.gz	/orange/munoz/jbenevenuto/WGS/RAWDATA/08_round_2025_parents/FL16-93_R2.fastq.gz
FL16_97	/orange/munoz/jbenevenuto/WGS/RAWDATA/08_round_2025_parents/FL16-97_R1.fastq.gz	/orange/munoz/jbenevenuto/WGS/RAWDATA/08_round_2025_parents/FL16-97_R2.fastq.gz
FL16_99	/orange/munoz/jbenevenuto/WGS/RAWDATA/08_round_2025_parents/FL16-99_R1.fastq.gz	/orange/munoz/jbenevenuto/WGS/RAWDATA/08_round_2025_parents/FL16-99_R2.fastq.gz
FL17_101	/orange/munoz/jbenevenuto/WGS/RAWDATA/08_round_2025_parents/FL17-101_R1.fastq.gz	/orange/munoz/jbenevenuto/WGS/RAWDATA/08_round_2025_parents/FL17-101_R2.fastq.gz
FL17_105	/orange/munoz/jbenevenuto/WGS/RAWDATA/08_round_2025_parents/FL17-105_R1.fastq.gz	/orange/munoz/jbenevenuto/WGS/RAWDATA/08_round_2025_parents/FL17-105_R2.fastq.gz
FL17_114	/orange/munoz/jbenevenuto/WGS/RAWDATA/08_round_2025_parents/FL17-114_R1.fastq.gz	/orange/munoz/jbenevenuto/WGS/RAWDATA/08_round_2025_parents/FL17-114_R2.fastq.gz
FL17_14	/orange/munoz/jbenevenuto/WGS/RAWDATA/08_round_2025_parents/FL17-14_R1.fastq.gz	/orange/munoz/jbenevenuto/WGS/RAWDATA/08_round_2025_parents/FL17-14_R2.fastq.gz
FL17_162	/orange/munoz/jbenevenuto/WGS/RAWDATA/08_round_2025_parents/FL17-162_R1.fastq.gz	/orange/munoz/jbenevenuto/WGS/RAWDATA/08_round_2025_parents/FL17-162_R2.fastq.gz
FL18_137	/orange/munoz/jbenevenuto/WGS/RAWDATA/08_round_2025_parents/FL18-137_R1.fastq.gz	/orange/munoz/jbenevenuto/WGS/RAWDATA/08_round_2025_parents/FL18-137_R2.fastq.gz
FL18_148	/orange/munoz/jbenevenuto/WGS/RAWDATA/08_round_2025_parents/FL18-148_R1.fastq.gz	/orange/munoz/jbenevenuto/WGS/RAWDATA/08_round_2025_parents/FL18-148_R2.fastq.gz
FL18_161	/orange/munoz/jbenevenuto/WGS/RAWDATA/08_round_2025_parents/FL18-161_R1.fastq.gz	/orange/munoz/jbenevenuto/WGS/RAWDATA/08_round_2025_parents/FL18-161_R2.fastq.gz
FL18_188	/orange/munoz/jbenevenuto/WGS/RAWDATA/08_round_2025_parents/FL18-188_R1.fastq.gz	/orange/munoz/jbenevenuto/WGS/RAWDATA/08_round_2025_parents/FL18-188_R2.fastq.gz
FL18_9	/orange/munoz/jbenevenuto/WGS/RAWDATA/08_round_2025_parents/FL18-9_R1.fastq.gz	/orange/munoz/jbenevenuto/WGS/RAWDATA/08_round_2025_parents/FL18-9_R2.fastq.gz
FL19_108_5	/orange/munoz/jbenevenuto/WGS/RAWDATA/08_round_2025_parents/FL19.108-5_R1.fastq.gz	/orange/munoz/jbenevenuto/WGS/RAWDATA/08_round_2025_parents/FL19.108-5_R2.fastq.gz
FL19_13_1	/orange/munoz/jbenevenuto/WGS/RAWDATA/08_round_2025_parents/FL19.13-1_R1.fastq.gz	/orange/munoz/jbenevenuto/WGS/RAWDATA/08_round_2025_parents/FL19.13-1_R2.fastq.gz
FL19_143	/orange/munoz/jbenevenuto/WGS/RAWDATA/08_round_2025_parents/FL19-143_R1.fastq.gz	/orange/munoz/jbenevenuto/WGS/RAWDATA/08_round_2025_parents/FL19-143_R2.fastq.gz
FL19_144	/orange/munoz/jbenevenuto/WGS/RAWDATA/08_round_2025_parents/FL19-144_R1.fastq.gz	/orange/munoz/jbenevenuto/WGS/RAWDATA/08_round_2025_parents/FL19-144_R2.fastq.gz
FL19_15	/orange/munoz/jbenevenuto/WGS/RAWDATA/08_round_2025_parents/FL19-15_R1.fastq.gz	/orange/munoz/jbenevenuto/WGS/RAWDATA/08_round_2025_parents/FL19-15_R2.fastq.gz
FL19_49_2	/orange/munoz/jbenevenuto/WGS/RAWDATA/08_round_2025_parents/FL19.49-2_R1.fastq.gz	/orange/munoz/jbenevenuto/WGS/RAWDATA/08_round_2025_parents/FL19.49-2_R2.fastq.gz
FL19_86	/orange/munoz/jbenevenuto/WGS/RAWDATA/08_round_2025_parents/FL19-86_R1.fastq.gz	/orange/munoz/jbenevenuto/WGS/RAWDATA/08_round_2025_parents/FL19-86_R2.fastq.gz
FL19_99_1	/orange/munoz/jbenevenuto/WGS/RAWDATA/08_round_2025_parents/FL19.99-1_R1.fastq.gz	/orange/munoz/jbenevenuto/WGS/RAWDATA/08_round_2025_parents/FL19.99-1_R2.fastq.gz
FL20_0094	/orange/munoz/jbenevenuto/WGS/RAWDATA/08_round_2025_parents/FL20-0094_R1.fastq.gz	/orange/munoz/jbenevenuto/WGS/RAWDATA/08_round_2025_parents/FL20-0094_R2.fastq.gz
FL20_040	/orange/munoz/jbenevenuto/WGS/RAWDATA/08_round_2025_parents/FL20-040_R1.fastq.gz	/orange/munoz/jbenevenuto/WGS/RAWDATA/08_round_2025_parents/FL20-040_R2.fastq.gz
FL20_111	/orange/munoz/jbenevenuto/WGS/RAWDATA/08_round_2025_parents/FL20-111_R1.fastq.gz	/orange/munoz/jbenevenuto/WGS/RAWDATA/08_round_2025_parents/FL20-111_R2.fastq.gz
FL21_0121	/orange/munoz/jbenevenuto/WGS/RAWDATA/08_round_2025_parents/FL21-0121_R1.fastq.gz	/orange/munoz/jbenevenuto/WGS/RAWDATA/08_round_2025_parents/FL21-0121_R2.fastq.gz
FL21_0260	/orange/munoz/jbenevenuto/WGS/RAWDATA/08_round_2025_parents/FL21-0260_R1.fastq.gz	/orange/munoz/jbenevenuto/WGS/RAWDATA/08_round_2025_parents/FL21-0260_R2.fastq.gz
FL21_0285	/orange/munoz/jbenevenuto/WGS/RAWDATA/08_round_2025_parents/FL21-0285_R1.fastq.gz	/orange/munoz/jbenevenuto/WGS/RAWDATA/08_round_2025_parents/FL21-0285_R2.fastq.gz
FL21_0323	/orange/munoz/jbenevenuto/WGS/RAWDATA/08_round_2025_parents/FL21-0323_R1.fastq.gz	/orange/munoz/jbenevenuto/WGS/RAWDATA/08_round_2025_parents/FL21-0323_R2.fastq.gz
FL21_0327	/orange/munoz/jbenevenuto/WGS/RAWDATA/08_round_2025_parents/FL21-0327_R1.fastq.gz	/orange/munoz/jbenevenuto/WGS/RAWDATA/08_round_2025_parents/FL21-0327_R2.fastq.gz
FL21_0334	/orange/munoz/jbenevenuto/WGS/RAWDATA/08_round_2025_parents/FL21-0334_R1.fastq.gz	/orange/munoz/jbenevenuto/WGS/RAWDATA/08_round_2025_parents/FL21-0334_R2.fastq.gz
FL21_0359	/orange/munoz/jbenevenuto/WGS/RAWDATA/08_round_2025_parents/FL21-0359_R1.fastq.gz	/orange/munoz/jbenevenuto/WGS/RAWDATA/08_round_2025_parents/FL21-0359_R2.fastq.gz
FL21_0497	/orange/munoz/jbenevenuto/WGS/RAWDATA/08_round_2025_parents/FL21-0497_R1.fastq.gz	/orange/munoz/jbenevenuto/WGS/RAWDATA/08_round_2025_parents/FL21-0497_R2.fastq.gz
FL21_0593	/orange/munoz/jbenevenuto/WGS/RAWDATA/08_round_2025_parents/FL21-0593_R1.fastq.gz	/orange/munoz/jbenevenuto/WGS/RAWDATA/08_round_2025_parents/FL21-0593_R2.fastq.gz
FL21_0600	/orange/munoz/jbenevenuto/WGS/RAWDATA/08_round_2025_parents/FL21-0600_R1.fastq.gz	/orange/munoz/jbenevenuto/WGS/RAWDATA/08_round_2025_parents/FL21-0600_R2.fastq.gz
FL21_0853	/orange/munoz/jbenevenuto/WGS/RAWDATA/08_round_2025_parents/FL21-0853_R1.fastq.gz	/orange/munoz/jbenevenuto/WGS/RAWDATA/08_round_2025_parents/FL21-0853_R2.fastq.gz
FL21_0922	/orange/munoz/jbenevenuto/WGS/RAWDATA/08_round_2025_parents/FL21-0922_R1.fastq.gz	/orange/munoz/jbenevenuto/WGS/RAWDATA/08_round_2025_parents/FL21-0922_R2.fastq.gz
FL21_0982	/orange/munoz/jbenevenuto/WGS/RAWDATA/08_round_2025_parents/FL21-0982_R1.fastq.gz	/orange/munoz/jbenevenuto/WGS/RAWDATA/08_round_2025_parents/FL21-0982_R2.fastq.gz
FL21_1116	/orange/munoz/jbenevenuto/WGS/RAWDATA/08_round_2025_parents/FL21-1116_R1.fastq.gz	/orange/munoz/jbenevenuto/WGS/RAWDATA/08_round_2025_parents/FL21-1116_R2.fastq.gz
FL21_1133	/orange/munoz/jbenevenuto/WGS/RAWDATA/08_round_2025_parents/FL21-1133_R1.fastq.gz	/orange/munoz/jbenevenuto/WGS/RAWDATA/08_round_2025_parents/FL21-1133_R2.fastq.gz
FL21_1200	/orange/munoz/jbenevenuto/WGS/RAWDATA/08_round_2025_parents/FL21-1200_R1.fastq.gz	/orange/munoz/jbenevenuto/WGS/RAWDATA/08_round_2025_parents/FL21-1200_R2.fastq.gz
FL21_1273	/orange/munoz/jbenevenuto/WGS/RAWDATA/08_round_2025_parents/FL21-1273_R1.fastq.gz	/orange/munoz/jbenevenuto/WGS/RAWDATA/08_round_2025_parents/FL21-1273_R2.fastq.gz
FL21_1351	/orange/munoz/jbenevenuto/WGS/RAWDATA/08_round_2025_parents/FL21-1351_R1.fastq.gz	/orange/munoz/jbenevenuto/WGS/RAWDATA/08_round_2025_parents/FL21-1351_R2.fastq.gz
FL21_1506	/orange/munoz/jbenevenuto/WGS/RAWDATA/08_round_2025_parents/FL21-1506_R1.fastq.gz	/orange/munoz/jbenevenuto/WGS/RAWDATA/08_round_2025_parents/FL21-1506_R2.fastq.gz
FL21_1508	/orange/munoz/jbenevenuto/WGS/RAWDATA/08_round_2025_parents/FL21-1508_R1.fastq.gz	/orange/munoz/jbenevenuto/WGS/RAWDATA/08_round_2025_parents/FL21-1508_R2.fastq.gz
FL21_543	/orange/munoz/jbenevenuto/WGS/RAWDATA/08_round_2025_parents/FL21-543_R1.fastq.gz	/orange/munoz/jbenevenuto/WGS/RAWDATA/08_round_2025_parents/FL21-543_R2.fastq.gz
FL22_0264	/orange/munoz/jbenevenuto/WGS/RAWDATA/08_round_2025_parents/FL22-0264_R1.fastq.gz	/orange/munoz/jbenevenuto/WGS/RAWDATA/08_round_2025_parents/FL22-0264_R2.fastq.gz
FL22_0297	/orange/munoz/jbenevenuto/WGS/RAWDATA/08_round_2025_parents/FL22-0297_R1.fastq.gz	/orange/munoz/jbenevenuto/WGS/RAWDATA/08_round_2025_parents/FL22-0297_R2.fastq.gz
FL22_0333	/orange/munoz/jbenevenuto/WGS/RAWDATA/08_round_2025_parents/FL22-0333_R1.fastq.gz	/orange/munoz/jbenevenuto/WGS/RAWDATA/08_round_2025_parents/FL22-0333_R2.fastq.gz
FL22_0698	/orange/munoz/jbenevenuto/WGS/RAWDATA/08_round_2025_parents/FL22-0698_R1.fastq.gz	/orange/munoz/jbenevenuto/WGS/RAWDATA/08_round_2025_parents/FL22-0698_R2.fastq.gz
FL22_0764	/orange/munoz/jbenevenuto/WGS/RAWDATA/08_round_2025_parents/FL22-0764_R1.fastq.gz	/orange/munoz/jbenevenuto/WGS/RAWDATA/08_round_2025_parents/FL22-0764_R2.fastq.gz
FL22_0808	/orange/munoz/jbenevenuto/WGS/RAWDATA/08_round_2025_parents/FL22-0808_R1.fastq.gz	/orange/munoz/jbenevenuto/WGS/RAWDATA/08_round_2025_parents/FL22-0808_R2.fastq.gz
FL22_0962	/orange/munoz/jbenevenuto/WGS/RAWDATA/08_round_2025_parents/FL22-0962_R1.fastq.gz	/orange/munoz/jbenevenuto/WGS/RAWDATA/08_round_2025_parents/FL22-0962_R2.fastq.gz
FL22_1143	/orange/munoz/jbenevenuto/WGS/RAWDATA/08_round_2025_parents/FL22-1143_R1.fastq.gz	/orange/munoz/jbenevenuto/WGS/RAWDATA/08_round_2025_parents/FL22-1143_R2.fastq.gz
FL22_1146	/orange/munoz/jbenevenuto/WGS/RAWDATA/08_round_2025_parents/FL22-1146_R1.fastq.gz	/orange/munoz/jbenevenuto/WGS/RAWDATA/08_round_2025_parents/FL22-1146_R2.fastq.gz
FL23_0119	/orange/munoz/jbenevenuto/WGS/RAWDATA/08_round_2025_parents/FL23-0119_R1.fastq.gz	/orange/munoz/jbenevenuto/WGS/RAWDATA/08_round_2025_parents/FL23-0119_R2.fastq.gz
FL23_0365	/orange/munoz/jbenevenuto/WGS/RAWDATA/08_round_2025_parents/FL23-0365_R1.fastq.gz	/orange/munoz/jbenevenuto/WGS/RAWDATA/08_round_2025_parents/FL23-0365_R2.fastq.gz
FL23_0774	/orange/munoz/jbenevenuto/WGS/RAWDATA/08_round_2025_parents/FL23-0774_R1.fastq.gz	/orange/munoz/jbenevenuto/WGS/RAWDATA/08_round_2025_parents/FL23-0774_R2.fastq.gz
FL24_0037	/orange/munoz/jbenevenuto/WGS/RAWDATA/08_round_2025_parents/FL24-0037_R1.fastq.gz	/orange/munoz/jbenevenuto/WGS/RAWDATA/08_round_2025_parents/FL24-0037_R2.fastq.gz
FL24_0040	/orange/munoz/jbenevenuto/WGS/RAWDATA/08_round_2025_parents/FL24-0040_R1.fastq.gz	/orange/munoz/jbenevenuto/WGS/RAWDATA/08_round_2025_parents/FL24-0040_R2.fastq.gz
FL24_0046	/orange/munoz/jbenevenuto/WGS/RAWDATA/08_round_2025_parents/FL24-0046_R1.fastq.gz	/orange/munoz/jbenevenuto/WGS/RAWDATA/08_round_2025_parents/FL24-0046_R2.fastq.gz
FL24_0112	/orange/munoz/jbenevenuto/WGS/RAWDATA/08_round_2025_parents/FL24-0112_R1.fastq.gz	/orange/munoz/jbenevenuto/WGS/RAWDATA/08_round_2025_parents/FL24-0112_R2.fastq.gz
FL24_0169	/orange/munoz/jbenevenuto/WGS/RAWDATA/08_round_2025_parents/FL24-0169_R1.fastq.gz	/orange/munoz/jbenevenuto/WGS/RAWDATA/08_round_2025_parents/FL24-0169_R2.fastq.gz
FL24_0179	/orange/munoz/jbenevenuto/WGS/RAWDATA/08_round_2025_parents/FL24-0179_R1.fastq.gz	/orange/munoz/jbenevenuto/WGS/RAWDATA/08_round_2025_parents/FL24-0179_R2.fastq.gz
FL24_0317	/orange/munoz/jbenevenuto/WGS/RAWDATA/08_round_2025_parents/FL24-0317_R1.fastq.gz	/orange/munoz/jbenevenuto/WGS/RAWDATA/08_round_2025_parents/FL24-0317_R2.fastq.gz
FL24_0389	/orange/munoz/jbenevenuto/WGS/RAWDATA/08_round_2025_parents/FL24-0389_R1.fastq.gz	/orange/munoz/jbenevenuto/WGS/RAWDATA/08_round_2025_parents/FL24-0389_R2.fastq.gz
FL24_0400	/orange/munoz/jbenevenuto/WGS/RAWDATA/08_round_2025_parents/FL24-0400_R1.fastq.gz	/orange/munoz/jbenevenuto/WGS/RAWDATA/08_round_2025_parents/FL24-0400_R2.fastq.gz
FL24_0402	/orange/munoz/jbenevenuto/WGS/RAWDATA/08_round_2025_parents/FL24-0402_R1.fastq.gz	/orange/munoz/jbenevenuto/WGS/RAWDATA/08_round_2025_parents/FL24-0402_R2.fastq.gz
FL24_0526	/orange/munoz/jbenevenuto/WGS/RAWDATA/08_round_2025_parents/FL24-0526_R1.fastq.gz	/orange/munoz/jbenevenuto/WGS/RAWDATA/08_round_2025_parents/FL24-0526_R2.fastq.gz
FL24_0533	/orange/munoz/jbenevenuto/WGS/RAWDATA/08_round_2025_parents/FL24-0533_R1.fastq.gz	/orange/munoz/jbenevenuto/WGS/RAWDATA/08_round_2025_parents/FL24-0533_R2.fastq.gz
FL24_0597	/orange/munoz/jbenevenuto/WGS/RAWDATA/08_round_2025_parents/FL24-0597_R1.fastq.gz	/orange/munoz/jbenevenuto/WGS/RAWDATA/08_round_2025_parents/FL24-0597_R2.fastq.gz
FL24_0671	/orange/munoz/jbenevenuto/WGS/RAWDATA/08_round_2025_parents/FL24-0671_R1.fastq.gz	/orange/munoz/jbenevenuto/WGS/RAWDATA/08_round_2025_parents/FL24-0671_R2.fastq.gz
FL24_0672	/orange/munoz/jbenevenuto/WGS/RAWDATA/08_round_2025_parents/FL24-0672_R1.fastq.gz	/orange/munoz/jbenevenuto/WGS/RAWDATA/08_round_2025_parents/FL24-0672_R2.fastq.gz
FL24_0674	/orange/munoz/jbenevenuto/WGS/RAWDATA/08_round_2025_parents/FL24-0674_R1.fastq.gz	/orange/munoz/jbenevenuto/WGS/RAWDATA/08_round_2025_parents/FL24-0674_R2.fastq.gz
FL24_0680	/orange/munoz/jbenevenuto/WGS/RAWDATA/08_round_2025_parents/FL24-0680_R1.fastq.gz	/orange/munoz/jbenevenuto/WGS/RAWDATA/08_round_2025_parents/FL24-0680_R2.fastq.gz
FL24_0713	/orange/munoz/jbenevenuto/WGS/RAWDATA/08_round_2025_parents/FL24-0713_R1.fastq.gz	/orange/munoz/jbenevenuto/WGS/RAWDATA/08_round_2025_parents/FL24-0713_R2.fastq.gz
FL24_0714	/orange/munoz/jbenevenuto/WGS/RAWDATA/08_round_2025_parents/FL24-0714_R1.fastq.gz	/orange/munoz/jbenevenuto/WGS/RAWDATA/08_round_2025_parents/FL24-0714_R2.fastq.gz
FL24_0720	/orange/munoz/jbenevenuto/WGS/RAWDATA/08_round_2025_parents/FL24-0720_R1.fastq.gz	/orange/munoz/jbenevenuto/WGS/RAWDATA/08_round_2025_parents/FL24-0720_R2.fastq.gz
FL24_0788	/orange/munoz/jbenevenuto/WGS/RAWDATA/08_round_2025_parents/FL24-0788_R1.fastq.gz	/orange/munoz/jbenevenuto/WGS/RAWDATA/08_round_2025_parents/FL24-0788_R2.fastq.gz
FL24_0793	/orange/munoz/jbenevenuto/WGS/RAWDATA/08_round_2025_parents/FL24-0793_R1.fastq.gz	/orange/munoz/jbenevenuto/WGS/RAWDATA/08_round_2025_parents/FL24-0793_R2.fastq.gz
FL24_0794	/orange/munoz/jbenevenuto/WGS/RAWDATA/08_round_2025_parents/FL24-0794_R1.fastq.gz	/orange/munoz/jbenevenuto/WGS/RAWDATA/08_round_2025_parents/FL24-0794_R2.fastq.gz
FL24_1373	/orange/munoz/jbenevenuto/WGS/RAWDATA/08_round_2025_parents/FL24-1373_R1.fastq.gz	/orange/munoz/jbenevenuto/WGS/RAWDATA/08_round_2025_parents/FL24-1373_R2.fastq.gz
FL25_0069	/orange/munoz/jbenevenuto/WGS/RAWDATA/08_round_2025_parents/FL25-0069_R1.fastq.gz	/orange/munoz/jbenevenuto/WGS/RAWDATA/08_round_2025_parents/FL25-0069_R2.fastq.gz
FL25_0079	/orange/munoz/jbenevenuto/WGS/RAWDATA/08_round_2025_parents/FL25-0079_R1.fastq.gz	/orange/munoz/jbenevenuto/WGS/RAWDATA/08_round_2025_parents/FL25-0079_R2.fastq.gz
FL25_0140	/orange/munoz/jbenevenuto/WGS/RAWDATA/08_round_2025_parents/FL25-0140_R1.fastq.gz	/orange/munoz/jbenevenuto/WGS/RAWDATA/08_round_2025_parents/FL25-0140_R2.fastq.gz
FL25_0150	/orange/munoz/jbenevenuto/WGS/RAWDATA/08_round_2025_parents/FL25-0150_R1.fastq.gz	/orange/munoz/jbenevenuto/WGS/RAWDATA/08_round_2025_parents/FL25-0150_R2.fastq.gz
FL25_0227	/orange/munoz/jbenevenuto/WGS/RAWDATA/08_round_2025_parents/FL25-0227_R1.fastq.gz	/orange/munoz/jbenevenuto/WGS/RAWDATA/08_round_2025_parents/FL25-0227_R2.fastq.gz
FL25_0229	/orange/munoz/jbenevenuto/WGS/RAWDATA/08_round_2025_parents/FL25-0229_R1.fastq.gz	/orange/munoz/jbenevenuto/WGS/RAWDATA/08_round_2025_parents/FL25-0229_R2.fastq.gz
FL25_0235	/orange/munoz/jbenevenuto/WGS/RAWDATA/08_round_2025_parents/FL25-0235_R1.fastq.gz	/orange/munoz/jbenevenuto/WGS/RAWDATA/08_round_2025_parents/FL25-0235_R2.fastq.gz
FL25_0237	/orange/munoz/jbenevenuto/WGS/RAWDATA/08_round_2025_parents/FL25-0237_R1.fastq.gz	/orange/munoz/jbenevenuto/WGS/RAWDATA/08_round_2025_parents/FL25-0237_R2.fastq.gz
FL25_0238	/orange/munoz/jbenevenuto/WGS/RAWDATA/08_round_2025_parents/FL25-0238_R1.fastq.gz	/orange/munoz/jbenevenuto/WGS/RAWDATA/08_round_2025_parents/FL25-0238_R2.fastq.gz
FL25_0240	/orange/munoz/jbenevenuto/WGS/RAWDATA/08_round_2025_parents/FL25-0240_R1.fastq.gz	/orange/munoz/jbenevenuto/WGS/RAWDATA/08_round_2025_parents/FL25-0240_R2.fastq.gz
FL25_0246	/orange/munoz/jbenevenuto/WGS/RAWDATA/08_round_2025_parents/FL25-0246_R1.fastq.gz	/orange/munoz/jbenevenuto/WGS/RAWDATA/08_round_2025_parents/FL25-0246_R2.fastq.gz
FL25_0248	/orange/munoz/jbenevenuto/WGS/RAWDATA/08_round_2025_parents/FL25-0248_R1.fastq.gz	/orange/munoz/jbenevenuto/WGS/RAWDATA/08_round_2025_parents/FL25-0248_R2.fastq.gz
FL25_0538	/orange/munoz/jbenevenuto/WGS/RAWDATA/08_round_2025_parents/FL25-0538_R1.fastq.gz	/orange/munoz/jbenevenuto/WGS/RAWDATA/08_round_2025_parents/FL25-0538_R2.fastq.gz
FL25_0639	/orange/munoz/jbenevenuto/WGS/RAWDATA/08_round_2025_parents/FL25-0639_R1.fastq.gz	/orange/munoz/jbenevenuto/WGS/RAWDATA/08_round_2025_parents/FL25-0639_R2.fastq.gz
FL25_0640	/orange/munoz/jbenevenuto/WGS/RAWDATA/08_round_2025_parents/FL25-0640_R1.fastq.gz	/orange/munoz/jbenevenuto/WGS/RAWDATA/08_round_2025_parents/FL25-0640_R2.fastq.gz
FL25_0641	/orange/munoz/jbenevenuto/WGS/RAWDATA/08_round_2025_parents/FL25-0641_R1.fastq.gz	/orange/munoz/jbenevenuto/WGS/RAWDATA/08_round_2025_parents/FL25-0641_R2.fastq.gz
FL25_0643	/orange/munoz/jbenevenuto/WGS/RAWDATA/08_round_2025_parents/FL25-0643_R1.fastq.gz	/orange/munoz/jbenevenuto/WGS/RAWDATA/08_round_2025_parents/FL25-0643_R2.fastq.gz
FL25_0754	/orange/munoz/jbenevenuto/WGS/RAWDATA/08_round_2025_parents/FL25-0754_R1.fastq.gz	/orange/munoz/jbenevenuto/WGS/RAWDATA/08_round_2025_parents/FL25-0754_R2.fastq.gz
FL25_0849	/orange/munoz/jbenevenuto/WGS/RAWDATA/08_round_2025_parents/FL25-0849_R1.fastq.gz	/orange/munoz/jbenevenuto/WGS/RAWDATA/08_round_2025_parents/FL25-0849_R2.fastq.gz
FLR14_449	/orange/munoz/jbenevenuto/WGS/RAWDATA/08_round_2025_parents/FLR14-449_R1.fastq.gz	/orange/munoz/jbenevenuto/WGS/RAWDATA/08_round_2025_parents/FLR14-449_R2.fastq.gz
Vvirgatum_FloridaRose	/orange/munoz/jbenevenuto/WGS/RAWDATA/08_round_2025_parents/Vvirgatum_FloridaRose_R1.fastq.gz	/orange/munoz/jbenevenuto/WGS/RAWDATA/08_round_2025_parents/Vvirgatum_FloridaRose_R2.fastq.gz
NHB_Arlen_Rp	/orange/munoz/jbenevenuto/WGS/RAWDATA/Redpath2022/NHB_Arlen_Rp_R1.fastq.gz	/orange/munoz/jbenevenuto/WGS/RAWDATA/Redpath2022/NHB_Arlen_Rp_R2.fastq.gz
SHB_ONeal_Rp	/orange/munoz/jbenevenuto/WGS/RAWDATA/Redpath2022/SHB_ONeal_Rp_R1.fastq.gz	/orange/munoz/jbenevenuto/WGS/RAWDATA/Redpath2022/SHB_ONeal_Rp_R2.fastq.gz
SHB_Reveille_Rp	/orange/munoz/jbenevenuto/WGS/RAWDATA/Redpath2022/SHB_Reveille_Rp_R1.fastq.gz	/orange/munoz/jbenevenuto/WGS/RAWDATA/Redpath2022/SHB_Reveille_Rp_R2.fastq.gz
Vangustifolium_PI666760	/orange/munoz/jbenevenuto/WGS/RAWDATA/Redpath2022/Vangustifolium_PI666760_R1.fastq.gz	/orange/munoz/jbenevenuto/WGS/RAWDATA/Redpath2022/Vangustifolium_PI666760_R2.fastq.gz
Vangustifolium_USAMaine	/orange/munoz/jbenevenuto/WGS/RAWDATA/Redpath2022/Vangustifolium_USAMaine_R1.fastq.gz	/orange/munoz/jbenevenuto/WGS/RAWDATA/Redpath2022/Vangustifolium_USAMaine_R2.fastq.gz
Varboreum_NC3739	/orange/munoz/jbenevenuto/WGS/RAWDATA/Redpath2022/Varboreum_NC3739_R1.fastq.gz	/orange/munoz/jbenevenuto/WGS/RAWDATA/Redpath2022/Varboreum_NC3739_R2.fastq.gz
Varboreum_NC3740	/orange/munoz/jbenevenuto/WGS/RAWDATA/Redpath2022/Varboreum_NC3740_R1.fastq.gz	/orange/munoz/jbenevenuto/WGS/RAWDATA/Redpath2022/Varboreum_NC3740_R2.fastq.gz
Varctostaphylos_ID	/orange/munoz/jbenevenuto/WGS/RAWDATA/Redpath2022/Varctostaphylos_ID_R1.fastq.gz	/orange/munoz/jbenevenuto/WGS/RAWDATA/Redpath2022/Varctostaphylos_ID_R2.fastq.gz
Vboreale_NJ_88_29_33	/orange/munoz/jbenevenuto/WGS/RAWDATA/Redpath2022/Vboreale_NJ-88-29-33_R1.fastq.gz	/orange/munoz/jbenevenuto/WGS/RAWDATA/Redpath2022/Vboreale_NJ-88-29-33_R2.fastq.gz
Vboreale_PI666759	/orange/munoz/jbenevenuto/WGS/RAWDATA/Redpath2022/Vboreale_PI666759_R1.fastq.gz	/orange/munoz/jbenevenuto/WGS/RAWDATA/Redpath2022/Vboreale_PI666759_R2.fastq.gz
Vcaesariense_W85_20	/orange/munoz/jbenevenuto/WGS/RAWDATA/Redpath2022/Vcaesariense_W85-20_R1.fastq.gz	/orange/munoz/jbenevenuto/WGS/RAWDATA/Redpath2022/Vcaesariense_W85-20_R2.fastq.gz
Vconsanguineum_CorvallisRep	/orange/munoz/jbenevenuto/WGS/RAWDATA/Redpath2022/Vconsanguineum_CorvallisRep_R1.fastq.gz	/orange/munoz/jbenevenuto/WGS/RAWDATA/Redpath2022/Vconsanguineum_CorvallisRep_R2.fastq.gz
Vconsanguineum_NC	/orange/munoz/jbenevenuto/WGS/RAWDATA/Redpath2022/Vconsanguineum_NC_R1.fastq.gz	/orange/munoz/jbenevenuto/WGS/RAWDATA/Redpath2022/Vconsanguineum_NC_R2.fastq.gz
Vconstablaei_NC83_28_3	/orange/munoz/jbenevenuto/WGS/RAWDATA/Redpath2022/Vconstablaei_NC83-28-3_R1.fastq.gz	/orange/munoz/jbenevenuto/WGS/RAWDATA/Redpath2022/Vconstablaei_NC83-28-3_R2.fastq.gz
Vconstablaei_NC86_40_2	/orange/munoz/jbenevenuto/WGS/RAWDATA/Redpath2022/Vconstablaei_NC86-40-2_R1.fastq.gz	/orange/munoz/jbenevenuto/WGS/RAWDATA/Redpath2022/Vconstablaei_NC86-40-2_R2.fastq.gz
Vcrassifolium_Bloodstone	/orange/munoz/jbenevenuto/WGS/RAWDATA/Redpath2022/Vcrassifolium_Bloodstone_R1.fastq.gz	/orange/munoz/jbenevenuto/WGS/RAWDATA/Redpath2022/Vcrassifolium_Bloodstone_R2.fastq.gz
Vcrassifolium_NC80_16_1	/orange/munoz/jbenevenuto/WGS/RAWDATA/Redpath2022/Vcrassifolium_NC80-16-1_R1.fastq.gz	/orange/munoz/jbenevenuto/WGS/RAWDATA/Redpath2022/Vcrassifolium_NC80-16-1_R2.fastq.gz
Vcylindraceum_PI554901	/orange/munoz/jbenevenuto/WGS/RAWDATA/Redpath2022/Vcylindraceum_PI554901_R1.fastq.gz	/orange/munoz/jbenevenuto/WGS/RAWDATA/Redpath2022/Vcylindraceum_PI554901_R2.fastq.gz
Vcylindraceum_PI618121	/orange/munoz/jbenevenuto/WGS/RAWDATA/Redpath2022/Vcylindraceum_PI618121_R1.fastq.gz	/orange/munoz/jbenevenuto/WGS/RAWDATA/Redpath2022/Vcylindraceum_PI618121_R2.fastq.gz
Vdarrowii_JohnBlue	/orange/munoz/jbenevenuto/WGS/RAWDATA/Redpath2022/Vdarrowii_JohnBlue_R1.fastq.gz	/orange/munoz/jbenevenuto/WGS/RAWDATA/Redpath2022/Vdarrowii_JohnBlue_R2.fastq.gz
Vdarrowii_NC2282	/orange/munoz/jbenevenuto/WGS/RAWDATA/Redpath2022/Vdarrowii_NC2282_R1.fastq.gz	/orange/munoz/jbenevenuto/WGS/RAWDATA/Redpath2022/Vdarrowii_NC2282_R2.fastq.gz
Velliottii_NC95_1_6	/orange/munoz/jbenevenuto/WGS/RAWDATA/Redpath2022/Velliottii_NC95-1-6_R1.fastq.gz	/orange/munoz/jbenevenuto/WGS/RAWDATA/Redpath2022/Velliottii_NC95-1-6_R2.fastq.gz
Velliottii_PI346621	/orange/munoz/jbenevenuto/WGS/RAWDATA/Redpath2022/Velliottii_PI346621_R1.fastq.gz	/orange/munoz/jbenevenuto/WGS/RAWDATA/Redpath2022/Velliottii_PI346621_R2.fastq.gz
Velliottii_PI346623	/orange/munoz/jbenevenuto/WGS/RAWDATA/Redpath2022/Velliottii_PI346623_R1.fastq.gz	/orange/munoz/jbenevenuto/WGS/RAWDATA/Redpath2022/Velliottii_PI346623_R2.fastq.gz
Vformosum_NC3325	/orange/munoz/jbenevenuto/WGS/RAWDATA/Redpath2022/Vformosum_NC3325_R1.fastq.gz	/orange/munoz/jbenevenuto/WGS/RAWDATA/Redpath2022/Vformosum_NC3325_R2.fastq.gz
Vfuscatum_F2B1Sandhills	/orange/munoz/jbenevenuto/WGS/RAWDATA/Redpath2022/Vfuscatum_F2B1Sandhills_R1.fastq.gz	/orange/munoz/jbenevenuto/WGS/RAWDATA/Redpath2022/Vfuscatum_F2B1Sandhills_R2.fastq.gz
Vfuscatum_NC80_22_1	/orange/munoz/jbenevenuto/WGS/RAWDATA/Redpath2022/Vfuscatum_NC80-22-1_R1.fastq.gz	/orange/munoz/jbenevenuto/WGS/RAWDATA/Redpath2022/Vfuscatum_NC80-22-1_R2.fastq.gz
Vfuscatum_NC99_3_1	/orange/munoz/jbenevenuto/WGS/RAWDATA/Redpath2022/Vfuscatum_NC99-3-1_R1.fastq.gz	/orange/munoz/jbenevenuto/WGS/RAWDATA/Redpath2022/Vfuscatum_NC99-3-1_R2.fastq.gz
Vhirsutum_NJ90_54_13	/orange/munoz/jbenevenuto/WGS/RAWDATA/Redpath2022/Vhirsutum_NJ90-54-13_R1.fastq.gz	/orange/munoz/jbenevenuto/WGS/RAWDATA/Redpath2022/Vhirsutum_NJ90-54-13_R2.fastq.gz
Vhirsutum_NJ90_54_15	/orange/munoz/jbenevenuto/WGS/RAWDATA/Redpath2022/Vhirsutum_NJ90-54-15_R1.fastq.gz	/orange/munoz/jbenevenuto/WGS/RAWDATA/Redpath2022/Vhirsutum_NJ90-54-15_R2.fastq.gz
Vmembranaceum_PI555062	/orange/munoz/jbenevenuto/WGS/RAWDATA/Redpath2022/Vmembranaceum_PI555062_R1.fastq.gz	/orange/munoz/jbenevenuto/WGS/RAWDATA/Redpath2022/Vmembranaceum_PI555062_R2.fastq.gz
Vmembranaceum_PI613646	/orange/munoz/jbenevenuto/WGS/RAWDATA/Redpath2022/Vmembranaceum_PI613646_R1.fastq.gz	/orange/munoz/jbenevenuto/WGS/RAWDATA/Redpath2022/Vmembranaceum_PI613646_R2.fastq.gz
Vmyrsinites_NC80_2_14	/orange/munoz/jbenevenuto/WGS/RAWDATA/Redpath2022/Vmyrsinites_NC80-2-14_R1.fastq.gz	/orange/munoz/jbenevenuto/WGS/RAWDATA/Redpath2022/Vmyrsinites_NC80-2-14_R2.fastq.gz
Vmyrtilloides_NC96_53_2	/orange/munoz/jbenevenuto/WGS/RAWDATA/Redpath2022/Vmyrtilloides_NC96-53-2_R1.fastq.gz	/orange/munoz/jbenevenuto/WGS/RAWDATA/Redpath2022/Vmyrtilloides_NC96-53-2_R2.fastq.gz
Vmyrtilloides_PI296414	/orange/munoz/jbenevenuto/WGS/RAWDATA/Redpath2022/Vmyrtilloides_PI296414_R1.fastq.gz	/orange/munoz/jbenevenuto/WGS/RAWDATA/Redpath2022/Vmyrtilloides_PI296414_R2.fastq.gz
Vmyrtilloides_PI638385	/orange/munoz/jbenevenuto/WGS/RAWDATA/Redpath2022/Vmyrtilloides_PI638385_R1.fastq.gz	/orange/munoz/jbenevenuto/WGS/RAWDATA/Redpath2022/Vmyrtilloides_PI638385_R2.fastq.gz
Vmyrtillus_Austria	/orange/munoz/jbenevenuto/WGS/RAWDATA/Redpath2022/Vmyrtillus_Austria_R1.fastq.gz	/orange/munoz/jbenevenuto/WGS/RAWDATA/Redpath2022/Vmyrtillus_Austria_R2.fastq.gz
Vovalifolium_PI613665	/orange/munoz/jbenevenuto/WGS/RAWDATA/Redpath2022/Vovalifolium_PI613665_R1.fastq.gz	/orange/munoz/jbenevenuto/WGS/RAWDATA/Redpath2022/Vovalifolium_PI613665_R2.fastq.gz
Vovalifolium_PI638403	/orange/munoz/jbenevenuto/WGS/RAWDATA/Redpath2022/Vovalifolium_PI638403_R1.fastq.gz	/orange/munoz/jbenevenuto/WGS/RAWDATA/Redpath2022/Vovalifolium_PI638403_R2.fastq.gz
Vovatum_PI555177	/orange/munoz/jbenevenuto/WGS/RAWDATA/Redpath2022/Vovatum_PI555177_R1.fastq.gz	/orange/munoz/jbenevenuto/WGS/RAWDATA/Redpath2022/Vovatum_PI555177_R2.fastq.gz
Vovatum_PI618200	/orange/munoz/jbenevenuto/WGS/RAWDATA/Redpath2022/Vovatum_PI618200_R1.fastq.gz	/orange/munoz/jbenevenuto/WGS/RAWDATA/Redpath2022/Vovatum_PI618200_R2.fastq.gz
Vpallidum_NCE3R15	/orange/munoz/jbenevenuto/WGS/RAWDATA/Redpath2022/Vpallidum_NCE3R15_R1.fastq.gz	/orange/munoz/jbenevenuto/WGS/RAWDATA/Redpath2022/Vpallidum_NCE3R15_R2.fastq.gz
Vpallidum_NJ88_18_30	/orange/munoz/jbenevenuto/WGS/RAWDATA/Redpath2022/Vpallidum_NJ88-18-30_R1.fastq.gz	/orange/munoz/jbenevenuto/WGS/RAWDATA/Redpath2022/Vpallidum_NJ88-18-30_R2.fastq.gz
Vpallidum_PI666752	/orange/munoz/jbenevenuto/WGS/RAWDATA/Redpath2022/Vpallidum_PI666752_R1.fastq.gz	/orange/munoz/jbenevenuto/WGS/RAWDATA/Redpath2022/Vpallidum_PI666752_R2.fastq.gz
Vpallidum_PI666776	/orange/munoz/jbenevenuto/WGS/RAWDATA/Redpath2022/Vpallidum_PI666776_R1.fastq.gz	/orange/munoz/jbenevenuto/WGS/RAWDATA/Redpath2022/Vpallidum_PI666776_R2.fastq.gz
Vreticulatum_NJ95_2_11a	/orange/munoz/jbenevenuto/WGS/RAWDATA/Redpath2022/Vreticulatum_NJ95-2-11a_R1.fastq.gz	/orange/munoz/jbenevenuto/WGS/RAWDATA/Redpath2022/Vreticulatum_NJ95-2-11a_R2.fastq.gz
Vstamineum_NC5155	/orange/munoz/jbenevenuto/WGS/RAWDATA/Redpath2022/Vstamineum_NC5155_R1.fastq.gz	/orange/munoz/jbenevenuto/WGS/RAWDATA/Redpath2022/Vstamineum_NC5155_R2.fastq.gz
Vstamineum_NC84_1_2	/orange/munoz/jbenevenuto/WGS/RAWDATA/Redpath2022/Vstamineum_NC84-1-2_R1.fastq.gz	/orange/munoz/jbenevenuto/WGS/RAWDATA/Redpath2022/Vstamineum_NC84-1-2_R2.fastq.gz
Vtenellum_NC78_8loc	/orange/munoz/jbenevenuto/WGS/RAWDATA/Redpath2022/Vtenellum_NC78-8loc_R1.fastq.gz	/orange/munoz/jbenevenuto/WGS/RAWDATA/Redpath2022/Vtenellum_NC78-8loc_R2.fastq.gz
Vuliginosum_PI638387	/orange/munoz/jbenevenuto/WGS/RAWDATA/Redpath2022/Vuliginosum_PI638387_R1.fastq.gz	/orange/munoz/jbenevenuto/WGS/RAWDATA/Redpath2022/Vuliginosum_PI638387_R2.fastq.gz
Vvirgatum_NC2140	/orange/munoz/jbenevenuto/WGS/RAWDATA/Redpath2022/Vvirgatum_NC2140_R1.fastq.gz	/orange/munoz/jbenevenuto/WGS/RAWDATA/Redpath2022/Vvirgatum_NC2140_R2.fastq.gz
Vvirgatum_NC4790	/orange/munoz/jbenevenuto/WGS/RAWDATA/Redpath2022/Vvirgatum_NC4790_R1.fastq.gz	/orange/munoz/jbenevenuto/WGS/RAWDATA/Redpath2022/Vvirgatum_NC4790_R2.fastq.gz
Vvirgatum_Premier	/orange/munoz/jbenevenuto/WGS/RAWDATA/Redpath2022/Vvirgatum_Premier_R1.fastq.gz	/orange/munoz/jbenevenuto/WGS/RAWDATA/Redpath2022/Vvirgatum_Premier_R2.fastq.gz
Vvitisidaea_Koralle	/orange/munoz/jbenevenuto/WGS/RAWDATA/Redpath2022/Vvitisidaea_Koralle_R1.fastq.gz	/orange/munoz/jbenevenuto/WGS/RAWDATA/Redpath2022/Vvitisidaea_Koralle_R2.fastq.gz
Vvitisidaea_PI618228	/orange/munoz/jbenevenuto/WGS/RAWDATA/Redpath2022/Vvitisidaea_PI618228_R1.fastq.gz	/orange/munoz/jbenevenuto/WGS/RAWDATA/Redpath2022/Vvitisidaea_PI618228_R2.fastq.gz
HHB_Chippewa_H11	/orange/munoz/jbenevenuto/WGS/RAWDATA/Wang2024/HHB_Chippewa_H11_R1.fastq.gz	/orange/munoz/jbenevenuto/WGS/RAWDATA/Wang2024/HHB_Chippewa_H11_R2.fastq.gz
HHB_MN5115_M5	/orange/munoz/jbenevenuto/WGS/RAWDATA/Wang2024/HHB_MN5115__M5_R1.fastq.gz	/orange/munoz/jbenevenuto/WGS/RAWDATA/Wang2024/HHB_MN5115__M5_R2.fastq.gz
HHB_MN5415_M6	/orange/munoz/jbenevenuto/WGS/RAWDATA/Wang2024/HHB_MN5415_M6_R1.fastq.gz	/orange/munoz/jbenevenuto/WGS/RAWDATA/Wang2024/HHB_MN5415_M6_R2.fastq.gz
HHB_Northblue_M3	/orange/munoz/jbenevenuto/WGS/RAWDATA/Wang2024/HHB_Northblue_M3_R1.fastq.gz	/orange/munoz/jbenevenuto/WGS/RAWDATA/Wang2024/HHB_Northblue_M3_R2.fastq.gz
HHB_Northsky_M2	/orange/munoz/jbenevenuto/WGS/RAWDATA/Wang2024/HHB_Northsky_M2_R1.fastq.gz	/orange/munoz/jbenevenuto/WGS/RAWDATA/Wang2024/HHB_Northsky_M2_R2.fastq.gz
HHB_Polaris_H14	/orange/munoz/jbenevenuto/WGS/RAWDATA/Wang2024/HHB_Polaris_H14_R1.fastq.gz	/orange/munoz/jbenevenuto/WGS/RAWDATA/Wang2024/HHB_Polaris_H14_R2.fastq.gz
HHB_Putte_M9	/orange/munoz/jbenevenuto/WGS/RAWDATA/Wang2024/HHB_Putte_M9_R1.fastq.gz	/orange/munoz/jbenevenuto/WGS/RAWDATA/Wang2024/HHB_Putte_M9_R2.fastq.gz
NHB_2017D_H28Mut	/orange/munoz/jbenevenuto/WGS/RAWDATA/Wang2024/NHB_2017D_H28Mut_R1.fastq.gz	/orange/munoz/jbenevenuto/WGS/RAWDATA/Wang2024/NHB_2017D_H28Mut_R2.fastq.gz
NHB_AF1_H44	/orange/munoz/jbenevenuto/WGS/RAWDATA/Wang2024/NHB_AF1_H44_R1.fastq.gz	/orange/munoz/jbenevenuto/WGS/RAWDATA/Wang2024/NHB_AF1_H44_R2.fastq.gz
NHB_AF2_H45	/orange/munoz/jbenevenuto/WGS/RAWDATA/Wang2024/NHB_AF2_H45_R1.fastq.gz	/orange/munoz/jbenevenuto/WGS/RAWDATA/Wang2024/NHB_AF2_H45_R2.fastq.gz
NHB_AF3_H46	/orange/munoz/jbenevenuto/WGS/RAWDATA/Wang2024/NHB_AF3_H46_R1.fastq.gz	/orange/munoz/jbenevenuto/WGS/RAWDATA/Wang2024/NHB_AF3_H46_R2.fastq.gz
NHB_Ama_H43	/orange/munoz/jbenevenuto/WGS/RAWDATA/Wang2024/NHB_Ama_H43_R1.fastq.gz	/orange/munoz/jbenevenuto/WGS/RAWDATA/Wang2024/NHB_Ama_H43_R2.fastq.gz
NHB_Amblue_H33	/orange/munoz/jbenevenuto/WGS/RAWDATA/Wang2024/NHB_Amblue_H33_R1.fastq.gz	/orange/munoz/jbenevenuto/WGS/RAWDATA/Wang2024/NHB_Amblue_H33_R2.fastq.gz
NHB_Aron_H5	/orange/munoz/jbenevenuto/WGS/RAWDATA/Wang2024/NHB_Aron_H5_R1.fastq.gz	/orange/munoz/jbenevenuto/WGS/RAWDATA/Wang2024/NHB_Aron_H5_R2.fastq.gz
NHB_Aurora_aoruolaX4	/orange/munoz/jbenevenuto/WGS/RAWDATA/Wang2024/NHB_Aurora_aoruolaX4_R1.fastq.gz	/orange/munoz/jbenevenuto/WGS/RAWDATA/Wang2024/NHB_Aurora_aoruolaX4_R2.fastq.gz
NHB_Berkeley_H15	/orange/munoz/jbenevenuto/WGS/RAWDATA/Wang2024/NHB_Berkeley_H15_R1.fastq.gz	/orange/munoz/jbenevenuto/WGS/RAWDATA/Wang2024/NHB_Berkeley_H15_R2.fastq.gz
NHB_Bluecrop_H1	/orange/munoz/jbenevenuto/WGS/RAWDATA/Wang2024/NHB_Bluecrop_H1_R1.fastq.gz	/orange/munoz/jbenevenuto/WGS/RAWDATA/Wang2024/NHB_Bluecrop_H1_R2.fastq.gz
NHB_Bluegold_M8	/orange/munoz/jbenevenuto/WGS/RAWDATA/Wang2024/NHB_Bluegold_M8_R1.fastq.gz	/orange/munoz/jbenevenuto/WGS/RAWDATA/Wang2024/NHB_Bluegold_M8_R2.fastq.gz
NHB_Bluehaven_X9	/orange/munoz/jbenevenuto/WGS/RAWDATA/Wang2024/NHB_Bluehaven_X9_R1.fastq.gz	/orange/munoz/jbenevenuto/WGS/RAWDATA/Wang2024/NHB_Bluehaven_X9_R2.fastq.gz
NHB_Bluejay_H3	/orange/munoz/jbenevenuto/WGS/RAWDATA/Wang2024/NHB_Bluejay_H3_R1.fastq.gz	/orange/munoz/jbenevenuto/WGS/RAWDATA/Wang2024/NHB_Bluejay_H3_R2.fastq.gz
NHB_Bluejay_H7	/orange/munoz/jbenevenuto/WGS/RAWDATA/Wang2024/NHB_Bluejay_H7_R1.fastq.gz	/orange/munoz/jbenevenuto/WGS/RAWDATA/Wang2024/NHB_Bluejay_H7_R2.fastq.gz
NHB_Bluejay_lanniao	/orange/munoz/jbenevenuto/WGS/RAWDATA/Wang2024/NHB_Bluejay_lanniao_R1.fastq.gz	/orange/munoz/jbenevenuto/WGS/RAWDATA/Wang2024/NHB_Bluejay_lanniao_R2.fastq.gz
NHB_Blueray_H6	/orange/munoz/jbenevenuto/WGS/RAWDATA/Wang2024/NHB_Blueray_H6_R1.fastq.gz	/orange/munoz/jbenevenuto/WGS/RAWDATA/Wang2024/NHB_Blueray_H6_R2.fastq.gz
NHB_BlueRibbon_D03	/orange/munoz/jbenevenuto/WGS/RAWDATA/Wang2024/NHB_BlueRibbon_D03_R1.fastq.gz	/orange/munoz/jbenevenuto/WGS/RAWDATA/Wang2024/NHB_BlueRibbon_D03_R2.fastq.gz
NHB_Bluetta_H13	/orange/munoz/jbenevenuto/WGS/RAWDATA/Wang2024/NHB_Bluetta_H13_R1.fastq.gz	/orange/munoz/jbenevenuto/WGS/RAWDATA/Wang2024/NHB_Bluetta_H13_R2.fastq.gz
NHB_Bonifacy_H20	/orange/munoz/jbenevenuto/WGS/RAWDATA/Wang2024/NHB_Bonifacy_H20_R1.fastq.gz	/orange/munoz/jbenevenuto/WGS/RAWDATA/Wang2024/NHB_Bonifacy_H20_R2.fastq.gz
NHB_Bonus_hongli	/orange/munoz/jbenevenuto/WGS/RAWDATA/Wang2024/NHB_Bonus_hongli_R1.fastq.gz	/orange/munoz/jbenevenuto/WGS/RAWDATA/Wang2024/NHB_Bonus_hongli_R2.fastq.gz
NHB_Brigitta_H23	/orange/munoz/jbenevenuto/WGS/RAWDATA/Wang2024/NHB_Brigitta_H23_R1.fastq.gz	/orange/munoz/jbenevenuto/WGS/RAWDATA/Wang2024/NHB_Brigitta_H23_R2.fastq.gz
NHB_Burlington_H41	/orange/munoz/jbenevenuto/WGS/RAWDATA/Wang2024/NHB_Burlington_H41_R1.fastq.gz	/orange/munoz/jbenevenuto/WGS/RAWDATA/Wang2024/NHB_Burlington_H41_R2.fastq.gz
NHB_Chandler_H74	/orange/munoz/jbenevenuto/WGS/RAWDATA/Wang2024/NHB_Chandler_H74_R1.fastq.gz	/orange/munoz/jbenevenuto/WGS/RAWDATA/Wang2024/NHB_Chandler_H74_R2.fastq.gz
NHB_Collins_H35	/orange/munoz/jbenevenuto/WGS/RAWDATA/Wang2024/NHB_Collins_H35_R1.fastq.gz	/orange/munoz/jbenevenuto/WGS/RAWDATA/Wang2024/NHB_Collins_H35_R2.fastq.gz
NHB_Coville_H4	/orange/munoz/jbenevenuto/WGS/RAWDATA/Wang2024/NHB_Coville_H4_R1.fastq.gz	/orange/munoz/jbenevenuto/WGS/RAWDATA/Wang2024/NHB_Coville_H4_R2.fastq.gz
NHB_Darrow_H12	/orange/munoz/jbenevenuto/WGS/RAWDATA/Wang2024/NHB_Darrow_H12_R1.fastq.gz	/orange/munoz/jbenevenuto/WGS/RAWDATA/Wang2024/NHB_Darrow_H12_R2.fastq.gz
NHB_Dii_shuangdi	/orange/munoz/jbenevenuto/WGS/RAWDATA/Wang2024/NHB_D-Ⅱ_shuangdi_R1.fastq.gz	/orange/munoz/jbenevenuto/WGS/RAWDATA/Wang2024/NHB_D-Ⅱ_shuangdi_R2.fastq.gz
NHB_Draper_X5	/orange/munoz/jbenevenuto/WGS/RAWDATA/Wang2024/NHB_Draper_X5_R1.fastq.gz	/orange/munoz/jbenevenuto/WGS/RAWDATA/Wang2024/NHB_Draper_X5_R2.fastq.gz
NHB_Duke_H28	/orange/munoz/jbenevenuto/WGS/RAWDATA/Wang2024/NHB_Duke_H28_R1.fastq.gz	/orange/munoz/jbenevenuto/WGS/RAWDATA/Wang2024/NHB_Duke_H28_R2.fastq.gz
NHB_Duke_H75	/orange/munoz/jbenevenuto/WGS/RAWDATA/Wang2024/NHB_Duke_H75_R1.fastq.gz	/orange/munoz/jbenevenuto/WGS/RAWDATA/Wang2024/NHB_Duke_H75_R2.fastq.gz
NHB_Earliblue_H27	/orange/munoz/jbenevenuto/WGS/RAWDATA/Wang2024/NHB_Earliblue_H27_R1.fastq.gz	/orange/munoz/jbenevenuto/WGS/RAWDATA/Wang2024/NHB_Earliblue_H27_R2.fastq.gz
NHB_Elizabeth_X2	/orange/munoz/jbenevenuto/WGS/RAWDATA/Wang2024/NHB_Elizabeth_X2_R1.fastq.gz	/orange/munoz/jbenevenuto/WGS/RAWDATA/Wang2024/NHB_Elizabeth_X2_R2.fastq.gz
NHB_Elliott_H9	/orange/munoz/jbenevenuto/WGS/RAWDATA/Wang2024/NHB_Elliott_H9_R1.fastq.gz	/orange/munoz/jbenevenuto/WGS/RAWDATA/Wang2024/NHB_Elliott_H9_R2.fastq.gz
NHB_Gretha_H70	/orange/munoz/jbenevenuto/WGS/RAWDATA/Wang2024/NHB_Gretha_H70_R1.fastq.gz	/orange/munoz/jbenevenuto/WGS/RAWDATA/Wang2024/NHB_Gretha_H70_R2.fastq.gz
NHB_Grower_H67	/orange/munoz/jbenevenuto/WGS/RAWDATA/Wang2024/NHB_Grower_H67_R1.fastq.gz	/orange/munoz/jbenevenuto/WGS/RAWDATA/Wang2024/NHB_Grower_H67_R2.fastq.gz
NHB_Hardyblue_X13	/orange/munoz/jbenevenuto/WGS/RAWDATA/Wang2024/NHB_Hardyblue_X13_R1.fastq.gz	/orange/munoz/jbenevenuto/WGS/RAWDATA/Wang2024/NHB_Hardyblue_X13_R2.fastq.gz
NHB_Harrison_halisen	/orange/munoz/jbenevenuto/WGS/RAWDATA/Wang2024/NHB_Harrison_halisen_R1.fastq.gz	/orange/munoz/jbenevenuto/WGS/RAWDATA/Wang2024/NHB_Harrison_halisen_R2.fastq.gz
NHB_Herbert_H22	/orange/munoz/jbenevenuto/WGS/RAWDATA/Wang2024/NHB_Herbert_H22_R1.fastq.gz	/orange/munoz/jbenevenuto/WGS/RAWDATA/Wang2024/NHB_Herbert_H22_R2.fastq.gz
NHB_Herbert_hebote	/orange/munoz/jbenevenuto/WGS/RAWDATA/Wang2024/NHB_Herbert_hebote_R1.fastq.gz	/orange/munoz/jbenevenuto/WGS/RAWDATA/Wang2024/NHB_Herbert_hebote_R2.fastq.gz
NHB_HL10_H61	/orange/munoz/jbenevenuto/WGS/RAWDATA/Wang2024/NHB_HL10_H61_R1.fastq.gz	/orange/munoz/jbenevenuto/WGS/RAWDATA/Wang2024/NHB_HL10_H61_R2.fastq.gz
NHB_HL11_H62	/orange/munoz/jbenevenuto/WGS/RAWDATA/Wang2024/NHB_HL11_H62_R1.fastq.gz	/orange/munoz/jbenevenuto/WGS/RAWDATA/Wang2024/NHB_HL11_H62_R2.fastq.gz
NHB_HL13_H64	/orange/munoz/jbenevenuto/WGS/RAWDATA/Wang2024/NHB_HL13_H64_R1.fastq.gz	/orange/munoz/jbenevenuto/WGS/RAWDATA/Wang2024/NHB_HL13_H64_R2.fastq.gz
NHB_HL2_H53	/orange/munoz/jbenevenuto/WGS/RAWDATA/Wang2024/NHB_HL2_H53_R1.fastq.gz	/orange/munoz/jbenevenuto/WGS/RAWDATA/Wang2024/NHB_HL2_H53_R2.fastq.gz
NHB_HL3_H54	/orange/munoz/jbenevenuto/WGS/RAWDATA/Wang2024/NHB_HL3_H54_R1.fastq.gz	/orange/munoz/jbenevenuto/WGS/RAWDATA/Wang2024/NHB_HL3_H54_R2.fastq.gz
NHB_HL4_H55	/orange/munoz/jbenevenuto/WGS/RAWDATA/Wang2024/NHB_HL4_H55_R1.fastq.gz	/orange/munoz/jbenevenuto/WGS/RAWDATA/Wang2024/NHB_HL4_H55_R2.fastq.gz
NHB_HL5_H56	/orange/munoz/jbenevenuto/WGS/RAWDATA/Wang2024/NHB_HL5_H56_R1.fastq.gz	/orange/munoz/jbenevenuto/WGS/RAWDATA/Wang2024/NHB_HL5_H56_R2.fastq.gz
NHB_HL9_H60	/orange/munoz/jbenevenuto/WGS/RAWDATA/Wang2024/NHB_HL9_H60_R1.fastq.gz	/orange/munoz/jbenevenuto/WGS/RAWDATA/Wang2024/NHB_HL9_H60_R2.fastq.gz
NHB_HX2_HX2	/orange/munoz/jbenevenuto/WGS/RAWDATA/Wang2024/NHB_HX2_HX2_R1.fastq.gz	/orange/munoz/jbenevenuto/WGS/RAWDATA/Wang2024/NHB_HX2_HX2_R2.fastq.gz
NHB_Ivanhoe_H42	/orange/munoz/jbenevenuto/WGS/RAWDATA/Wang2024/NHB_Ivanhoe_H42_R1.fastq.gz	/orange/munoz/jbenevenuto/WGS/RAWDATA/Wang2024/NHB_Ivanhoe_H42_R2.fastq.gz
NHB_JEarly_H73	/orange/munoz/jbenevenuto/WGS/RAWDATA/Wang2024/NHB_JEarly_H73_R1.fastq.gz	/orange/munoz/jbenevenuto/WGS/RAWDATA/Wang2024/NHB_JEarly_H73_R2.fastq.gz
NHB_Jersey_H16	/orange/munoz/jbenevenuto/WGS/RAWDATA/Wang2024/NHB_Jersey_H16_R1.fastq.gz	/orange/munoz/jbenevenuto/WGS/RAWDATA/Wang2024/NHB_Jersey_H16_R2.fastq.gz
NHB_Jgdrzej_H51	/orange/munoz/jbenevenuto/WGS/RAWDATA/Wang2024/NHB_Jgdrzej_H51_R1.fastq.gz	/orange/munoz/jbenevenuto/WGS/RAWDATA/Wang2024/NHB_Jgdrzej_H51_R2.fastq.gz
NHB_Lankao_lankao	/orange/munoz/jbenevenuto/WGS/RAWDATA/Wang2024/NHB_Lankao_lankao_R1.fastq.gz	/orange/munoz/jbenevenuto/WGS/RAWDATA/Wang2024/NHB_Lankao_lankao_R2.fastq.gz
NHB_LastCall_D11	/orange/munoz/jbenevenuto/WGS/RAWDATA/Wang2024/NHB_LastCall_D11_R1.fastq.gz	/orange/munoz/jbenevenuto/WGS/RAWDATA/Wang2024/NHB_LastCall_D11_R2.fastq.gz
NHB_Lateblue_batch1_H29	/orange/munoz/jbenevenuto/WGS/RAWDATA/Wang2024/NHB_Lateblue_batch1-H29_R1.fastq.gz	/orange/munoz/jbenevenuto/WGS/RAWDATA/Wang2024/NHB_Lateblue_batch1-H29_R2.fastq.gz
NHB_Lateblue_H29	/orange/munoz/jbenevenuto/WGS/RAWDATA/Wang2024/NHB_Lateblue_H29_R1.fastq.gz	/orange/munoz/jbenevenuto/WGS/RAWDATA/Wang2024/NHB_Lateblue_H29_R2.fastq.gz
NHB_Legacy_H19	/orange/munoz/jbenevenuto/WGS/RAWDATA/Wang2024/NHB_Legacy_H19_R1.fastq.gz	/orange/munoz/jbenevenuto/WGS/RAWDATA/Wang2024/NHB_Legacy_H19_R2.fastq.gz
NHB_Liberty_X3	/orange/munoz/jbenevenuto/WGS/RAWDATA/Wang2024/NHB_Liberty_X3_R1.fastq.gz	/orange/munoz/jbenevenuto/WGS/RAWDATA/Wang2024/NHB_Liberty_X3_R2.fastq.gz
NHB_Nelson_H10	/orange/munoz/jbenevenuto/WGS/RAWDATA/Wang2024/NHB_Nelson_H10_R1.fastq.gz	/orange/munoz/jbenevenuto/WGS/RAWDATA/Wang2024/NHB_Nelson_H10_R2.fastq.gz
NHB_Northland_M4	/orange/munoz/jbenevenuto/WGS/RAWDATA/Wang2024/NHB_Northland__M4_R1.fastq.gz	/orange/munoz/jbenevenuto/WGS/RAWDATA/Wang2024/NHB_Northland__M4_R2.fastq.gz
NHB_Nui_H40	/orange/munoz/jbenevenuto/WGS/RAWDATA/Wang2024/NHB_Nui_H40_R1.fastq.gz	/orange/munoz/jbenevenuto/WGS/RAWDATA/Wang2024/NHB_Nui_H40_R2.fastq.gz
NHB_Olympia_H26	/orange/munoz/jbenevenuto/WGS/RAWDATA/Wang2024/NHB_Olympia_H26_R1.fastq.gz	/orange/munoz/jbenevenuto/WGS/RAWDATA/Wang2024/NHB_Olympia_H26_R2.fastq.gz
NHB_Patriot_H2	/orange/munoz/jbenevenuto/WGS/RAWDATA/Wang2024/NHB_Patriot_H2_R1.fastq.gz	/orange/munoz/jbenevenuto/WGS/RAWDATA/Wang2024/NHB_Patriot_H2_R2.fastq.gz
NHB_Pemberton_pengbodun	/orange/munoz/jbenevenuto/WGS/RAWDATA/Wang2024/NHB_Pemberton_pengbodun_R1.fastq.gz	/orange/munoz/jbenevenuto/WGS/RAWDATA/Wang2024/NHB_Pemberton_pengbodun_R2.fastq.gz
NHB_Pender_pengdeer	/orange/munoz/jbenevenuto/WGS/RAWDATA/Wang2024/NHB_Pender_pengdeer_R1.fastq.gz	/orange/munoz/jbenevenuto/WGS/RAWDATA/Wang2024/NHB_Pender_pengdeer_R2.fastq.gz
NHB_Puru_H37	/orange/munoz/jbenevenuto/WGS/RAWDATA/Wang2024/NHB_Puru_H37_R1.fastq.gz	/orange/munoz/jbenevenuto/WGS/RAWDATA/Wang2024/NHB_Puru_H37_R2.fastq.gz
NHB_Record_H38	/orange/munoz/jbenevenuto/WGS/RAWDATA/Wang2024/NHB_Record_H38_R1.fastq.gz	/orange/munoz/jbenevenuto/WGS/RAWDATA/Wang2024/NHB_Record_H38_R2.fastq.gz
NHB_Reka_H34	/orange/munoz/jbenevenuto/WGS/RAWDATA/Wang2024/NHB_Reka_H34_R1.fastq.gz	/orange/munoz/jbenevenuto/WGS/RAWDATA/Wang2024/NHB_Reka_H34_R2.fastq.gz
NHB_Rubel_H68	/orange/munoz/jbenevenuto/WGS/RAWDATA/Wang2024/NHB_Rubel_H68_R1.fastq.gz	/orange/munoz/jbenevenuto/WGS/RAWDATA/Wang2024/NHB_Rubel_H68_R2.fastq.gz
NHB_Rubel_H76	/orange/munoz/jbenevenuto/WGS/RAWDATA/Wang2024/NHB_Rubel_H76_R1.fastq.gz	/orange/munoz/jbenevenuto/WGS/RAWDATA/Wang2024/NHB_Rubel_H76_R2.fastq.gz
NHB_S20K0183	/orange/munoz/jbenevenuto/WGS/RAWDATA/Wang2024/NHB_S20K0183_R1.fastq.gz	/orange/munoz/jbenevenuto/WGS/RAWDATA/Wang2024/NHB_S20K0183_R2.fastq.gz
NHB_Sierra_H21	/orange/munoz/jbenevenuto/WGS/RAWDATA/Wang2024/NHB_Sierra_H21_R1.fastq.gz	/orange/munoz/jbenevenuto/WGS/RAWDATA/Wang2024/NHB_Sierra_H21_R2.fastq.gz
NHB_SmallFruit_H50	/orange/munoz/jbenevenuto/WGS/RAWDATA/Wang2024/NHB_SmallFruit_H50_R1.fastq.gz	/orange/munoz/jbenevenuto/WGS/RAWDATA/Wang2024/NHB_SmallFruit_H50_R2.fastq.gz
NHB_Spartan_H8	/orange/munoz/jbenevenuto/WGS/RAWDATA/Wang2024/NHB_Spartan_H8_R1.fastq.gz	/orange/munoz/jbenevenuto/WGS/RAWDATA/Wang2024/NHB_Spartan_H8_R2.fastq.gz
NHB_Starblue_HL12_H63	/orange/munoz/jbenevenuto/WGS/RAWDATA/Wang2024/NHB_Starblue_HL12_H63_R1.fastq.gz	/orange/munoz/jbenevenuto/WGS/RAWDATA/Wang2024/NHB_Starblue_HL12_H63_R2.fastq.gz
NHB_Sunrise_H25	/orange/munoz/jbenevenuto/WGS/RAWDATA/Wang2024/NHB_Sunrise_H25_R1.fastq.gz	/orange/munoz/jbenevenuto/WGS/RAWDATA/Wang2024/NHB_Sunrise_H25_R2.fastq.gz
NHB_Sweatheart_X1	/orange/munoz/jbenevenuto/WGS/RAWDATA/Wang2024/NHB_Sweatheart_X1_R1.fastq.gz	/orange/munoz/jbenevenuto/WGS/RAWDATA/Wang2024/NHB_Sweatheart_X1_R2.fastq.gz
NHB_TopShelf_D02	/orange/munoz/jbenevenuto/WGS/RAWDATA/Wang2024/NHB_TopShelf_D02_R1.fastq.gz	/orange/munoz/jbenevenuto/WGS/RAWDATA/Wang2024/NHB_TopShelf_D02_R2.fastq.gz
NHB_Toro_H24	/orange/munoz/jbenevenuto/WGS/RAWDATA/Wang2024/NHB_Toro_H24_R1.fastq.gz	/orange/munoz/jbenevenuto/WGS/RAWDATA/Wang2024/NHB_Toro_H24_R2.fastq.gz
NHB_Weymouth_H69	/orange/munoz/jbenevenuto/WGS/RAWDATA/Wang2024/NHB_Weymouth_H69_R1.fastq.gz	/orange/munoz/jbenevenuto/WGS/RAWDATA/Wang2024/NHB_Weymouth_H69_R2.fastq.gz
NHB_Willow_Leaf_liuye	/orange/munoz/jbenevenuto/WGS/RAWDATA/Wang2024/NHB_Willow_Leaf_liuye_R1.fastq.gz	/orange/munoz/jbenevenuto/WGS/RAWDATA/Wang2024/NHB_Willow_Leaf_liuye_R2.fastq.gz
SHB_Abundance_S65_1	/orange/munoz/jbenevenuto/WGS/RAWDATA/Wang2024/SHB_Abundance_S65-1_R1.fastq.gz	/orange/munoz/jbenevenuto/WGS/RAWDATA/Wang2024/SHB_Abundance_S65-1_R2.fastq.gz
SHB_AiblueSX_S43_1	/orange/munoz/jbenevenuto/WGS/RAWDATA/Wang2024/SHB_AiblueSX_S43-1_R1.fastq.gz	/orange/munoz/jbenevenuto/WGS/RAWDATA/Wang2024/SHB_AiblueSX_S43-1_R2.fastq.gz
SHB_ailu_S79_1	/orange/munoz/jbenevenuto/WGS/RAWDATA/Wang2024/SHB_ailu_S79-1_R1.fastq.gz	/orange/munoz/jbenevenuto/WGS/RAWDATA/Wang2024/SHB_ailu_S79-1_R2.fastq.gz
SHB_Arana_L11_1	/orange/munoz/jbenevenuto/WGS/RAWDATA/Wang2024/SHB_Arana_L11-1_R1.fastq.gz	/orange/munoz/jbenevenuto/WGS/RAWDATA/Wang2024/SHB_Arana_L11-1_R2.fastq.gz
SHB_Arlen_S40_1	/orange/munoz/jbenevenuto/WGS/RAWDATA/Wang2024/SHB_Arlen_S40-1_R1.fastq.gz	/orange/munoz/jbenevenuto/WGS/RAWDATA/Wang2024/SHB_Arlen_S40-1_R2.fastq.gz
SHB_Avonblue_H96	/orange/munoz/jbenevenuto/WGS/RAWDATA/Wang2024/SHB_Avonblue_H96_R1.fastq.gz	/orange/munoz/jbenevenuto/WGS/RAWDATA/Wang2024/SHB_Avonblue_H96_R2.fastq.gz
SHB_Beaufort_S51_1	/orange/munoz/jbenevenuto/WGS/RAWDATA/Wang2024/SHB_Beaufort_S51-1_R1.fastq.gz	/orange/munoz/jbenevenuto/WGS/RAWDATA/Wang2024/SHB_Beaufort_S51-1_R2.fastq.gz
SHB_BeautifulBlue_S66_1	/orange/munoz/jbenevenuto/WGS/RAWDATA/Wang2024/SHB_BeautifulBlue_S66-1_R1.fastq.gz	/orange/munoz/jbenevenuto/WGS/RAWDATA/Wang2024/SHB_BeautifulBlue_S66-1_R2.fastq.gz
SHB_Biloxi_X7	/orange/munoz/jbenevenuto/WGS/RAWDATA/Wang2024/SHB_Biloxi_X7_R1.fastq.gz	/orange/munoz/jbenevenuto/WGS/RAWDATA/Wang2024/SHB_Biloxi_X7_R2.fastq.gz
SHB_Bladen_S1_1	/orange/munoz/jbenevenuto/WGS/RAWDATA/Wang2024/SHB_Bladen_S1-1_R1.fastq.gz	/orange/munoz/jbenevenuto/WGS/RAWDATA/Wang2024/SHB_Bladen_S1-1_R2.fastq.gz
SHB_Bluechip_X10	/orange/munoz/jbenevenuto/WGS/RAWDATA/Wang2024/SHB_Bluechip_X10_R1.fastq.gz	/orange/munoz/jbenevenuto/WGS/RAWDATA/Wang2024/SHB_Bluechip_X10_R2.fastq.gz
SHB_Bluecrisp_S8_1	/orange/munoz/jbenevenuto/WGS/RAWDATA/Wang2024/SHB_Bluecrisp_S8-1_R1.fastq.gz	/orange/munoz/jbenevenuto/WGS/RAWDATA/Wang2024/SHB_Bluecrisp_S8-1_R2.fastq.gz
SHB_Bluerain_S33_1	/orange/munoz/jbenevenuto/WGS/RAWDATA/Wang2024/SHB_Bluerain_S33-1_R1.fastq.gz	/orange/munoz/jbenevenuto/WGS/RAWDATA/Wang2024/SHB_Bluerain_S33-1_R2.fastq.gz
SHB_Camellia_D01_1	/orange/munoz/jbenevenuto/WGS/RAWDATA/Wang2024/SHB_Camellia_D01-1_R1.fastq.gz	/orange/munoz/jbenevenuto/WGS/RAWDATA/Wang2024/SHB_Camellia_D01-1_R2.fastq.gz
SHB_Camellia_S37_1	/orange/munoz/jbenevenuto/WGS/RAWDATA/Wang2024/SHB_Camellia_S37-1_R1.fastq.gz	/orange/munoz/jbenevenuto/WGS/RAWDATA/Wang2024/SHB_Camellia_S37-1_R2.fastq.gz
SHB_CapeFear_S10_1	/orange/munoz/jbenevenuto/WGS/RAWDATA/Wang2024/SHB_CapeFear_S10-1_R1.fastq.gz	/orange/munoz/jbenevenuto/WGS/RAWDATA/Wang2024/SHB_CapeFear_S10-1_R2.fastq.gz
SHB_Carteret_S50_1	/orange/munoz/jbenevenuto/WGS/RAWDATA/Wang2024/SHB_Carteret_S50-1_R1.fastq.gz	/orange/munoz/jbenevenuto/WGS/RAWDATA/Wang2024/SHB_Carteret_S50-1_R2.fastq.gz
SHB_chougua_S83_1	/orange/munoz/jbenevenuto/WGS/RAWDATA/Wang2024/SHB_chougua_S83-1_R1.fastq.gz	/orange/munoz/jbenevenuto/WGS/RAWDATA/Wang2024/SHB_chougua_S83-1_R2.fastq.gz
SHB_Cooper_H97	/orange/munoz/jbenevenuto/WGS/RAWDATA/Wang2024/SHB_Cooper_H97_R1.fastq.gz	/orange/munoz/jbenevenuto/WGS/RAWDATA/Wang2024/SHB_Cooper_H97_R2.fastq.gz
SHB_Dianna_H31	/orange/munoz/jbenevenuto/WGS/RAWDATA/Wang2024/SHB_Dianna_H31_R1.fastq.gz	/orange/munoz/jbenevenuto/WGS/RAWDATA/Wang2024/SHB_Dianna_H31_R2.fastq.gz
SHB_Duplin_S14_1	/orange/munoz/jbenevenuto/WGS/RAWDATA/Wang2024/SHB_Duplin_S14-1_R1.fastq.gz	/orange/munoz/jbenevenuto/WGS/RAWDATA/Wang2024/SHB_Duplin_S14-1_R2.fastq.gz
SHB_EB12_9_D14	/orange/munoz/jbenevenuto/WGS/RAWDATA/Wang2024/SHB_EB12-9_D14_R1.fastq.gz	/orange/munoz/jbenevenuto/WGS/RAWDATA/Wang2024/SHB_EB12-9_D14_R2.fastq.gz
SHB_EB12_9_D19	/orange/munoz/jbenevenuto/WGS/RAWDATA/Wang2024/SHB_EB12-9_D19_R1.fastq.gz	/orange/munoz/jbenevenuto/WGS/RAWDATA/Wang2024/SHB_EB12-9_D19_R2.fastq.gz
SHB_EB12_9_M_1	/orange/munoz/jbenevenuto/WGS/RAWDATA/Wang2024/SHB_EB12-9_M-1_R1.fastq.gz	/orange/munoz/jbenevenuto/WGS/RAWDATA/Wang2024/SHB_EB12-9_M-1_R2.fastq.gz
SHB_EB8_42_Julieta_S80_1	/orange/munoz/jbenevenuto/WGS/RAWDATA/Wang2024/SHB_EB8-42_Julieta_S80-1_R1.fastq.gz	/orange/munoz/jbenevenuto/WGS/RAWDATA/Wang2024/SHB_EB8-42_Julieta_S80-1_R2.fastq.gz
SHB_Emerald_S45_1	/orange/munoz/jbenevenuto/WGS/RAWDATA/Wang2024/SHB_Emerald_S45-1_R1.fastq.gz	/orange/munoz/jbenevenuto/WGS/RAWDATA/Wang2024/SHB_Emerald_S45-1_R2.fastq.gz
SHB_Eureka_Ridley1403_youruika	/orange/munoz/jbenevenuto/WGS/RAWDATA/Wang2024/SHB_Eureka_Ridley1403_youruika_R1.fastq.gz	/orange/munoz/jbenevenuto/WGS/RAWDATA/Wang2024/SHB_Eureka_Ridley1403_youruika_R2.fastq.gz
SHB_Farthing_S60_1	/orange/munoz/jbenevenuto/WGS/RAWDATA/Wang2024/SHB_Farthing_S60-1_R1.fastq.gz	/orange/munoz/jbenevenuto/WGS/RAWDATA/Wang2024/SHB_Farthing_S60-1_R2.fastq.gz
SHB_Flicker_S70_1	/orange/munoz/jbenevenuto/WGS/RAWDATA/Wang2024/SHB_Flicker_S70-1_R1.fastq.gz	/orange/munoz/jbenevenuto/WGS/RAWDATA/Wang2024/SHB_Flicker_S70-1_R2.fastq.gz
SHB_Flordablue_S15_1	/orange/munoz/jbenevenuto/WGS/RAWDATA/Wang2024/SHB_Flordablue_S15-1_R1.fastq.gz	/orange/munoz/jbenevenuto/WGS/RAWDATA/Wang2024/SHB_Flordablue_S15-1_R2.fastq.gz
SHB_Georgia_Gem_S19_1	/orange/munoz/jbenevenuto/WGS/RAWDATA/Wang2024/SHB_Georgia_Gem_S19-1_R1.fastq.gz	/orange/munoz/jbenevenuto/WGS/RAWDATA/Wang2024/SHB_Georgia_Gem_S19-1_R2.fastq.gz
SHB_Gulfcoast_H95	/orange/munoz/jbenevenuto/WGS/RAWDATA/Wang2024/SHB_Gulfcoast_H95_R1.fastq.gz	/orange/munoz/jbenevenuto/WGS/RAWDATA/Wang2024/SHB_Gulfcoast_H95_R2.fastq.gz
SHB_Guputon_S47_1	/orange/munoz/jbenevenuto/WGS/RAWDATA/Wang2024/SHB_Guputon_S47-1_R1.fastq.gz	/orange/munoz/jbenevenuto/WGS/RAWDATA/Wang2024/SHB_Guputon_S47-1_R2.fastq.gz
SHB_JellyBean_S64_1	/orange/munoz/jbenevenuto/WGS/RAWDATA/Wang2024/SHB_JellyBean_S64-1_R1.fastq.gz	/orange/munoz/jbenevenuto/WGS/RAWDATA/Wang2024/SHB_JellyBean_S64-1_R2.fastq.gz
SHB_Jewel_S2_1	/orange/munoz/jbenevenuto/WGS/RAWDATA/Wang2024/SHB_Jewel_S2-1_R1.fastq.gz	/orange/munoz/jbenevenuto/WGS/RAWDATA/Wang2024/SHB_Jewel_S2-1_R2.fastq.gz
SHB_Jubilee_X8	/orange/munoz/jbenevenuto/WGS/RAWDATA/Wang2024/SHB_Jubilee_X8_R1.fastq.gz	/orange/munoz/jbenevenuto/WGS/RAWDATA/Wang2024/SHB_Jubilee_X8_R2.fastq.gz
SHB_K_D17	/orange/munoz/jbenevenuto/WGS/RAWDATA/Wang2024/SHB_K_D17_R1.fastq.gz	/orange/munoz/jbenevenuto/WGS/RAWDATA/Wang2024/SHB_K_D17_R2.fastq.gz
SHB_Kestrel_S73_1	/orange/munoz/jbenevenuto/WGS/RAWDATA/Wang2024/SHB_Kestrel_S73-1_R1.fastq.gz	/orange/munoz/jbenevenuto/WGS/RAWDATA/Wang2024/SHB_Kestrel_S73-1_R2.fastq.gz
SHB_Lenoir_S39_1	/orange/munoz/jbenevenuto/WGS/RAWDATA/Wang2024/SHB_Lenoir_S39-1_R1.fastq.gz	/orange/munoz/jbenevenuto/WGS/RAWDATA/Wang2024/SHB_Lenoir_S39-1_R2.fastq.gz
SHB_LikeONeal_D18	/orange/munoz/jbenevenuto/WGS/RAWDATA/Wang2024/SHB_LikeONeal_D18_R1.fastq.gz	/orange/munoz/jbenevenuto/WGS/RAWDATA/Wang2024/SHB_LikeONeal_D18_R2.fastq.gz
SHB_Magnolia_S24_1	/orange/munoz/jbenevenuto/WGS/RAWDATA/Wang2024/SHB_Magnolia_S24-1_R1.fastq.gz	/orange/munoz/jbenevenuto/WGS/RAWDATA/Wang2024/SHB_Magnolia_S24-1_R2.fastq.gz
SHB_Meadowlark_S20_1	/orange/munoz/jbenevenuto/WGS/RAWDATA/Wang2024/SHB_Meadowlark_S20-1_R1.fastq.gz	/orange/munoz/jbenevenuto/WGS/RAWDATA/Wang2024/SHB_Meadowlark_S20-1_R2.fastq.gz
SHB_Millennia_S30_1	/orange/munoz/jbenevenuto/WGS/RAWDATA/Wang2024/SHB_Millennia_S30-1_R1.fastq.gz	/orange/munoz/jbenevenuto/WGS/RAWDATA/Wang2024/SHB_Millennia_S30-1_R2.fastq.gz
SHB_Misty_S12_1	/orange/munoz/jbenevenuto/WGS/RAWDATA/Wang2024/SHB_Misty_S12-1_R1.fastq.gz	/orange/munoz/jbenevenuto/WGS/RAWDATA/Wang2024/SHB_Misty_S12-1_R2.fastq.gz
SHB_MSU8_S36_1	/orange/munoz/jbenevenuto/WGS/RAWDATA/Wang2024/SHB_MSU8_S36-1_R1.fastq.gz	/orange/munoz/jbenevenuto/WGS/RAWDATA/Wang2024/SHB_MSU8_S36-1_R2.fastq.gz
SHB_Muffin_S44_1	/orange/munoz/jbenevenuto/WGS/RAWDATA/Wang2024/SHB_Muffin_S44-1_R1.fastq.gz	/orange/munoz/jbenevenuto/WGS/RAWDATA/Wang2024/SHB_Muffin_S44-1_R2.fastq.gz
SHB_NaitiveBlue_S48_1	/orange/munoz/jbenevenuto/WGS/RAWDATA/Wang2024/SHB_NaitiveBlue_S48-1_R1.fastq.gz	/orange/munoz/jbenevenuto/WGS/RAWDATA/Wang2024/SHB_NaitiveBlue_S48-1_R2.fastq.gz
SHB_NewHannover_D04	/orange/munoz/jbenevenuto/WGS/RAWDATA/Wang2024/SHB_NewHannover_D04_R1.fastq.gz	/orange/munoz/jbenevenuto/WGS/RAWDATA/Wang2024/SHB_NewHannover_D04_R2.fastq.gz
SHB_Norman_S69_1	/orange/munoz/jbenevenuto/WGS/RAWDATA/Wang2024/SHB_Norman_S69-1_R1.fastq.gz	/orange/munoz/jbenevenuto/WGS/RAWDATA/Wang2024/SHB_Norman_S69-1_R2.fastq.gz
SHB_ONeal_H18	/orange/munoz/jbenevenuto/WGS/RAWDATA/Wang2024/SHB_ONeal_H18_R1.fastq.gz	/orange/munoz/jbenevenuto/WGS/RAWDATA/Wang2024/SHB_ONeal_H18_R2.fastq.gz
SHB_Ozarkblue_S25_1	/orange/munoz/jbenevenuto/WGS/RAWDATA/Wang2024/SHB_Ozarkblue_S25-1_R1.fastq.gz	/orange/munoz/jbenevenuto/WGS/RAWDATA/Wang2024/SHB_Ozarkblue_S25-1_R2.fastq.gz
SHB_Palmetto_S32_1	/orange/munoz/jbenevenuto/WGS/RAWDATA/Wang2024/SHB_Palmetto_S32-1_R1.fastq.gz	/orange/munoz/jbenevenuto/WGS/RAWDATA/Wang2024/SHB_Palmetto_S32-1_R2.fastq.gz
SHB_PeachSorbet_S62_1	/orange/munoz/jbenevenuto/WGS/RAWDATA/Wang2024/SHB_PeachSorbet_S62-1_R1.fastq.gz	/orange/munoz/jbenevenuto/WGS/RAWDATA/Wang2024/SHB_PeachSorbet_S62-1_R2.fastq.gz
SHB_PearlRiver_H98	/orange/munoz/jbenevenuto/WGS/RAWDATA/Wang2024/SHB_PearlRiver_H98_R1.fastq.gz	/orange/munoz/jbenevenuto/WGS/RAWDATA/Wang2024/SHB_PearlRiver_H98_R2.fastq.gz
SHB_Primadonna_S53_1	/orange/munoz/jbenevenuto/WGS/RAWDATA/Wang2024/SHB_Primadonna_S53-1_R1.fastq.gz	/orange/munoz/jbenevenuto/WGS/RAWDATA/Wang2024/SHB_Primadonna_S53-1_R2.fastq.gz
SHB_Rebel_S26_1	/orange/munoz/jbenevenuto/WGS/RAWDATA/Wang2024/SHB_Rebel_S26-1_R1.fastq.gz	/orange/munoz/jbenevenuto/WGS/RAWDATA/Wang2024/SHB_Rebel_S26-1_R2.fastq.gz
SHB_Reveille_S5_1	/orange/munoz/jbenevenuto/WGS/RAWDATA/Wang2024/SHB_Reveille_S5-1_R1.fastq.gz	/orange/munoz/jbenevenuto/WGS/RAWDATA/Wang2024/SHB_Reveille_S5-1_R2.fastq.gz
SHB_Ri_D15	/orange/munoz/jbenevenuto/WGS/RAWDATA/Wang2024/SHB_Ri_D15_R1.fastq.gz	/orange/munoz/jbenevenuto/WGS/RAWDATA/Wang2024/SHB_Ri_D15_R2.fastq.gz
SHB_Rocio_S76_1	/orange/munoz/jbenevenuto/WGS/RAWDATA/Wang2024/SHB_Rocio_S76-1_R1.fastq.gz	/orange/munoz/jbenevenuto/WGS/RAWDATA/Wang2024/SHB_Rocio_S76-1_R2.fastq.gz
SHB_Sampson_S29_1	/orange/munoz/jbenevenuto/WGS/RAWDATA/Wang2024/SHB_Sampson_S29-1_R1.fastq.gz	/orange/munoz/jbenevenuto/WGS/RAWDATA/Wang2024/SHB_Sampson_S29-1_R2.fastq.gz
SHB_Sapphire_S17_1	/orange/munoz/jbenevenuto/WGS/RAWDATA/Wang2024/SHB_Sapphire_S17-1_R1.fastq.gz	/orange/munoz/jbenevenuto/WGS/RAWDATA/Wang2024/SHB_Sapphire_S17-1_R2.fastq.gz
SHB_Sapphire_S42_1	/orange/munoz/jbenevenuto/WGS/RAWDATA/Wang2024/SHB_Sapphire_S42-1_R1.fastq.gz	/orange/munoz/jbenevenuto/WGS/RAWDATA/Wang2024/SHB_Sapphire_S42-1_R2.fastq.gz
SHB_Scintilla_S56_1	/orange/munoz/jbenevenuto/WGS/RAWDATA/Wang2024/SHB_Scintilla_S56-1_R1.fastq.gz	/orange/munoz/jbenevenuto/WGS/RAWDATA/Wang2024/SHB_Scintilla_S56-1_R2.fastq.gz
SHB_Sharpblue_S6_1	/orange/munoz/jbenevenuto/WGS/RAWDATA/Wang2024/SHB_Sharpblue_S6-1_R1.fastq.gz	/orange/munoz/jbenevenuto/WGS/RAWDATA/Wang2024/SHB_Sharpblue_S6-1_R2.fastq.gz
SHB_Snowchaser_S54_1	/orange/munoz/jbenevenuto/WGS/RAWDATA/Wang2024/SHB_Snowchaser_S54-1_R1.fastq.gz	/orange/munoz/jbenevenuto/WGS/RAWDATA/Wang2024/SHB_Snowchaser_S54-1_R2.fastq.gz
SHB_SouthernBelle_S61_1	/orange/munoz/jbenevenuto/WGS/RAWDATA/Wang2024/SHB_SouthernBelle_S61-1_R1.fastq.gz	/orange/munoz/jbenevenuto/WGS/RAWDATA/Wang2024/SHB_SouthernBelle_S61-1_R2.fastq.gz
SHB_Southmoon_S22_1	/orange/munoz/jbenevenuto/WGS/RAWDATA/Wang2024/SHB_Southmoon_S22-1_R1.fastq.gz	/orange/munoz/jbenevenuto/WGS/RAWDATA/Wang2024/SHB_Southmoon_S22-1_R2.fastq.gz
SHB_Springhigh_S55_1	/orange/munoz/jbenevenuto/WGS/RAWDATA/Wang2024/SHB_Springhigh_S55-1_R1.fastq.gz	/orange/munoz/jbenevenuto/WGS/RAWDATA/Wang2024/SHB_Springhigh_S55-1_R2.fastq.gz
SHB_Springwide_S57_1	/orange/munoz/jbenevenuto/WGS/RAWDATA/Wang2024/SHB_Springwide_S57-1_R1.fastq.gz	/orange/munoz/jbenevenuto/WGS/RAWDATA/Wang2024/SHB_Springwide_S57-1_R2.fastq.gz
SHB_Star_S7_1	/orange/munoz/jbenevenuto/WGS/RAWDATA/Wang2024/SHB_Star_S7-1_R1.fastq.gz	/orange/munoz/jbenevenuto/WGS/RAWDATA/Wang2024/SHB_Star_S7-1_R2.fastq.gz
SHB_SubaruM5MSU48_S34_1	/orange/munoz/jbenevenuto/WGS/RAWDATA/Wang2024/SHB_SubaruM5MSU48_S34-1_R1.fastq.gz	/orange/munoz/jbenevenuto/WGS/RAWDATA/Wang2024/SHB_SubaruM5MSU48_S34-1_R2.fastq.gz
SHB_Summit_dingji	/orange/munoz/jbenevenuto/WGS/RAWDATA/Wang2024/SHB_Summit_dingji_R1.fastq.gz	/orange/munoz/jbenevenuto/WGS/RAWDATA/Wang2024/SHB_Summit_dingji_R2.fastq.gz
SHB_SunshineBlue_S27_1	/orange/munoz/jbenevenuto/WGS/RAWDATA/Wang2024/SHB_SunshineBlue_S27-1_R1.fastq.gz	/orange/munoz/jbenevenuto/WGS/RAWDATA/Wang2024/SHB_SunshineBlue_S27-1_R2.fastq.gz
SHB_Suziblue_S16_1	/orange/munoz/jbenevenuto/WGS/RAWDATA/Wang2024/SHB_Suziblue_S16-1_R1.fastq.gz	/orange/munoz/jbenevenuto/WGS/RAWDATA/Wang2024/SHB_Suziblue_S16-1_R2.fastq.gz
SHB_Sweetaroma_S71_1	/orange/munoz/jbenevenuto/WGS/RAWDATA/Wang2024/SHB_Sweetaroma__S71-1_R1.fastq.gz	/orange/munoz/jbenevenuto/WGS/RAWDATA/Wang2024/SHB_Sweetaroma__S71-1_R2.fastq.gz
SHB_Sweetcrisp_S59_1	/orange/munoz/jbenevenuto/WGS/RAWDATA/Wang2024/SHB_Sweetcrisp_S59-1_R1.fastq.gz	/orange/munoz/jbenevenuto/WGS/RAWDATA/Wang2024/SHB_Sweetcrisp_S59-1_R2.fastq.gz
SHB_Traveller_S84ZL_1	/orange/munoz/jbenevenuto/WGS/RAWDATA/Wang2024/SHB_Traveller_S84ZL-1_R1.fastq.gz	/orange/munoz/jbenevenuto/WGS/RAWDATA/Wang2024/SHB_Traveller_S84ZL-1_R2.fastq.gz
SHB_Twilight_muguang	/orange/munoz/jbenevenuto/WGS/RAWDATA/Wang2024/SHB_Twilight_muguang_R1.fastq.gz	/orange/munoz/jbenevenuto/WGS/RAWDATA/Wang2024/SHB_Twilight_muguang_R2.fastq.gz
SHB_US345_V3_S63_1	/orange/munoz/jbenevenuto/WGS/RAWDATA/Wang2024/SHB_US345-V3_S63-1_R1.fastq.gz	/orange/munoz/jbenevenuto/WGS/RAWDATA/Wang2024/SHB_US345-V3_S63-1_R2.fastq.gz
SHB_US75_S31_1	/orange/munoz/jbenevenuto/WGS/RAWDATA/Wang2024/SHB_US75_S31-1_R1.fastq.gz	/orange/munoz/jbenevenuto/WGS/RAWDATA/Wang2024/SHB_US75_S31-1_R2.fastq.gz
SHB_Ventura_S81_1	/orange/munoz/jbenevenuto/WGS/RAWDATA/Wang2024/SHB_Ventura_S81-1_R1.fastq.gz	/orange/munoz/jbenevenuto/WGS/RAWDATA/Wang2024/SHB_Ventura_S81-1_R2.fastq.gz
SHB_Windsor_S58_1	/orange/munoz/jbenevenuto/WGS/RAWDATA/Wang2024/SHB_Windsor_S58-1_R1.fastq.gz	/orange/munoz/jbenevenuto/WGS/RAWDATA/Wang2024/SHB_Windsor_S58-1_R2.fastq.gz
SHB_yiyuan_S75_1	/orange/munoz/jbenevenuto/WGS/RAWDATA/Wang2024/SHB_yiyuan_S75-1_R1.fastq.gz	/orange/munoz/jbenevenuto/WGS/RAWDATA/Wang2024/SHB_yiyuan_S75-1_R2.fastq.gz
Vangustifolium_Blomidon_L1	/orange/munoz/jbenevenuto/WGS/RAWDATA/Wang2024/Vangustifolium_Blomidon_L1_R1.fastq.gz	/orange/munoz/jbenevenuto/WGS/RAWDATA/Wang2024/Vangustifolium_Blomidon_L1_R2.fastq.gz
Vangustifolium_Brunswick_L2	/orange/munoz/jbenevenuto/WGS/RAWDATA/Wang2024/Vangustifolium_Brunswick_L2_R1.fastq.gz	/orange/munoz/jbenevenuto/WGS/RAWDATA/Wang2024/Vangustifolium_Brunswick_L2_R2.fastq.gz
Vangustifolium_CA_206_L6	/orange/munoz/jbenevenuto/WGS/RAWDATA/Wang2024/Vangustifolium_CA-206_L6_R1.fastq.gz	/orange/munoz/jbenevenuto/WGS/RAWDATA/Wang2024/Vangustifolium_CA-206_L6_R2.fastq.gz
Vangustifolium_Chignecto_L5	/orange/munoz/jbenevenuto/WGS/RAWDATA/Wang2024/Vangustifolium_Chignecto_L5_R1.fastq.gz	/orange/munoz/jbenevenuto/WGS/RAWDATA/Wang2024/Vangustifolium_Chignecto_L5_R2.fastq.gz
Vangustifolium_Emil_L9	/orange/munoz/jbenevenuto/WGS/RAWDATA/Wang2024/Vangustifolium_Emil_L9_R1.fastq.gz	/orange/munoz/jbenevenuto/WGS/RAWDATA/Wang2024/Vangustifolium_Emil_L9_R2.fastq.gz
Vangustifolium_EstonianHyb_L12	/orange/munoz/jbenevenuto/WGS/RAWDATA/Wang2024/Vangustifolium_EstonianHyb_L12_R1.fastq.gz	/orange/munoz/jbenevenuto/WGS/RAWDATA/Wang2024/Vangustifolium_EstonianHyb_L12_R2.fastq.gz
Vangustifolium_EstonianHyb_L13	/orange/munoz/jbenevenuto/WGS/RAWDATA/Wang2024/Vangustifolium_EstonianHyb_L13_R1.fastq.gz	/orange/munoz/jbenevenuto/WGS/RAWDATA/Wang2024/Vangustifolium_EstonianHyb_L13_R2.fastq.gz
Vangustifolium_Fundy_L3	/orange/munoz/jbenevenuto/WGS/RAWDATA/Wang2024/Vangustifolium_Fundy_L3_R1.fastq.gz	/orange/munoz/jbenevenuto/WGS/RAWDATA/Wang2024/Vangustifolium_Fundy_L3_R2.fastq.gz
Vangustifolium_L10	/orange/munoz/jbenevenuto/WGS/RAWDATA/Wang2024/Vangustifolium_L10_R1.fastq.gz	/orange/munoz/jbenevenuto/WGS/RAWDATA/Wang2024/Vangustifolium_L10_R2.fastq.gz
Vangustifolium_Novablue	/orange/munoz/jbenevenuto/WGS/RAWDATA/Wang2024/Vangustifolium_Novablue_R1.fastq.gz	/orange/munoz/jbenevenuto/WGS/RAWDATA/Wang2024/Vangustifolium_Novablue_R2.fastq.gz
Vbracteatum_WF1	/orange/munoz/jbenevenuto/WGS/RAWDATA/Wang2024/Vbracteatum_WF1_R1.fastq.gz	/orange/munoz/jbenevenuto/WGS/RAWDATA/Wang2024/Vbracteatum_WF1_R2.fastq.gz
Vcarlesii_DW_1	/orange/munoz/jbenevenuto/WGS/RAWDATA/Wang2024/Vcarlesii_DW-1_R1.fastq.gz	/orange/munoz/jbenevenuto/WGS/RAWDATA/Wang2024/Vcarlesii_DW-1_R2.fastq.gz
Vdarrowii_Wang2024	/orange/munoz/jbenevenuto/WGS/RAWDATA/Wang2024/Vdarrowii_Wang2024_R1.fastq.gz	/orange/munoz/jbenevenuto/WGS/RAWDATA/Wang2024/Vdarrowii_Wang2024_R2.fastq.gz
Vkoreanum_C1	/orange/munoz/jbenevenuto/WGS/RAWDATA/Wang2024/Vkoreanum_C1_R1.fastq.gz	/orange/munoz/jbenevenuto/WGS/RAWDATA/Wang2024/Vkoreanum_C1_R2.fastq.gz
Vmacrocarpon_Bain11_C13	/orange/munoz/jbenevenuto/WGS/RAWDATA/Wang2024/Vmacrocarpon_Bain11_C13_R1.fastq.gz	/orange/munoz/jbenevenuto/WGS/RAWDATA/Wang2024/Vmacrocarpon_Bain11_C13_R2.fastq.gz
Vmacrocarpon_Bain6_C17	/orange/munoz/jbenevenuto/WGS/RAWDATA/Wang2024/Vmacrocarpon_Bain6_C17_R1.fastq.gz	/orange/munoz/jbenevenuto/WGS/RAWDATA/Wang2024/Vmacrocarpon_Bain6_C17_R2.fastq.gz
Vmacrocarpon_BainFavNo1_C12	/orange/munoz/jbenevenuto/WGS/RAWDATA/Wang2024/Vmacrocarpon_BainFavNo1_C12_R1.fastq.gz	/orange/munoz/jbenevenuto/WGS/RAWDATA/Wang2024/Vmacrocarpon_BainFavNo1_C12_R2.fastq.gz
Vmacrocarpon_Bergmen_C8	/orange/munoz/jbenevenuto/WGS/RAWDATA/Wang2024/Vmacrocarpon_Bergmen_C8_R1.fastq.gz	/orange/munoz/jbenevenuto/WGS/RAWDATA/Wang2024/Vmacrocarpon_Bergmen_C8_R2.fastq.gz
Vmacrocarpon_Brewer_C11	/orange/munoz/jbenevenuto/WGS/RAWDATA/Wang2024/Vmacrocarpon_Brewer_C11_R1.fastq.gz	/orange/munoz/jbenevenuto/WGS/RAWDATA/Wang2024/Vmacrocarpon_Brewer_C11_R2.fastq.gz
Vmacrocarpon_HollisterRed_C15	/orange/munoz/jbenevenuto/WGS/RAWDATA/Wang2024/Vmacrocarpon_HollisterRed_C15_R1.fastq.gz	/orange/munoz/jbenevenuto/WGS/RAWDATA/Wang2024/Vmacrocarpon_HollisterRed_C15_R2.fastq.gz
Vmacrocarpon_Howes_C7	/orange/munoz/jbenevenuto/WGS/RAWDATA/Wang2024/Vmacrocarpon_Howes_C7_R1.fastq.gz	/orange/munoz/jbenevenuto/WGS/RAWDATA/Wang2024/Vmacrocarpon_Howes_C7_R2.fastq.gz
Vmacrocarpon_manyueju_JGA503	/orange/munoz/jbenevenuto/WGS/RAWDATA/Wang2024/Vmacrocarpon_manyueju_JGA503_R1.fastq.gz	/orange/munoz/jbenevenuto/WGS/RAWDATA/Wang2024/Vmacrocarpon_manyueju_JGA503_R2.fastq.gz
Vmacrocarpon_Pilgrim_C2	/orange/munoz/jbenevenuto/WGS/RAWDATA/Wang2024/Vmacrocarpon_Pilgrim_C2_R1.fastq.gz	/orange/munoz/jbenevenuto/WGS/RAWDATA/Wang2024/Vmacrocarpon_Pilgrim_C2_R2.fastq.gz
Vmacrocarpon_Stankawich_C6	/orange/munoz/jbenevenuto/WGS/RAWDATA/Wang2024/Vmacrocarpon_Stankawich_C6_R1.fastq.gz	/orange/munoz/jbenevenuto/WGS/RAWDATA/Wang2024/Vmacrocarpon_Stankawich_C6_R2.fastq.gz
Vmacrocarpon_Washington_C19	/orange/munoz/jbenevenuto/WGS/RAWDATA/Wang2024/Vmacrocarpon_Washington_C19_R1.fastq.gz	/orange/munoz/jbenevenuto/WGS/RAWDATA/Wang2024/Vmacrocarpon_Washington_C19_R2.fastq.gz
Vmacrocarpon_WSU108_C10	/orange/munoz/jbenevenuto/WGS/RAWDATA/Wang2024/Vmacrocarpon_WSU108_C10_R1.fastq.gz	/orange/munoz/jbenevenuto/WGS/RAWDATA/Wang2024/Vmacrocarpon_WSU108_C10_R2.fastq.gz
Vmyrtillus_Japan_S52_1	/orange/munoz/jbenevenuto/WGS/RAWDATA/Wang2024/Vmyrtillus_Japan_S52-1_R1.fastq.gz	/orange/munoz/jbenevenuto/WGS/RAWDATA/Wang2024/Vmyrtillus_Japan_S52-1_R2.fastq.gz
Voldhamii_XC_1	/orange/munoz/jbenevenuto/WGS/RAWDATA/Wang2024/Voldhamii_XC-1_R1.fastq.gz	/orange/munoz/jbenevenuto/WGS/RAWDATA/Wang2024/Voldhamii_XC-1_R2.fastq.gz
Vpallidum_Blueridge_H94	/orange/munoz/jbenevenuto/WGS/RAWDATA/Wang2024/Vpallidum_Blueridge_H94_R1.fastq.gz	/orange/munoz/jbenevenuto/WGS/RAWDATA/Wang2024/Vpallidum_Blueridge_H94_R2.fastq.gz
Vreticulatum_RedButton_X14	/orange/munoz/jbenevenuto/WGS/RAWDATA/Wang2024/Vreticulatum_RedButton_X14_R1.fastq.gz	/orange/munoz/jbenevenuto/WGS/RAWDATA/Wang2024/Vreticulatum_RedButton_X14_R2.fastq.gz
Vuliginosum_usiyueju	/orange/munoz/jbenevenuto/WGS/RAWDATA/Wang2024/Vuliginosum_usiyueju_R1.fastq.gz	/orange/munoz/jbenevenuto/WGS/RAWDATA/Wang2024/Vuliginosum_usiyueju_R2.fastq.gz
Vuliginosum_VvL2	/orange/munoz/jbenevenuto/WGS/RAWDATA/Wang2024/Vuliginosum_VvL2_R1.fastq.gz	/orange/munoz/jbenevenuto/WGS/RAWDATA/Wang2024/Vuliginosum_VvL2_R2.fastq.gz
Vvirgatum_Baldwin_Dalian_Y6_1	/orange/munoz/jbenevenuto/WGS/RAWDATA/Wang2024/Vvirgatum_Baldwin-Dalian_Y6-1_R1.fastq.gz	/orange/munoz/jbenevenuto/WGS/RAWDATA/Wang2024/Vvirgatum_Baldwin-Dalian_Y6-1_R2.fastq.gz
Vvirgatum_Baldwin_Nanjing_Y6	/orange/munoz/jbenevenuto/WGS/RAWDATA/Wang2024/Vvirgatum_Baldwin-Nanjing_Y6_R1.fastq.gz	/orange/munoz/jbenevenuto/WGS/RAWDATA/Wang2024/Vvirgatum_Baldwin-Nanjing_Y6_R2.fastq.gz
Vvirgatum_Brightwell_Y9_1	/orange/munoz/jbenevenuto/WGS/RAWDATA/Wang2024/Vvirgatum_Brightwell_Y9-1_R1.fastq.gz	/orange/munoz/jbenevenuto/WGS/RAWDATA/Wang2024/Vvirgatum_Brightwell_Y9-1_R2.fastq.gz
Vvirgatum_Choice_Dalian_Y5_1	/orange/munoz/jbenevenuto/WGS/RAWDATA/Wang2024/Vvirgatum_Choice-Dalian_Y5-1_R1.fastq.gz	/orange/munoz/jbenevenuto/WGS/RAWDATA/Wang2024/Vvirgatum_Choice-Dalian_Y5-1_R2.fastq.gz
Vvirgatum_Choice_Nanjing_Y5	/orange/munoz/jbenevenuto/WGS/RAWDATA/Wang2024/Vvirgatum_Choice-Nanjing_Y5_R1.fastq.gz	/orange/munoz/jbenevenuto/WGS/RAWDATA/Wang2024/Vvirgatum_Choice-Nanjing_Y5_R2.fastq.gz
Vvirgatum_Climax_Y8_1	/orange/munoz/jbenevenuto/WGS/RAWDATA/Wang2024/Vvirgatum_Climax_Y8-1_R1.fastq.gz	/orange/munoz/jbenevenuto/WGS/RAWDATA/Wang2024/Vvirgatum_Climax_Y8-1_R2.fastq.gz
Vvirgatum_Coastal_Y14	/orange/munoz/jbenevenuto/WGS/RAWDATA/Wang2024/Vvirgatum_Coastal_Y14_R1.fastq.gz	/orange/munoz/jbenevenuto/WGS/RAWDATA/Wang2024/Vvirgatum_Coastal_Y14_R2.fastq.gz
Vvirgatum_Gardenblue_Y3_1	/orange/munoz/jbenevenuto/WGS/RAWDATA/Wang2024/Vvirgatum_Gardenblue_Y3-1_R1.fastq.gz	/orange/munoz/jbenevenuto/WGS/RAWDATA/Wang2024/Vvirgatum_Gardenblue_Y3-1_R2.fastq.gz
Vvirgatum_Homebell_Y12	/orange/munoz/jbenevenuto/WGS/RAWDATA/Wang2024/Vvirgatum_Homebell_Y12_R1.fastq.gz	/orange/munoz/jbenevenuto/WGS/RAWDATA/Wang2024/Vvirgatum_Homebell_Y12_R2.fastq.gz
Vvirgatum_PinkLemenadeF1_H82	/orange/munoz/jbenevenuto/WGS/RAWDATA/Wang2024/Vvirgatum_PinkLemenadeF1_H82_R1.fastq.gz	/orange/munoz/jbenevenuto/WGS/RAWDATA/Wang2024/Vvirgatum_PinkLemenadeF1_H82_R2.fastq.gz
Vvirgatum_PowderBlue_Y1_1	/orange/munoz/jbenevenuto/WGS/RAWDATA/Wang2024/Vvirgatum_PowderBlue_Y1-1_R1.fastq.gz	/orange/munoz/jbenevenuto/WGS/RAWDATA/Wang2024/Vvirgatum_PowderBlue_Y1-1_R2.fastq.gz
Vvirgatum_Premeir_Y4_1	/orange/munoz/jbenevenuto/WGS/RAWDATA/Wang2024/Vvirgatum_Premeir_Y4-1_R1.fastq.gz	/orange/munoz/jbenevenuto/WGS/RAWDATA/Wang2024/Vvirgatum_Premeir_Y4-1_R2.fastq.gz
Vvirgatum_Southland_Y11_1	/orange/munoz/jbenevenuto/WGS/RAWDATA/Wang2024/Vvirgatum_Southland_Y11-1_R1.fastq.gz	/orange/munoz/jbenevenuto/WGS/RAWDATA/Wang2024/Vvirgatum_Southland_Y11-1_R2.fastq.gz
Vvirgatum_Tifblue_Y10_1	/orange/munoz/jbenevenuto/WGS/RAWDATA/Wang2024/Vvirgatum_Tifblue_Y10-1_R1.fastq.gz	/orange/munoz/jbenevenuto/WGS/RAWDATA/Wang2024/Vvirgatum_Tifblue_Y10-1_R2.fastq.gz
Vvirgatum_Woodard_Y13	/orange/munoz/jbenevenuto/WGS/RAWDATA/Wang2024/Vvirgatum_Woodard_Y13_R1.fastq.gz	/orange/munoz/jbenevenuto/WGS/RAWDATA/Wang2024/Vvirgatum_Woodard_Y13_R2.fastq.gz
Vvitisidaea_Ida_R5	/orange/munoz/jbenevenuto/WGS/RAWDATA/Wang2024/Vvitisidaea_Ida_R5_R1.fastq.gz	/orange/munoz/jbenevenuto/WGS/RAWDATA/Wang2024/Vvitisidaea_Ida_R5_R2.fastq.gz
Vvitisidaea_Sanna_R8	/orange/munoz/jbenevenuto/WGS/RAWDATA/Wang2024/Vvitisidaea_Sanna_R8_R1.fastq.gz	/orange/munoz/jbenevenuto/WGS/RAWDATA/Wang2024/Vvitisidaea_Sanna_R8_R2.fastq.gz
