sample	total_reads	mapped_percent	paired_in_sequencing	properly_paired_percent
sample2177	4008	4008 + 0 mapped (100.00% : N/A)	4008	4008 + 0 properly paired (100.00% : N/A)
sample2433	4008	4008 + 0 mapped (100.00% : N/A)	4008	4008 + 0 properly paired (100.00% : N/A)
sample2689	4008	4008 + 0 mapped (100.00% : N/A)	4008	4008 + 0 properly paired (100.00% : N/A)
sample1921	4008	4008 + 0 mapped (100.00% : N/A)	4008	4008 + 0 properly paired (100.00% : N/A)
sample2690	4008	4008 + 0 mapped (100.00% : N/A)	4008	4008 + 0 properly paired (100.00% : N/A)
sample2178	4006	4006 + 0 mapped (100.00% : N/A)	4006	4006 + 0 properly paired (100.00% : N/A)
sample2434	4008	4008 + 0 mapped (100.00% : N/A)	4008	4008 + 0 properly paired (100.00% : N/A)
sample1922	4008	4008 + 0 mapped (100.00% : N/A)	4008	4008 + 0 properly paired (100.00% : N/A)
sample2691	4008	4008 + 0 mapped (100.00% : N/A)	4008	4008 + 0 properly paired (100.00% : N/A)
sample2179	4008	4008 + 0 mapped (100.00% : N/A)	4008	4008 + 0 properly paired (100.00% : N/A)
sample2435	4006	4006 + 0 mapped (100.00% : N/A)	4006	4006 + 0 properly paired (100.00% : N/A)
sample1923	4006	4006 + 0 mapped (100.00% : N/A)	4006	4006 + 0 properly paired (100.00% : N/A)
sample2692	4008	4008 + 0 mapped (100.00% : N/A)	4008	4008 + 0 properly paired (100.00% : N/A)
sample2180	4008	4008 + 0 mapped (100.00% : N/A)	4008	4008 + 0 properly paired (100.00% : N/A)
sample2436	4006	4006 + 0 mapped (100.00% : N/A)	4006	4006 + 0 properly paired (100.00% : N/A)
sample1924	4008	4008 + 0 mapped (100.00% : N/A)	4008	4008 + 0 properly paired (100.00% : N/A)
sample2693	4008	4008 + 0 mapped (100.00% : N/A)	4008	4008 + 0 properly paired (100.00% : N/A)
sample2181	4006	4006 + 0 mapped (100.00% : N/A)	4006	4006 + 0 properly paired (100.00% : N/A)
sample2437	4008	4008 + 0 mapped (100.00% : N/A)	4008	4008 + 0 properly paired (100.00% : N/A)
sample1925	4004	4004 + 0 mapped (100.00% : N/A)	4004	4004 + 0 properly paired (100.00% : N/A)
sample2694	4006	4006 + 0 mapped (100.00% : N/A)	4006	4006 + 0 properly paired (100.00% : N/A)
sample2182	4008	4008 + 0 mapped (100.00% : N/A)	4008	4008 + 0 properly paired (100.00% : N/A)
sample2438	4008	4008 + 0 mapped (100.00% : N/A)	4008	4008 + 0 properly paired (100.00% : N/A)
sample2695	4008	4008 + 0 mapped (100.00% : N/A)	4008	4008 + 0 properly paired (100.00% : N/A)
sample1926	4006	4006 + 0 mapped (100.00% : N/A)	4006	4006 + 0 properly paired (100.00% : N/A)
sample2183	4006	4006 + 0 mapped (100.00% : N/A)	4006	4006 + 0 properly paired (100.00% : N/A)
sample2439	4006	4006 + 0 mapped (100.00% : N/A)	4006	4006 + 0 properly paired (100.00% : N/A)
sample2696	4008	4008 + 0 mapped (100.00% : N/A)	4008	4008 + 0 properly paired (100.00% : N/A)
sample2184	4008	4008 + 0 mapped (100.00% : N/A)	4008	4008 + 0 properly paired (100.00% : N/A)
sample1927	4008	4008 + 0 mapped (100.00% : N/A)	4008	4008 + 0 properly paired (100.00% : N/A)
sample2440	4008	4008 + 0 mapped (100.00% : N/A)	4008	4008 + 0 properly paired (100.00% : N/A)
sample2697	4006	4006 + 0 mapped (100.00% : N/A)	4006	4006 + 0 properly paired (100.00% : N/A)
sample2185	4006	4006 + 0 mapped (100.00% : N/A)	4006	4006 + 0 properly paired (100.00% : N/A)
sample1928	4008	4008 + 0 mapped (100.00% : N/A)	4008	4008 + 0 properly paired (100.00% : N/A)
sample2186	4008	4008 + 0 mapped (100.00% : N/A)	4008	4008 + 0 properly paired (100.00% : N/A)
sample2441	4006	4006 + 0 mapped (100.00% : N/A)	4006	4006 + 0 properly paired (100.00% : N/A)
sample2698	4004	4004 + 0 mapped (100.00% : N/A)	4004	4004 + 0 properly paired (100.00% : N/A)
sample1929	4006	4006 + 0 mapped (100.00% : N/A)	4006	4006 + 0 properly paired (100.00% : N/A)
sample2442	4008	4008 + 0 mapped (100.00% : N/A)	4008	4008 + 0 properly paired (100.00% : N/A)
sample2699	4008	4008 + 0 mapped (100.00% : N/A)	4008	4008 + 0 properly paired (100.00% : N/A)
sample2187	4002	4002 + 0 mapped (100.00% : N/A)	4002	4002 + 0 properly paired (100.00% : N/A)
sample1930	4006	4006 + 0 mapped (100.00% : N/A)	4006	4006 + 0 properly paired (100.00% : N/A)
sample2700	4004	4004 + 0 mapped (100.00% : N/A)	4004	4004 + 0 properly paired (100.00% : N/A)
sample2188	4008	4008 + 0 mapped (100.00% : N/A)	4008	4008 + 0 properly paired (100.00% : N/A)
sample2443	4006	4006 + 0 mapped (100.00% : N/A)	4006	4006 + 0 properly paired (100.00% : N/A)
sample1931	4006	4006 + 0 mapped (100.00% : N/A)	4006	4006 + 0 properly paired (100.00% : N/A)
sample2701	4006	4006 + 0 mapped (100.00% : N/A)	4006	4006 + 0 properly paired (100.00% : N/A)
sample2189	4008	4008 + 0 mapped (100.00% : N/A)	4008	4008 + 0 properly paired (100.00% : N/A)
sample2444	4008	4008 + 0 mapped (100.00% : N/A)	4008	4008 + 0 properly paired (100.00% : N/A)
sample1932	4002	4002 + 0 mapped (100.00% : N/A)	4002	4002 + 0 properly paired (100.00% : N/A)
sample2702	4006	4006 + 0 mapped (100.00% : N/A)	4006	4006 + 0 properly paired (100.00% : N/A)
sample2190	4002	4002 + 0 mapped (100.00% : N/A)	4002	4002 + 0 properly paired (100.00% : N/A)
sample2445	4004	4004 + 0 mapped (100.00% : N/A)	4004	4004 + 0 properly paired (100.00% : N/A)
sample1933	4004	4004 + 0 mapped (100.00% : N/A)	4004	4004 + 0 properly paired (100.00% : N/A)
sample2191	4006	4006 + 0 mapped (100.00% : N/A)	4006	4006 + 0 properly paired (100.00% : N/A)
sample2703	4004	4004 + 0 mapped (100.00% : N/A)	4004	4004 + 0 properly paired (100.00% : N/A)
sample2446	4002	4002 + 0 mapped (100.00% : N/A)	4002	4002 + 0 properly paired (100.00% : N/A)
sample1934	4006	4006 + 0 mapped (100.00% : N/A)	4006	4006 + 0 properly paired (100.00% : N/A)
sample2704	4006	4006 + 0 mapped (100.00% : N/A)	4006	4006 + 0 properly paired (100.00% : N/A)
sample2192	4004	4004 + 0 mapped (100.00% : N/A)	4004	4004 + 0 properly paired (100.00% : N/A)
sample2447	4004	4004 + 0 mapped (100.00% : N/A)	4004	4004 + 0 properly paired (100.00% : N/A)
sample1935	4008	4008 + 0 mapped (100.00% : N/A)	4008	4008 + 0 properly paired (100.00% : N/A)
sample2193	4006	4006 + 0 mapped (100.00% : N/A)	4006	4006 + 0 properly paired (100.00% : N/A)
sample2705	4008	4008 + 0 mapped (100.00% : N/A)	4008	4008 + 0 properly paired (100.00% : N/A)
sample2448	4008	4008 + 0 mapped (100.00% : N/A)	4008	4008 + 0 properly paired (100.00% : N/A)
sample2706	4006	4006 + 0 mapped (100.00% : N/A)	4006	4006 + 0 properly paired (100.00% : N/A)
sample2194	4008	4008 + 0 mapped (100.00% : N/A)	4008	4008 + 0 properly paired (100.00% : N/A)
sample1936	4008	4008 + 0 mapped (100.00% : N/A)	4008	4008 + 0 properly paired (100.00% : N/A)
sample2449	4008	4008 + 0 mapped (100.00% : N/A)	4008	4008 + 0 properly paired (100.00% : N/A)
sample2195	4004	4004 + 0 mapped (100.00% : N/A)	4004	4004 + 0 properly paired (100.00% : N/A)
sample2707	4006	4006 + 0 mapped (100.00% : N/A)	4006	4006 + 0 properly paired (100.00% : N/A)
sample1937	4008	4008 + 0 mapped (100.00% : N/A)	4008	4008 + 0 properly paired (100.00% : N/A)
sample2450	4008	4008 + 0 mapped (100.00% : N/A)	4008	4008 + 0 properly paired (100.00% : N/A)
sample2196	4006	4006 + 0 mapped (100.00% : N/A)	4006	4006 + 0 properly paired (100.00% : N/A)
sample2708	4002	4002 + 0 mapped (100.00% : N/A)	4002	4002 + 0 properly paired (100.00% : N/A)
sample1938	4008	4008 + 0 mapped (100.00% : N/A)	4008	4008 + 0 properly paired (100.00% : N/A)
sample2451	4004	4004 + 0 mapped (100.00% : N/A)	4004	4004 + 0 properly paired (100.00% : N/A)
sample2197	4006	4006 + 0 mapped (100.00% : N/A)	4006	4006 + 0 properly paired (100.00% : N/A)
sample2709	4008	4008 + 0 mapped (100.00% : N/A)	4008	4008 + 0 properly paired (100.00% : N/A)
sample1939	4006	4006 + 0 mapped (100.00% : N/A)	4006	4006 + 0 properly paired (100.00% : N/A)
sample2452	4004	4004 + 0 mapped (100.00% : N/A)	4004	4004 + 0 properly paired (100.00% : N/A)
sample2198	4008	4008 + 0 mapped (100.00% : N/A)	4008	4008 + 0 properly paired (100.00% : N/A)
sample2710	4006	4006 + 0 mapped (100.00% : N/A)	4006	4006 + 0 properly paired (100.00% : N/A)
sample2453	4008	4008 + 0 mapped (100.00% : N/A)	4008	4008 + 0 properly paired (100.00% : N/A)
sample1940	4004	4004 + 0 mapped (100.00% : N/A)	4004	4004 + 0 properly paired (100.00% : N/A)
sample2199	4008	4008 + 0 mapped (100.00% : N/A)	4008	4008 + 0 properly paired (100.00% : N/A)
sample2711	4006	4006 + 0 mapped (100.00% : N/A)	4006	4006 + 0 properly paired (100.00% : N/A)
sample2454	4004	4004 + 0 mapped (100.00% : N/A)	4004	4004 + 0 properly paired (100.00% : N/A)
sample2200	4006	4006 + 0 mapped (100.00% : N/A)	4006	4006 + 0 properly paired (100.00% : N/A)
sample1941	4008	4008 + 0 mapped (100.00% : N/A)	4008	4008 + 0 properly paired (100.00% : N/A)
sample2712	4006	4006 + 0 mapped (100.00% : N/A)	4006	4006 + 0 properly paired (100.00% : N/A)
sample2455	4002	4002 + 0 mapped (100.00% : N/A)	4002	4002 + 0 properly paired (100.00% : N/A)
sample2201	4006	4006 + 0 mapped (100.00% : N/A)	4006	4006 + 0 properly paired (100.00% : N/A)
sample2713	4008	4008 + 0 mapped (100.00% : N/A)	4008	4008 + 0 properly paired (100.00% : N/A)
sample1942	4002	4002 + 0 mapped (100.00% : N/A)	4002	4002 + 0 properly paired (100.00% : N/A)
sample2202	4004	4004 + 0 mapped (100.00% : N/A)	4004	4004 + 0 properly paired (100.00% : N/A)
sample2456	4004	4004 + 0 mapped (100.00% : N/A)	4004	4004 + 0 properly paired (100.00% : N/A)
sample2714	4008	4008 + 0 mapped (100.00% : N/A)	4008	4008 + 0 properly paired (100.00% : N/A)
sample1943	4004	4004 + 0 mapped (100.00% : N/A)	4004	4004 + 0 properly paired (100.00% : N/A)
sample2203	4002	4002 + 0 mapped (100.00% : N/A)	4002	4002 + 0 properly paired (100.00% : N/A)
sample2457	4006	4006 + 0 mapped (100.00% : N/A)	4006	4006 + 0 properly paired (100.00% : N/A)
sample2715	4004	4004 + 0 mapped (100.00% : N/A)	4004	4004 + 0 properly paired (100.00% : N/A)
sample1944	4006	4006 + 0 mapped (100.00% : N/A)	4006	4006 + 0 properly paired (100.00% : N/A)
sample2204	4006	4006 + 0 mapped (100.00% : N/A)	4006	4006 + 0 properly paired (100.00% : N/A)
sample2458	4008	4008 + 0 mapped (100.00% : N/A)	4008	4008 + 0 properly paired (100.00% : N/A)
sample2716	4000	4000 + 0 mapped (100.00% : N/A)	4000	4000 + 0 properly paired (100.00% : N/A)
sample1945	4006	4006 + 0 mapped (100.00% : N/A)	4006	4006 + 0 properly paired (100.00% : N/A)
sample2205	4008	4008 + 0 mapped (100.00% : N/A)	4008	4008 + 0 properly paired (100.00% : N/A)
sample2459	4006	4006 + 0 mapped (100.00% : N/A)	4006	4006 + 0 properly paired (100.00% : N/A)
sample2717	4006	4006 + 0 mapped (100.00% : N/A)	4006	4006 + 0 properly paired (100.00% : N/A)
sample1946	4008	4008 + 0 mapped (100.00% : N/A)	4008	4008 + 0 properly paired (100.00% : N/A)
sample2206	4004	4004 + 0 mapped (100.00% : N/A)	4004	4004 + 0 properly paired (100.00% : N/A)
sample2460	4008	4008 + 0 mapped (100.00% : N/A)	4008	4008 + 0 properly paired (100.00% : N/A)
sample2718	4004	4004 + 0 mapped (100.00% : N/A)	4004	4004 + 0 properly paired (100.00% : N/A)
sample1947	4006	4006 + 0 mapped (100.00% : N/A)	4006	4006 + 0 properly paired (100.00% : N/A)
sample2207	4006	4006 + 0 mapped (100.00% : N/A)	4006	4006 + 0 properly paired (100.00% : N/A)
sample2461	4008	4008 + 0 mapped (100.00% : N/A)	4008	4008 + 0 properly paired (100.00% : N/A)
sample2719	4004	4004 + 0 mapped (100.00% : N/A)	4004	4004 + 0 properly paired (100.00% : N/A)
sample1948	4008	4008 + 0 mapped (100.00% : N/A)	4008	4008 + 0 properly paired (100.00% : N/A)
sample2208	4006	4006 + 0 mapped (100.00% : N/A)	4006	4006 + 0 properly paired (100.00% : N/A)
sample2462	4008	4008 + 0 mapped (100.00% : N/A)	4008	4008 + 0 properly paired (100.00% : N/A)
sample2720	4008	4008 + 0 mapped (100.00% : N/A)	4008	4008 + 0 properly paired (100.00% : N/A)
sample1949	4002	4002 + 0 mapped (100.00% : N/A)	4002	4002 + 0 properly paired (100.00% : N/A)
sample2209	4006	4006 + 0 mapped (100.00% : N/A)	4006	4006 + 0 properly paired (100.00% : N/A)
sample2721	4008	4008 + 0 mapped (100.00% : N/A)	4008	4008 + 0 properly paired (100.00% : N/A)
sample2463	4008	4008 + 0 mapped (100.00% : N/A)	4008	4008 + 0 properly paired (100.00% : N/A)
sample1950	4004	4004 + 0 mapped (100.00% : N/A)	4004	4004 + 0 properly paired (100.00% : N/A)
sample2210	4004	4004 + 0 mapped (100.00% : N/A)	4004	4004 + 0 properly paired (100.00% : N/A)
sample2722	4000	4000 + 0 mapped (100.00% : N/A)	4000	4000 + 0 properly paired (100.00% : N/A)
sample2464	4008	4008 + 0 mapped (100.00% : N/A)	4008	4008 + 0 properly paired (100.00% : N/A)
sample2211	4004	4004 + 0 mapped (100.00% : N/A)	4004	4004 + 0 properly paired (100.00% : N/A)
sample1951	4008	4008 + 0 mapped (100.00% : N/A)	4008	4008 + 0 properly paired (100.00% : N/A)
sample2723	4008	4008 + 0 mapped (100.00% : N/A)	4008	4008 + 0 properly paired (100.00% : N/A)
sample2465	4006	4006 + 0 mapped (100.00% : N/A)	4006	4006 + 0 properly paired (100.00% : N/A)
sample2212	4008	4008 + 0 mapped (100.00% : N/A)	4008	4008 + 0 properly paired (100.00% : N/A)
sample1952	4006	4006 + 0 mapped (100.00% : N/A)	4006	4006 + 0 properly paired (100.00% : N/A)
sample2724	4008	4008 + 0 mapped (100.00% : N/A)	4008	4008 + 0 properly paired (100.00% : N/A)
sample2466	4008	4008 + 0 mapped (100.00% : N/A)	4008	4008 + 0 properly paired (100.00% : N/A)
sample2213	4004	4004 + 0 mapped (100.00% : N/A)	4004	4004 + 0 properly paired (100.00% : N/A)
sample1953	4004	4004 + 0 mapped (100.00% : N/A)	4004	4004 + 0 properly paired (100.00% : N/A)
sample2725	4004	4004 + 0 mapped (100.00% : N/A)	4004	4004 + 0 properly paired (100.00% : N/A)
sample2214	4006	4006 + 0 mapped (100.00% : N/A)	4006	4006 + 0 properly paired (100.00% : N/A)
sample2467	4008	4008 + 0 mapped (100.00% : N/A)	4008	4008 + 0 properly paired (100.00% : N/A)
sample1954	4006	4006 + 0 mapped (100.00% : N/A)	4006	4006 + 0 properly paired (100.00% : N/A)
sample2726	4004	4004 + 0 mapped (100.00% : N/A)	4004	4004 + 0 properly paired (100.00% : N/A)
sample2215	4006	4006 + 0 mapped (100.00% : N/A)	4006	4006 + 0 properly paired (100.00% : N/A)
sample2468	4008	4008 + 0 mapped (100.00% : N/A)	4008	4008 + 0 properly paired (100.00% : N/A)
sample1955	4006	4006 + 0 mapped (100.00% : N/A)	4006	4006 + 0 properly paired (100.00% : N/A)
sample2727	4006	4006 + 0 mapped (100.00% : N/A)	4006	4006 + 0 properly paired (100.00% : N/A)
sample2216	4004	4004 + 0 mapped (100.00% : N/A)	4004	4004 + 0 properly paired (100.00% : N/A)
sample2469	4008	4008 + 0 mapped (100.00% : N/A)	4008	4008 + 0 properly paired (100.00% : N/A)
sample2728	4008	4008 + 0 mapped (100.00% : N/A)	4008	4008 + 0 properly paired (100.00% : N/A)
sample1956	4004	4004 + 0 mapped (100.00% : N/A)	4004	4004 + 0 properly paired (100.00% : N/A)
sample2217	4008	4008 + 0 mapped (100.00% : N/A)	4008	4008 + 0 properly paired (100.00% : N/A)
sample2470	4006	4006 + 0 mapped (100.00% : N/A)	4006	4006 + 0 properly paired (100.00% : N/A)
sample2729	4006	4006 + 0 mapped (100.00% : N/A)	4006	4006 + 0 properly paired (100.00% : N/A)
sample1957	4006	4006 + 0 mapped (100.00% : N/A)	4006	4006 + 0 properly paired (100.00% : N/A)
sample2218	4008	4008 + 0 mapped (100.00% : N/A)	4008	4008 + 0 properly paired (100.00% : N/A)
sample2471	4002	4002 + 0 mapped (100.00% : N/A)	4002	4002 + 0 properly paired (100.00% : N/A)
sample2730	4006	4006 + 0 mapped (100.00% : N/A)	4006	4006 + 0 properly paired (100.00% : N/A)
sample1958	4002	4002 + 0 mapped (100.00% : N/A)	4002	4002 + 0 properly paired (100.00% : N/A)
sample2219	4004	4004 + 0 mapped (100.00% : N/A)	4004	4004 + 0 properly paired (100.00% : N/A)
sample2472	4008	4008 + 0 mapped (100.00% : N/A)	4008	4008 + 0 properly paired (100.00% : N/A)
sample2731	4004	4004 + 0 mapped (100.00% : N/A)	4004	4004 + 0 properly paired (100.00% : N/A)
sample1959	4004	4004 + 0 mapped (100.00% : N/A)	4004	4004 + 0 properly paired (100.00% : N/A)
sample1960	4006	4006 + 0 mapped (100.00% : N/A)	4006	4006 + 0 properly paired (100.00% : N/A)
sample2220	4004	4004 + 0 mapped (100.00% : N/A)	4004	4004 + 0 properly paired (100.00% : N/A)
sample2732	4002	4002 + 0 mapped (100.00% : N/A)	4002	4002 + 0 properly paired (100.00% : N/A)
sample2473	4008	4008 + 0 mapped (100.00% : N/A)	4008	4008 + 0 properly paired (100.00% : N/A)
sample1961	4004	4004 + 0 mapped (100.00% : N/A)	4004	4004 + 0 properly paired (100.00% : N/A)
sample2221	4006	4006 + 0 mapped (100.00% : N/A)	4006	4006 + 0 properly paired (100.00% : N/A)
sample2733	4006	4006 + 0 mapped (100.00% : N/A)	4006	4006 + 0 properly paired (100.00% : N/A)
sample2474	4006	4006 + 0 mapped (100.00% : N/A)	4006	4006 + 0 properly paired (100.00% : N/A)
sample1962	4008	4008 + 0 mapped (100.00% : N/A)	4008	4008 + 0 properly paired (100.00% : N/A)
sample2222	4008	4008 + 0 mapped (100.00% : N/A)	4008	4008 + 0 properly paired (100.00% : N/A)
sample2734	4006	4006 + 0 mapped (100.00% : N/A)	4006	4006 + 0 properly paired (100.00% : N/A)
sample2475	4000	4000 + 0 mapped (100.00% : N/A)	4000	4000 + 0 properly paired (100.00% : N/A)
sample2223	4004	4004 + 0 mapped (100.00% : N/A)	4004	4004 + 0 properly paired (100.00% : N/A)
sample1963	4008	4008 + 0 mapped (100.00% : N/A)	4008	4008 + 0 properly paired (100.00% : N/A)
sample2735	4002	4002 + 0 mapped (100.00% : N/A)	4002	4002 + 0 properly paired (100.00% : N/A)
sample2476	4008	4008 + 0 mapped (100.00% : N/A)	4008	4008 + 0 properly paired (100.00% : N/A)
sample2224	4006	4006 + 0 mapped (100.00% : N/A)	4006	4006 + 0 properly paired (100.00% : N/A)
sample1964	4006	4006 + 0 mapped (100.00% : N/A)	4006	4006 + 0 properly paired (100.00% : N/A)
sample2736	4008	4008 + 0 mapped (100.00% : N/A)	4008	4008 + 0 properly paired (100.00% : N/A)
sample2225	4004	4004 + 0 mapped (100.00% : N/A)	4004	4004 + 0 properly paired (100.00% : N/A)
sample2477	4008	4008 + 0 mapped (100.00% : N/A)	4008	4008 + 0 properly paired (100.00% : N/A)
sample1965	4008	4008 + 0 mapped (100.00% : N/A)	4008	4008 + 0 properly paired (100.00% : N/A)
sample2737	4006	4006 + 0 mapped (100.00% : N/A)	4006	4006 + 0 properly paired (100.00% : N/A)
sample2226	4006	4006 + 0 mapped (100.00% : N/A)	4006	4006 + 0 properly paired (100.00% : N/A)
sample2478	4008	4008 + 0 mapped (100.00% : N/A)	4008	4008 + 0 properly paired (100.00% : N/A)
sample1966	4008	4008 + 0 mapped (100.00% : N/A)	4008	4008 + 0 properly paired (100.00% : N/A)
sample2738	4006	4006 + 0 mapped (100.00% : N/A)	4006	4006 + 0 properly paired (100.00% : N/A)
sample2227	3998	3998 + 0 mapped (100.00% : N/A)	3998	3998 + 0 properly paired (100.00% : N/A)
sample2479	4006	4006 + 0 mapped (100.00% : N/A)	4006	4006 + 0 properly paired (100.00% : N/A)
sample2739	4006	4006 + 0 mapped (100.00% : N/A)	4006	4006 + 0 properly paired (100.00% : N/A)
sample1967	4008	4008 + 0 mapped (100.00% : N/A)	4008	4008 + 0 properly paired (100.00% : N/A)
sample2228	4004	4004 + 0 mapped (100.00% : N/A)	4004	4004 + 0 properly paired (100.00% : N/A)
sample2480	4008	4008 + 0 mapped (100.00% : N/A)	4008	4008 + 0 properly paired (100.00% : N/A)
sample2740	4008	4008 + 0 mapped (100.00% : N/A)	4008	4008 + 0 properly paired (100.00% : N/A)
sample1968	4008	4008 + 0 mapped (100.00% : N/A)	4008	4008 + 0 properly paired (100.00% : N/A)
sample2229	4008	4008 + 0 mapped (100.00% : N/A)	4008	4008 + 0 properly paired (100.00% : N/A)
sample2481	4008	4008 + 0 mapped (100.00% : N/A)	4008	4008 + 0 properly paired (100.00% : N/A)
sample2741	4006	4006 + 0 mapped (100.00% : N/A)	4006	4006 + 0 properly paired (100.00% : N/A)
sample2230	4004	4004 + 0 mapped (100.00% : N/A)	4004	4004 + 0 properly paired (100.00% : N/A)
sample1969	4008	4008 + 0 mapped (100.00% : N/A)	4008	4008 + 0 properly paired (100.00% : N/A)
sample2482	4008	4008 + 0 mapped (100.00% : N/A)	4008	4008 + 0 properly paired (100.00% : N/A)
sample2742	4008	4008 + 0 mapped (100.00% : N/A)	4008	4008 + 0 properly paired (100.00% : N/A)
sample2231	4008	4008 + 0 mapped (100.00% : N/A)	4008	4008 + 0 properly paired (100.00% : N/A)
sample2743	4008	4008 + 0 mapped (100.00% : N/A)	4008	4008 + 0 properly paired (100.00% : N/A)
sample2483	4006	4006 + 0 mapped (100.00% : N/A)	4006	4006 + 0 properly paired (100.00% : N/A)
sample1970	4008	4008 + 0 mapped (100.00% : N/A)	4008	4008 + 0 properly paired (100.00% : N/A)
sample2232	4008	4008 + 0 mapped (100.00% : N/A)	4008	4008 + 0 properly paired (100.00% : N/A)
sample2744	4004	4004 + 0 mapped (100.00% : N/A)	4004	4004 + 0 properly paired (100.00% : N/A)
sample2484	4006	4006 + 0 mapped (100.00% : N/A)	4006	4006 + 0 properly paired (100.00% : N/A)
sample1971	4002	4002 + 0 mapped (100.00% : N/A)	4002	4002 + 0 properly paired (100.00% : N/A)
sample2233	4006	4006 + 0 mapped (100.00% : N/A)	4006	4006 + 0 properly paired (100.00% : N/A)
sample2745	4004	4004 + 0 mapped (100.00% : N/A)	4004	4004 + 0 properly paired (100.00% : N/A)
sample2485	4006	4006 + 0 mapped (100.00% : N/A)	4006	4006 + 0 properly paired (100.00% : N/A)
sample1972	4006	4006 + 0 mapped (100.00% : N/A)	4006	4006 + 0 properly paired (100.00% : N/A)
sample2234	4004	4004 + 0 mapped (100.00% : N/A)	4004	4004 + 0 properly paired (100.00% : N/A)
sample2746	4008	4008 + 0 mapped (100.00% : N/A)	4008	4008 + 0 properly paired (100.00% : N/A)
sample2486	4008	4008 + 0 mapped (100.00% : N/A)	4008	4008 + 0 properly paired (100.00% : N/A)
sample1973	4008	4008 + 0 mapped (100.00% : N/A)	4008	4008 + 0 properly paired (100.00% : N/A)
sample2235	4008	4008 + 0 mapped (100.00% : N/A)	4008	4008 + 0 properly paired (100.00% : N/A)
sample2747	4006	4006 + 0 mapped (100.00% : N/A)	4006	4006 + 0 properly paired (100.00% : N/A)
sample2487	4008	4008 + 0 mapped (100.00% : N/A)	4008	4008 + 0 properly paired (100.00% : N/A)
sample2236	4008	4008 + 0 mapped (100.00% : N/A)	4008	4008 + 0 properly paired (100.00% : N/A)
sample1974	4004	4004 + 0 mapped (100.00% : N/A)	4004	4004 + 0 properly paired (100.00% : N/A)
sample2748	4006	4006 + 0 mapped (100.00% : N/A)	4006	4006 + 0 properly paired (100.00% : N/A)
sample2488	4006	4006 + 0 mapped (100.00% : N/A)	4006	4006 + 0 properly paired (100.00% : N/A)
sample2237	4006	4006 + 0 mapped (100.00% : N/A)	4006	4006 + 0 properly paired (100.00% : N/A)
sample1975	4008	4008 + 0 mapped (100.00% : N/A)	4008	4008 + 0 properly paired (100.00% : N/A)
sample2749	4002	4002 + 0 mapped (100.00% : N/A)	4002	4002 + 0 properly paired (100.00% : N/A)
sample2489	4004	4004 + 0 mapped (100.00% : N/A)	4004	4004 + 0 properly paired (100.00% : N/A)
sample2238	4008	4008 + 0 mapped (100.00% : N/A)	4008	4008 + 0 properly paired (100.00% : N/A)
sample2750	4006	4006 + 0 mapped (100.00% : N/A)	4006	4006 + 0 properly paired (100.00% : N/A)
sample1976	3998	3998 + 0 mapped (100.00% : N/A)	3998	3998 + 0 properly paired (100.00% : N/A)
sample2239	4004	4004 + 0 mapped (100.00% : N/A)	4004	4004 + 0 properly paired (100.00% : N/A)
sample2490	4008	4008 + 0 mapped (100.00% : N/A)	4008	4008 + 0 properly paired (100.00% : N/A)
sample2751	4004	4004 + 0 mapped (100.00% : N/A)	4004	4004 + 0 properly paired (100.00% : N/A)
sample2240	4004	4004 + 0 mapped (100.00% : N/A)	4004	4004 + 0 properly paired (100.00% : N/A)
sample1977	4004	4004 + 0 mapped (100.00% : N/A)	4004	4004 + 0 properly paired (100.00% : N/A)
sample2491	4008	4008 + 0 mapped (100.00% : N/A)	4008	4008 + 0 properly paired (100.00% : N/A)
sample2492	4008	4008 + 0 mapped (100.00% : N/A)	4008	4008 + 0 properly paired (100.00% : N/A)
sample2752	4006	4006 + 0 mapped (100.00% : N/A)	4006	4006 + 0 properly paired (100.00% : N/A)
sample2241	4006	4006 + 0 mapped (100.00% : N/A)	4006	4006 + 0 properly paired (100.00% : N/A)
sample1978	4008	4008 + 0 mapped (100.00% : N/A)	4008	4008 + 0 properly paired (100.00% : N/A)
sample2493	4008	4008 + 0 mapped (100.00% : N/A)	4008	4008 + 0 properly paired (100.00% : N/A)
sample2753	4006	4006 + 0 mapped (100.00% : N/A)	4006	4006 + 0 properly paired (100.00% : N/A)
sample2242	4008	4008 + 0 mapped (100.00% : N/A)	4008	4008 + 0 properly paired (100.00% : N/A)
sample1979	4008	4008 + 0 mapped (100.00% : N/A)	4008	4008 + 0 properly paired (100.00% : N/A)
sample2494	4008	4008 + 0 mapped (100.00% : N/A)	4008	4008 + 0 properly paired (100.00% : N/A)
sample2754	4008	4008 + 0 mapped (100.00% : N/A)	4008	4008 + 0 properly paired (100.00% : N/A)
sample2243	4006	4006 + 0 mapped (100.00% : N/A)	4006	4006 + 0 properly paired (100.00% : N/A)
sample1980	4008	4008 + 0 mapped (100.00% : N/A)	4008	4008 + 0 properly paired (100.00% : N/A)
sample2755	4004	4004 + 0 mapped (100.00% : N/A)	4004	4004 + 0 properly paired (100.00% : N/A)
sample2495	4006	4006 + 0 mapped (100.00% : N/A)	4006	4006 + 0 properly paired (100.00% : N/A)
sample2244	4006	4006 + 0 mapped (100.00% : N/A)	4006	4006 + 0 properly paired (100.00% : N/A)
sample2756	4006	4006 + 0 mapped (100.00% : N/A)	4006	4006 + 0 properly paired (100.00% : N/A)
sample1981	4006	4006 + 0 mapped (100.00% : N/A)	4006	4006 + 0 properly paired (100.00% : N/A)
sample2496	4006	4006 + 0 mapped (100.00% : N/A)	4006	4006 + 0 properly paired (100.00% : N/A)
sample2245	4008	4008 + 0 mapped (100.00% : N/A)	4008	4008 + 0 properly paired (100.00% : N/A)
sample2757	4008	4008 + 0 mapped (100.00% : N/A)	4008	4008 + 0 properly paired (100.00% : N/A)
sample2497	4006	4006 + 0 mapped (100.00% : N/A)	4006	4006 + 0 properly paired (100.00% : N/A)
sample2246	4004	4004 + 0 mapped (100.00% : N/A)	4004	4004 + 0 properly paired (100.00% : N/A)
sample1982	4006	4006 + 0 mapped (100.00% : N/A)	4006	4006 + 0 properly paired (100.00% : N/A)
sample2758	4008	4008 + 0 mapped (100.00% : N/A)	4008	4008 + 0 properly paired (100.00% : N/A)
sample2498	4006	4006 + 0 mapped (100.00% : N/A)	4006	4006 + 0 properly paired (100.00% : N/A)
sample2247	4006	4006 + 0 mapped (100.00% : N/A)	4006	4006 + 0 properly paired (100.00% : N/A)
sample1983	4002	4002 + 0 mapped (100.00% : N/A)	4002	4002 + 0 properly paired (100.00% : N/A)
sample2759	4004	4004 + 0 mapped (100.00% : N/A)	4004	4004 + 0 properly paired (100.00% : N/A)
sample2248	4006	4006 + 0 mapped (100.00% : N/A)	4006	4006 + 0 properly paired (100.00% : N/A)
sample2499	4004	4004 + 0 mapped (100.00% : N/A)	4004	4004 + 0 properly paired (100.00% : N/A)
sample1984	4004	4004 + 0 mapped (100.00% : N/A)	4004	4004 + 0 properly paired (100.00% : N/A)
sample2760	4008	4008 + 0 mapped (100.00% : N/A)	4008	4008 + 0 properly paired (100.00% : N/A)
sample2249	4008	4008 + 0 mapped (100.00% : N/A)	4008	4008 + 0 properly paired (100.00% : N/A)
sample2500	4004	4004 + 0 mapped (100.00% : N/A)	4004	4004 + 0 properly paired (100.00% : N/A)
sample2761	4008	4008 + 0 mapped (100.00% : N/A)	4008	4008 + 0 properly paired (100.00% : N/A)
sample1985	4008	4008 + 0 mapped (100.00% : N/A)	4008	4008 + 0 properly paired (100.00% : N/A)
sample2250	4006	4006 + 0 mapped (100.00% : N/A)	4006	4006 + 0 properly paired (100.00% : N/A)
sample2501	4008	4008 + 0 mapped (100.00% : N/A)	4008	4008 + 0 properly paired (100.00% : N/A)
sample2762	4004	4004 + 0 mapped (100.00% : N/A)	4004	4004 + 0 properly paired (100.00% : N/A)
sample2251	4008	4008 + 0 mapped (100.00% : N/A)	4008	4008 + 0 properly paired (100.00% : N/A)
sample1986	4008	4008 + 0 mapped (100.00% : N/A)	4008	4008 + 0 properly paired (100.00% : N/A)
sample2502	4008	4008 + 0 mapped (100.00% : N/A)	4008	4008 + 0 properly paired (100.00% : N/A)
sample2763	4006	4006 + 0 mapped (100.00% : N/A)	4006	4006 + 0 properly paired (100.00% : N/A)
sample2252	4006	4006 + 0 mapped (100.00% : N/A)	4006	4006 + 0 properly paired (100.00% : N/A)
sample1987	4006	4006 + 0 mapped (100.00% : N/A)	4006	4006 + 0 properly paired (100.00% : N/A)
sample2503	4004	4004 + 0 mapped (100.00% : N/A)	4004	4004 + 0 properly paired (100.00% : N/A)
sample2764	4008	4008 + 0 mapped (100.00% : N/A)	4008	4008 + 0 properly paired (100.00% : N/A)
sample2253	4006	4006 + 0 mapped (100.00% : N/A)	4006	4006 + 0 properly paired (100.00% : N/A)
sample1988	4006	4006 + 0 mapped (100.00% : N/A)	4006	4006 + 0 properly paired (100.00% : N/A)
sample2765	4008	4008 + 0 mapped (100.00% : N/A)	4008	4008 + 0 properly paired (100.00% : N/A)
sample2504	4004	4004 + 0 mapped (100.00% : N/A)	4004	4004 + 0 properly paired (100.00% : N/A)
sample2254	4006	4006 + 0 mapped (100.00% : N/A)	4006	4006 + 0 properly paired (100.00% : N/A)
sample1989	4004	4004 + 0 mapped (100.00% : N/A)	4004	4004 + 0 properly paired (100.00% : N/A)
sample2766	4006	4006 + 0 mapped (100.00% : N/A)	4006	4006 + 0 properly paired (100.00% : N/A)
sample2505	4004	4004 + 0 mapped (100.00% : N/A)	4004	4004 + 0 properly paired (100.00% : N/A)
sample2255	4006	4006 + 0 mapped (100.00% : N/A)	4006	4006 + 0 properly paired (100.00% : N/A)
sample2767	4002	4002 + 0 mapped (100.00% : N/A)	4002	4002 + 0 properly paired (100.00% : N/A)
sample1990	4008	4008 + 0 mapped (100.00% : N/A)	4008	4008 + 0 properly paired (100.00% : N/A)
sample2506	4008	4008 + 0 mapped (100.00% : N/A)	4008	4008 + 0 properly paired (100.00% : N/A)
sample2256	4000	4000 + 0 mapped (100.00% : N/A)	4000	4000 + 0 properly paired (100.00% : N/A)
sample2768	4008	4008 + 0 mapped (100.00% : N/A)	4008	4008 + 0 properly paired (100.00% : N/A)
sample2507	4006	4006 + 0 mapped (100.00% : N/A)	4006	4006 + 0 properly paired (100.00% : N/A)
sample2257	4006	4006 + 0 mapped (100.00% : N/A)	4006	4006 + 0 properly paired (100.00% : N/A)
sample1991	4006	4006 + 0 mapped (100.00% : N/A)	4006	4006 + 0 properly paired (100.00% : N/A)
sample2769	4004	4004 + 0 mapped (100.00% : N/A)	4004	4004 + 0 properly paired (100.00% : N/A)
sample2258	4006	4006 + 0 mapped (100.00% : N/A)	4006	4006 + 0 properly paired (100.00% : N/A)
sample2508	4006	4006 + 0 mapped (100.00% : N/A)	4006	4006 + 0 properly paired (100.00% : N/A)
sample1992	4006	4006 + 0 mapped (100.00% : N/A)	4006	4006 + 0 properly paired (100.00% : N/A)
sample2770	4008	4008 + 0 mapped (100.00% : N/A)	4008	4008 + 0 properly paired (100.00% : N/A)
sample2259	4008	4008 + 0 mapped (100.00% : N/A)	4008	4008 + 0 properly paired (100.00% : N/A)
sample2509	4008	4008 + 0 mapped (100.00% : N/A)	4008	4008 + 0 properly paired (100.00% : N/A)
sample2771	4008	4008 + 0 mapped (100.00% : N/A)	4008	4008 + 0 properly paired (100.00% : N/A)
sample2260	4006	4006 + 0 mapped (100.00% : N/A)	4006	4006 + 0 properly paired (100.00% : N/A)
sample2510	4004	4004 + 0 mapped (100.00% : N/A)	4004	4004 + 0 properly paired (100.00% : N/A)
sample1993	4006	4006 + 0 mapped (100.00% : N/A)	4006	4006 + 0 properly paired (100.00% : N/A)
sample2772	4008	4008 + 0 mapped (100.00% : N/A)	4008	4008 + 0 properly paired (100.00% : N/A)
sample2261	4008	4008 + 0 mapped (100.00% : N/A)	4008	4008 + 0 properly paired (100.00% : N/A)
sample2511	4008	4008 + 0 mapped (100.00% : N/A)	4008	4008 + 0 properly paired (100.00% : N/A)
sample2773	4008	4008 + 0 mapped (100.00% : N/A)	4008	4008 + 0 properly paired (100.00% : N/A)
sample1994	4008	4008 + 0 mapped (100.00% : N/A)	4008	4008 + 0 properly paired (100.00% : N/A)
sample2262	4006	4006 + 0 mapped (100.00% : N/A)	4006	4006 + 0 properly paired (100.00% : N/A)
sample2512	4006	4006 + 0 mapped (100.00% : N/A)	4006	4006 + 0 properly paired (100.00% : N/A)
sample2774	4008	4008 + 0 mapped (100.00% : N/A)	4008	4008 + 0 properly paired (100.00% : N/A)
sample2263	4008	4008 + 0 mapped (100.00% : N/A)	4008	4008 + 0 properly paired (100.00% : N/A)
sample1995	4008	4008 + 0 mapped (100.00% : N/A)	4008	4008 + 0 properly paired (100.00% : N/A)
sample2513	4004	4004 + 0 mapped (100.00% : N/A)	4004	4004 + 0 properly paired (100.00% : N/A)
sample2775	4004	4004 + 0 mapped (100.00% : N/A)	4004	4004 + 0 properly paired (100.00% : N/A)
sample2264	4008	4008 + 0 mapped (100.00% : N/A)	4008	4008 + 0 properly paired (100.00% : N/A)
sample2514	4006	4006 + 0 mapped (100.00% : N/A)	4006	4004 + 0 properly paired (99.95% : N/A)
sample1996	4008	4008 + 0 mapped (100.00% : N/A)	4008	4008 + 0 properly paired (100.00% : N/A)
sample2776	4008	4008 + 0 mapped (100.00% : N/A)	4008	4008 + 0 properly paired (100.00% : N/A)
sample2265	4008	4008 + 0 mapped (100.00% : N/A)	4008	4008 + 0 properly paired (100.00% : N/A)
sample2515	4004	4004 + 0 mapped (100.00% : N/A)	4004	4004 + 0 properly paired (100.00% : N/A)
sample2777	4006	4006 + 0 mapped (100.00% : N/A)	4006	4006 + 0 properly paired (100.00% : N/A)
sample1997	4004	4004 + 0 mapped (100.00% : N/A)	4004	4004 + 0 properly paired (100.00% : N/A)
sample2266	4006	4006 + 0 mapped (100.00% : N/A)	4006	4006 + 0 properly paired (100.00% : N/A)
sample2516	4008	4008 + 0 mapped (100.00% : N/A)	4008	4008 + 0 properly paired (100.00% : N/A)
sample2778	4008	4008 + 0 mapped (100.00% : N/A)	4008	4008 + 0 properly paired (100.00% : N/A)
sample1998	4004	4004 + 0 mapped (100.00% : N/A)	4004	4004 + 0 properly paired (100.00% : N/A)
sample2267	4006	4006 + 0 mapped (100.00% : N/A)	4006	4006 + 0 properly paired (100.00% : N/A)
sample2779	4004	4004 + 0 mapped (100.00% : N/A)	4004	4004 + 0 properly paired (100.00% : N/A)
sample2517	4002	4002 + 0 mapped (100.00% : N/A)	4002	4002 + 0 properly paired (100.00% : N/A)
sample1999	4008	4008 + 0 mapped (100.00% : N/A)	4008	4008 + 0 properly paired (100.00% : N/A)
sample2268	4008	4008 + 0 mapped (100.00% : N/A)	4008	4008 + 0 properly paired (100.00% : N/A)
sample2518	4008	4008 + 0 mapped (100.00% : N/A)	4008	4008 + 0 properly paired (100.00% : N/A)
sample2780	4008	4008 + 0 mapped (100.00% : N/A)	4008	4008 + 0 properly paired (100.00% : N/A)
sample2269	4008	4008 + 0 mapped (100.00% : N/A)	4008	4008 + 0 properly paired (100.00% : N/A)
sample2000	4006	4006 + 0 mapped (100.00% : N/A)	4006	4006 + 0 properly paired (100.00% : N/A)
sample2781	4006	4006 + 0 mapped (100.00% : N/A)	4006	4006 + 0 properly paired (100.00% : N/A)
sample2519	4006	4006 + 0 mapped (100.00% : N/A)	4006	4006 + 0 properly paired (100.00% : N/A)
sample2270	4006	4006 + 0 mapped (100.00% : N/A)	4006	4006 + 0 properly paired (100.00% : N/A)
sample2001	4008	4008 + 0 mapped (100.00% : N/A)	4008	4008 + 0 properly paired (100.00% : N/A)
sample2782	4006	4006 + 0 mapped (100.00% : N/A)	4006	4006 + 0 properly paired (100.00% : N/A)
sample2520	4006	4006 + 0 mapped (100.00% : N/A)	4006	4006 + 0 properly paired (100.00% : N/A)
sample2271	4006	4006 + 0 mapped (100.00% : N/A)	4006	4006 + 0 properly paired (100.00% : N/A)
sample2783	4004	4004 + 0 mapped (100.00% : N/A)	4004	4004 + 0 properly paired (100.00% : N/A)
sample2002	4008	4008 + 0 mapped (100.00% : N/A)	4008	4008 + 0 properly paired (100.00% : N/A)
sample2521	4006	4006 + 0 mapped (100.00% : N/A)	4006	4006 + 0 properly paired (100.00% : N/A)
sample2272	4008	4008 + 0 mapped (100.00% : N/A)	4008	4008 + 0 properly paired (100.00% : N/A)
sample2784	4006	4006 + 0 mapped (100.00% : N/A)	4006	4006 + 0 properly paired (100.00% : N/A)
sample2273	4006	4006 + 0 mapped (100.00% : N/A)	4006	4006 + 0 properly paired (100.00% : N/A)
sample2522	4008	4008 + 0 mapped (100.00% : N/A)	4008	4008 + 0 properly paired (100.00% : N/A)
sample2003	4008	4008 + 0 mapped (100.00% : N/A)	4008	4008 + 0 properly paired (100.00% : N/A)
sample2785	4008	4008 + 0 mapped (100.00% : N/A)	4008	4008 + 0 properly paired (100.00% : N/A)
sample2274	4008	4008 + 0 mapped (100.00% : N/A)	4008	4008 + 0 properly paired (100.00% : N/A)
sample2523	4006	4006 + 0 mapped (100.00% : N/A)	4006	4006 + 0 properly paired (100.00% : N/A)
sample2004	4004	4004 + 0 mapped (100.00% : N/A)	4004	4004 + 0 properly paired (100.00% : N/A)
sample2786	4008	4008 + 0 mapped (100.00% : N/A)	4008	4008 + 0 properly paired (100.00% : N/A)
sample2275	4008	4008 + 0 mapped (100.00% : N/A)	4008	4008 + 0 properly paired (100.00% : N/A)
sample2524	4008	4008 + 0 mapped (100.00% : N/A)	4008	4008 + 0 properly paired (100.00% : N/A)
sample2005	4004	4004 + 0 mapped (100.00% : N/A)	4004	4004 + 0 properly paired (100.00% : N/A)
sample2787	4004	4004 + 0 mapped (100.00% : N/A)	4004	4004 + 0 properly paired (100.00% : N/A)
sample2276	4004	4004 + 0 mapped (100.00% : N/A)	4004	4004 + 0 properly paired (100.00% : N/A)
sample2525	4006	4006 + 0 mapped (100.00% : N/A)	4006	4006 + 0 properly paired (100.00% : N/A)
sample2006	4004	4004 + 0 mapped (100.00% : N/A)	4004	4004 + 0 properly paired (100.00% : N/A)
sample2788	4002	4002 + 0 mapped (100.00% : N/A)	4002	4002 + 0 properly paired (100.00% : N/A)
sample2277	4004	4004 + 0 mapped (100.00% : N/A)	4004	4004 + 0 properly paired (100.00% : N/A)
sample2526	4008	4008 + 0 mapped (100.00% : N/A)	4008	4008 + 0 properly paired (100.00% : N/A)
sample2007	4002	4002 + 0 mapped (100.00% : N/A)	4002	4002 + 0 properly paired (100.00% : N/A)
sample2789	4004	4004 + 0 mapped (100.00% : N/A)	4004	4004 + 0 properly paired (100.00% : N/A)
sample2278	4002	4002 + 0 mapped (100.00% : N/A)	4002	4002 + 0 properly paired (100.00% : N/A)
sample2527	4008	4008 + 0 mapped (100.00% : N/A)	4008	4008 + 0 properly paired (100.00% : N/A)
sample2790	4008	4008 + 0 mapped (100.00% : N/A)	4008	4008 + 0 properly paired (100.00% : N/A)
sample2008	4004	4004 + 0 mapped (100.00% : N/A)	4004	4004 + 0 properly paired (100.00% : N/A)
sample2279	4006	4006 + 0 mapped (100.00% : N/A)	4006	4006 + 0 properly paired (100.00% : N/A)
sample2528	4008	4008 + 0 mapped (100.00% : N/A)	4008	4008 + 0 properly paired (100.00% : N/A)
sample2791	4006	4006 + 0 mapped (100.00% : N/A)	4006	4006 + 0 properly paired (100.00% : N/A)
sample2009	3998	3998 + 0 mapped (100.00% : N/A)	3998	3998 + 0 properly paired (100.00% : N/A)
sample2280	4006	4006 + 0 mapped (100.00% : N/A)	4006	4006 + 0 properly paired (100.00% : N/A)
sample2529	4006	4006 + 0 mapped (100.00% : N/A)	4006	4006 + 0 properly paired (100.00% : N/A)
sample2792	4006	4006 + 0 mapped (100.00% : N/A)	4006	4006 + 0 properly paired (100.00% : N/A)
sample2010	4006	4006 + 0 mapped (100.00% : N/A)	4006	4006 + 0 properly paired (100.00% : N/A)
sample2281	4004	4004 + 0 mapped (100.00% : N/A)	4004	4004 + 0 properly paired (100.00% : N/A)
sample2793	4004	4004 + 0 mapped (100.00% : N/A)	4004	4004 + 0 properly paired (100.00% : N/A)
sample2530	4004	4004 + 0 mapped (100.00% : N/A)	4004	4004 + 0 properly paired (100.00% : N/A)
sample2011	4006	4006 + 0 mapped (100.00% : N/A)	4006	4006 + 0 properly paired (100.00% : N/A)
sample2282	4004	4004 + 0 mapped (100.00% : N/A)	4004	4004 + 0 properly paired (100.00% : N/A)
sample2794	4004	4004 + 0 mapped (100.00% : N/A)	4004	4004 + 0 properly paired (100.00% : N/A)
sample2531	4006	4006 + 0 mapped (100.00% : N/A)	4006	4006 + 0 properly paired (100.00% : N/A)
sample2012	4006	4006 + 0 mapped (100.00% : N/A)	4006	4006 + 0 properly paired (100.00% : N/A)
sample2283	4008	4008 + 0 mapped (100.00% : N/A)	4008	4008 + 0 properly paired (100.00% : N/A)
sample2795	4008	4008 + 0 mapped (100.00% : N/A)	4008	4008 + 0 properly paired (100.00% : N/A)
sample2532	4008	4008 + 0 mapped (100.00% : N/A)	4008	4008 + 0 properly paired (100.00% : N/A)
sample2284	4008	4008 + 0 mapped (100.00% : N/A)	4008	4008 + 0 properly paired (100.00% : N/A)
sample2013	4004	4004 + 0 mapped (100.00% : N/A)	4004	4004 + 0 properly paired (100.00% : N/A)
sample2796	4004	4004 + 0 mapped (100.00% : N/A)	4004	4004 + 0 properly paired (100.00% : N/A)
sample2533	4004	4004 + 0 mapped (100.00% : N/A)	4004	4004 + 0 properly paired (100.00% : N/A)
sample2285	4006	4006 + 0 mapped (100.00% : N/A)	4006	4006 + 0 properly paired (100.00% : N/A)
sample2797	4006	4006 + 0 mapped (100.00% : N/A)	4006	4006 + 0 properly paired (100.00% : N/A)
sample2014	4006	4006 + 0 mapped (100.00% : N/A)	4006	4006 + 0 properly paired (100.00% : N/A)
sample2534	4004	4004 + 0 mapped (100.00% : N/A)	4004	4004 + 0 properly paired (100.00% : N/A)
sample2286	4006	4006 + 0 mapped (100.00% : N/A)	4006	4006 + 0 properly paired (100.00% : N/A)
sample2798	4006	4006 + 0 mapped (100.00% : N/A)	4006	4006 + 0 properly paired (100.00% : N/A)
sample2015	4008	4008 + 0 mapped (100.00% : N/A)	4008	4008 + 0 properly paired (100.00% : N/A)
sample2535	4006	4006 + 0 mapped (100.00% : N/A)	4006	4006 + 0 properly paired (100.00% : N/A)
sample2287	4008	4008 + 0 mapped (100.00% : N/A)	4008	4008 + 0 properly paired (100.00% : N/A)
sample2799	4008	4008 + 0 mapped (100.00% : N/A)	4008	4008 + 0 properly paired (100.00% : N/A)
sample2016	4008	4008 + 0 mapped (100.00% : N/A)	4008	4008 + 0 properly paired (100.00% : N/A)
sample2536	4006	4006 + 0 mapped (100.00% : N/A)	4006	4006 + 0 properly paired (100.00% : N/A)
sample2288	4008	4008 + 0 mapped (100.00% : N/A)	4008	4008 + 0 properly paired (100.00% : N/A)
sample2800	4008	4008 + 0 mapped (100.00% : N/A)	4008	4008 + 0 properly paired (100.00% : N/A)
sample2017	4008	4008 + 0 mapped (100.00% : N/A)	4008	4008 + 0 properly paired (100.00% : N/A)
sample2289	4008	4008 + 0 mapped (100.00% : N/A)	4008	4008 + 0 properly paired (100.00% : N/A)
sample2537	4004	4004 + 0 mapped (100.00% : N/A)	4004	4004 + 0 properly paired (100.00% : N/A)
sample2801	4008	4008 + 0 mapped (100.00% : N/A)	4008	4008 + 0 properly paired (100.00% : N/A)
sample2290	4006	4006 + 0 mapped (100.00% : N/A)	4006	4006 + 0 properly paired (100.00% : N/A)
sample2538	4006	4006 + 0 mapped (100.00% : N/A)	4006	4006 + 0 properly paired (100.00% : N/A)
sample2802	4006	4006 + 0 mapped (100.00% : N/A)	4006	4006 + 0 properly paired (100.00% : N/A)
sample2018	4008	4008 + 0 mapped (100.00% : N/A)	4008	4008 + 0 properly paired (100.00% : N/A)
sample2803	4008	4008 + 0 mapped (100.00% : N/A)	4008	4008 + 0 properly paired (100.00% : N/A)
sample2291	4006	4006 + 0 mapped (100.00% : N/A)	4006	4006 + 0 properly paired (100.00% : N/A)
sample2019	4004	4004 + 0 mapped (100.00% : N/A)	4004	4004 + 0 properly paired (100.00% : N/A)
sample2539	4006	4006 + 0 mapped (100.00% : N/A)	4006	4006 + 0 properly paired (100.00% : N/A)
sample2804	4004	4004 + 0 mapped (100.00% : N/A)	4004	4004 + 0 properly paired (100.00% : N/A)
sample2292	4002	4002 + 0 mapped (100.00% : N/A)	4002	4002 + 0 properly paired (100.00% : N/A)
sample2020	4006	4006 + 0 mapped (100.00% : N/A)	4006	4006 + 0 properly paired (100.00% : N/A)
sample2540	4008	4008 + 0 mapped (100.00% : N/A)	4008	4008 + 0 properly paired (100.00% : N/A)
sample2805	4006	4006 + 0 mapped (100.00% : N/A)	4006	4006 + 0 properly paired (100.00% : N/A)
sample2293	4006	4006 + 0 mapped (100.00% : N/A)	4006	4006 + 0 properly paired (100.00% : N/A)
sample2021	4008	4008 + 0 mapped (100.00% : N/A)	4008	4008 + 0 properly paired (100.00% : N/A)
sample2541	4004	4004 + 0 mapped (100.00% : N/A)	4004	4004 + 0 properly paired (100.00% : N/A)
sample2806	4006	4006 + 0 mapped (100.00% : N/A)	4006	4006 + 0 properly paired (100.00% : N/A)
sample2294	4008	4008 + 0 mapped (100.00% : N/A)	4008	4008 + 0 properly paired (100.00% : N/A)
sample2022	4006	4006 + 0 mapped (100.00% : N/A)	4006	4006 + 0 properly paired (100.00% : N/A)
sample2542	4006	4006 + 0 mapped (100.00% : N/A)	4006	4006 + 0 properly paired (100.00% : N/A)
sample2807	4004	4004 + 0 mapped (100.00% : N/A)	4004	4004 + 0 properly paired (100.00% : N/A)
sample2295	4006	4006 + 0 mapped (100.00% : N/A)	4006	4006 + 0 properly paired (100.00% : N/A)
sample2023	4008	4008 + 0 mapped (100.00% : N/A)	4008	4008 + 0 properly paired (100.00% : N/A)
sample2543	4006	4006 + 0 mapped (100.00% : N/A)	4006	4006 + 0 properly paired (100.00% : N/A)
sample2808	4004	4004 + 0 mapped (100.00% : N/A)	4004	4004 + 0 properly paired (100.00% : N/A)
sample2296	4006	4006 + 0 mapped (100.00% : N/A)	4006	4006 + 0 properly paired (100.00% : N/A)
sample2297	4008	4008 + 0 mapped (100.00% : N/A)	4008	4008 + 0 properly paired (100.00% : N/A)
sample2809	4004	4004 + 0 mapped (100.00% : N/A)	4004	4004 + 0 properly paired (100.00% : N/A)
sample2810	4006	4006 + 0 mapped (100.00% : N/A)	4006	4006 + 0 properly paired (100.00% : N/A)
sample2544	4008	4008 + 0 mapped (100.00% : N/A)	4008	4008 + 0 properly paired (100.00% : N/A)
sample2298	4008	4008 + 0 mapped (100.00% : N/A)	4008	4008 + 0 properly paired (100.00% : N/A)
sample2024	4006	4006 + 0 mapped (100.00% : N/A)	4006	4006 + 0 properly paired (100.00% : N/A)
sample2299	4008	4008 + 0 mapped (100.00% : N/A)	4008	4008 + 0 properly paired (100.00% : N/A)
sample2811	4008	4008 + 0 mapped (100.00% : N/A)	4008	4008 + 0 properly paired (100.00% : N/A)
sample2025	4002	4002 + 0 mapped (100.00% : N/A)	4002	4002 + 0 properly paired (100.00% : N/A)
sample2545	4008	4008 + 0 mapped (100.00% : N/A)	4008	4008 + 0 properly paired (100.00% : N/A)
sample2300	4008	4008 + 0 mapped (100.00% : N/A)	4008	4008 + 0 properly paired (100.00% : N/A)
sample2812	4008	4008 + 0 mapped (100.00% : N/A)	4008	4008 + 0 properly paired (100.00% : N/A)
sample2026	4006	4006 + 0 mapped (100.00% : N/A)	4006	4006 + 0 properly paired (100.00% : N/A)
sample2546	4006	4006 + 0 mapped (100.00% : N/A)	4006	4006 + 0 properly paired (100.00% : N/A)
sample2301	4008	4008 + 0 mapped (100.00% : N/A)	4008	4008 + 0 properly paired (100.00% : N/A)
sample2813	4008	4008 + 0 mapped (100.00% : N/A)	4008	4008 + 0 properly paired (100.00% : N/A)
sample2547	4006	4006 + 0 mapped (100.00% : N/A)	4006	4006 + 0 properly paired (100.00% : N/A)
sample2027	4004	4004 + 0 mapped (100.00% : N/A)	4004	4004 + 0 properly paired (100.00% : N/A)
sample2302	4008	4008 + 0 mapped (100.00% : N/A)	4008	4008 + 0 properly paired (100.00% : N/A)
sample2814	4008	4008 + 0 mapped (100.00% : N/A)	4008	4008 + 0 properly paired (100.00% : N/A)
sample2028	4006	4006 + 0 mapped (100.00% : N/A)	4006	4006 + 0 properly paired (100.00% : N/A)
sample2548	4006	4006 + 0 mapped (100.00% : N/A)	4006	4006 + 0 properly paired (100.00% : N/A)
sample2815	4008	4008 + 0 mapped (100.00% : N/A)	4008	4008 + 0 properly paired (100.00% : N/A)
sample2303	4008	4008 + 0 mapped (100.00% : N/A)	4008	4008 + 0 properly paired (100.00% : N/A)
sample2029	4008	4008 + 0 mapped (100.00% : N/A)	4008	4008 + 0 properly paired (100.00% : N/A)
sample2549	4004	4004 + 0 mapped (100.00% : N/A)	4004	4004 + 0 properly paired (100.00% : N/A)
sample2816	4008	4008 + 0 mapped (100.00% : N/A)	4008	4008 + 0 properly paired (100.00% : N/A)
sample2304	4006	4006 + 0 mapped (100.00% : N/A)	4006	4006 + 0 properly paired (100.00% : N/A)
sample2030	4006	4006 + 0 mapped (100.00% : N/A)	4006	4006 + 0 properly paired (100.00% : N/A)
sample2550	4004	4004 + 0 mapped (100.00% : N/A)	4004	4004 + 0 properly paired (100.00% : N/A)
sample2817	4002	4002 + 0 mapped (100.00% : N/A)	4002	4002 + 0 properly paired (100.00% : N/A)
sample2305	4006	4006 + 0 mapped (100.00% : N/A)	4006	4006 + 0 properly paired (100.00% : N/A)
sample2031	4008	4008 + 0 mapped (100.00% : N/A)	4008	4008 + 0 properly paired (100.00% : N/A)
sample2551	4006	4006 + 0 mapped (100.00% : N/A)	4006	4006 + 0 properly paired (100.00% : N/A)
sample2818	4008	4008 + 0 mapped (100.00% : N/A)	4008	4008 + 0 properly paired (100.00% : N/A)
sample2306	4004	4004 + 0 mapped (100.00% : N/A)	4004	4004 + 0 properly paired (100.00% : N/A)
sample2032	4004	4004 + 0 mapped (100.00% : N/A)	4004	4004 + 0 properly paired (100.00% : N/A)
sample2552	4004	4004 + 0 mapped (100.00% : N/A)	4004	4004 + 0 properly paired (100.00% : N/A)
sample2307	4008	4008 + 0 mapped (100.00% : N/A)	4008	4008 + 0 properly paired (100.00% : N/A)
sample2819	4002	4002 + 0 mapped (100.00% : N/A)	4002	4002 + 0 properly paired (100.00% : N/A)
sample2308	4004	4004 + 0 mapped (100.00% : N/A)	4004	4004 + 0 properly paired (100.00% : N/A)
sample2033	4008	4008 + 0 mapped (100.00% : N/A)	4008	4008 + 0 properly paired (100.00% : N/A)
sample2553	4008	4008 + 0 mapped (100.00% : N/A)	4008	4008 + 0 properly paired (100.00% : N/A)
sample2820	4004	4004 + 0 mapped (100.00% : N/A)	4004	4004 + 0 properly paired (100.00% : N/A)
sample2309	4006	4006 + 0 mapped (100.00% : N/A)	4006	4006 + 0 properly paired (100.00% : N/A)
sample2821	4006	4006 + 0 mapped (100.00% : N/A)	4006	4006 + 0 properly paired (100.00% : N/A)
sample2034	4004	4004 + 0 mapped (100.00% : N/A)	4004	4004 + 0 properly paired (100.00% : N/A)
sample2554	4008	4008 + 0 mapped (100.00% : N/A)	4008	4008 + 0 properly paired (100.00% : N/A)
sample2310	4004	4004 + 0 mapped (100.00% : N/A)	4004	4004 + 0 properly paired (100.00% : N/A)
sample2822	4008	4008 + 0 mapped (100.00% : N/A)	4008	4008 + 0 properly paired (100.00% : N/A)
sample2555	4008	4008 + 0 mapped (100.00% : N/A)	4008	4008 + 0 properly paired (100.00% : N/A)
sample2035	4004	4004 + 0 mapped (100.00% : N/A)	4004	4004 + 0 properly paired (100.00% : N/A)
sample2311	4004	4004 + 0 mapped (100.00% : N/A)	4004	4004 + 0 properly paired (100.00% : N/A)
sample2823	4006	4006 + 0 mapped (100.00% : N/A)	4006	4006 + 0 properly paired (100.00% : N/A)
sample2556	4008	4008 + 0 mapped (100.00% : N/A)	4008	4008 + 0 properly paired (100.00% : N/A)
sample2036	4006	4006 + 0 mapped (100.00% : N/A)	4006	4006 + 0 properly paired (100.00% : N/A)
sample2312	4008	4008 + 0 mapped (100.00% : N/A)	4008	4008 + 0 properly paired (100.00% : N/A)
sample2824	4008	4008 + 0 mapped (100.00% : N/A)	4008	4008 + 0 properly paired (100.00% : N/A)
sample2557	4006	4006 + 0 mapped (100.00% : N/A)	4006	4006 + 0 properly paired (100.00% : N/A)
sample2037	4006	4006 + 0 mapped (100.00% : N/A)	4006	4006 + 0 properly paired (100.00% : N/A)
sample2313	4008	4008 + 0 mapped (100.00% : N/A)	4008	4008 + 0 properly paired (100.00% : N/A)
sample2825	4006	4006 + 0 mapped (100.00% : N/A)	4006	4006 + 0 properly paired (100.00% : N/A)
sample2558	4006	4006 + 0 mapped (100.00% : N/A)	4006	4006 + 0 properly paired (100.00% : N/A)
sample2314	4006	4006 + 0 mapped (100.00% : N/A)	4006	4006 + 0 properly paired (100.00% : N/A)
sample2038	4008	4008 + 0 mapped (100.00% : N/A)	4008	4008 + 0 properly paired (100.00% : N/A)
sample2826	4006	4006 + 0 mapped (100.00% : N/A)	4006	4006 + 0 properly paired (100.00% : N/A)
sample2559	4008	4008 + 0 mapped (100.00% : N/A)	4008	4008 + 0 properly paired (100.00% : N/A)
sample2315	4004	4004 + 0 mapped (100.00% : N/A)	4004	4004 + 0 properly paired (100.00% : N/A)
sample2827	4006	4006 + 0 mapped (100.00% : N/A)	4006	4006 + 0 properly paired (100.00% : N/A)
sample2039	4004	4004 + 0 mapped (100.00% : N/A)	4004	4004 + 0 properly paired (100.00% : N/A)
sample2560	4006	4006 + 0 mapped (100.00% : N/A)	4006	4006 + 0 properly paired (100.00% : N/A)
sample2316	4006	4006 + 0 mapped (100.00% : N/A)	4006	4006 + 0 properly paired (100.00% : N/A)
sample2828	4008	4008 + 0 mapped (100.00% : N/A)	4008	4008 + 0 properly paired (100.00% : N/A)
sample2040	4002	4002 + 0 mapped (100.00% : N/A)	4002	4002 + 0 properly paired (100.00% : N/A)
sample2561	4004	4004 + 0 mapped (100.00% : N/A)	4004	4004 + 0 properly paired (100.00% : N/A)
sample2317	4002	4002 + 0 mapped (100.00% : N/A)	4002	4002 + 0 properly paired (100.00% : N/A)
sample2829	4004	4004 + 0 mapped (100.00% : N/A)	4004	4004 + 0 properly paired (100.00% : N/A)
sample2041	4004	4004 + 0 mapped (100.00% : N/A)	4004	4004 + 0 properly paired (100.00% : N/A)
sample2562	4004	4004 + 0 mapped (100.00% : N/A)	4004	4004 + 0 properly paired (100.00% : N/A)
sample2318	4008	4008 + 0 mapped (100.00% : N/A)	4008	4008 + 0 properly paired (100.00% : N/A)
sample2830	4006	4006 + 0 mapped (100.00% : N/A)	4006	4006 + 0 properly paired (100.00% : N/A)
sample2563	4002	4002 + 0 mapped (100.00% : N/A)	4002	4002 + 0 properly paired (100.00% : N/A)
sample2831	4008	4008 + 0 mapped (100.00% : N/A)	4008	4008 + 0 properly paired (100.00% : N/A)
sample2319	4008	4008 + 0 mapped (100.00% : N/A)	4008	4008 + 0 properly paired (100.00% : N/A)
sample2042	4006	4006 + 0 mapped (100.00% : N/A)	4006	4006 + 0 properly paired (100.00% : N/A)
sample2564	4006	4006 + 0 mapped (100.00% : N/A)	4006	4006 + 0 properly paired (100.00% : N/A)
sample2832	4006	4006 + 0 mapped (100.00% : N/A)	4006	4006 + 0 properly paired (100.00% : N/A)
sample2320	4004	4004 + 0 mapped (100.00% : N/A)	4004	4004 + 0 properly paired (100.00% : N/A)
sample2043	4004	4004 + 0 mapped (100.00% : N/A)	4004	4004 + 0 properly paired (100.00% : N/A)
sample2565	4006	4006 + 0 mapped (100.00% : N/A)	4006	4006 + 0 properly paired (100.00% : N/A)
sample2833	4008	4008 + 0 mapped (100.00% : N/A)	4008	4008 + 0 properly paired (100.00% : N/A)
sample2321	4008	4008 + 0 mapped (100.00% : N/A)	4008	4008 + 0 properly paired (100.00% : N/A)
sample2044	4008	4008 + 0 mapped (100.00% : N/A)	4008	4008 + 0 properly paired (100.00% : N/A)
sample2834	4006	4006 + 0 mapped (100.00% : N/A)	4006	4006 + 0 properly paired (100.00% : N/A)
sample2322	4006	4006 + 0 mapped (100.00% : N/A)	4006	4006 + 0 properly paired (100.00% : N/A)
sample2566	4006	4006 + 0 mapped (100.00% : N/A)	4006	4006 + 0 properly paired (100.00% : N/A)
sample2045	4006	4006 + 0 mapped (100.00% : N/A)	4006	4006 + 0 properly paired (100.00% : N/A)
sample2835	4006	4006 + 0 mapped (100.00% : N/A)	4006	4006 + 0 properly paired (100.00% : N/A)
sample2323	4004	4004 + 0 mapped (100.00% : N/A)	4004	4004 + 0 properly paired (100.00% : N/A)
sample2567	4004	4004 + 0 mapped (100.00% : N/A)	4004	4004 + 0 properly paired (100.00% : N/A)
sample2836	4004	4004 + 0 mapped (100.00% : N/A)	4004	4004 + 0 properly paired (100.00% : N/A)
sample2324	4006	4006 + 0 mapped (100.00% : N/A)	4006	4006 + 0 properly paired (100.00% : N/A)
sample2046	4006	4006 + 0 mapped (100.00% : N/A)	4006	4006 + 0 properly paired (100.00% : N/A)
sample2568	4008	4008 + 0 mapped (100.00% : N/A)	4008	4008 + 0 properly paired (100.00% : N/A)
sample2837	4004	4004 + 0 mapped (100.00% : N/A)	4004	4004 + 0 properly paired (100.00% : N/A)
sample2325	4008	4008 + 0 mapped (100.00% : N/A)	4008	4008 + 0 properly paired (100.00% : N/A)
sample2047	4006	4006 + 0 mapped (100.00% : N/A)	4006	4006 + 0 properly paired (100.00% : N/A)
sample2569	4006	4006 + 0 mapped (100.00% : N/A)	4006	4006 + 0 properly paired (100.00% : N/A)
sample2838	4004	4004 + 0 mapped (100.00% : N/A)	4004	4004 + 0 properly paired (100.00% : N/A)
sample2326	4004	4004 + 0 mapped (100.00% : N/A)	4004	4004 + 0 properly paired (100.00% : N/A)
sample2048	4008	4008 + 0 mapped (100.00% : N/A)	4008	4008 + 0 properly paired (100.00% : N/A)
sample2570	4008	4008 + 0 mapped (100.00% : N/A)	4008	4008 + 0 properly paired (100.00% : N/A)
sample2327	4008	4008 + 0 mapped (100.00% : N/A)	4008	4008 + 0 properly paired (100.00% : N/A)
sample2839	4006	4006 + 0 mapped (100.00% : N/A)	4006	4006 + 0 properly paired (100.00% : N/A)
sample2049	4008	4008 + 0 mapped (100.00% : N/A)	4008	4008 + 0 properly paired (100.00% : N/A)
sample2571	4004	4004 + 0 mapped (100.00% : N/A)	4004	4004 + 0 properly paired (100.00% : N/A)
sample2840	4004	4004 + 0 mapped (100.00% : N/A)	4004	4004 + 0 properly paired (100.00% : N/A)
sample2328	4008	4008 + 0 mapped (100.00% : N/A)	4008	4008 + 0 properly paired (100.00% : N/A)
sample2050	4008	4008 + 0 mapped (100.00% : N/A)	4008	4008 + 0 properly paired (100.00% : N/A)
sample2572	4004	4004 + 0 mapped (100.00% : N/A)	4004	4004 + 0 properly paired (100.00% : N/A)
sample2945	4008	4008 + 0 mapped (100.00% : N/A)	4008	4008 + 0 properly paired (100.00% : N/A)
sample3457	4006	4006 + 0 mapped (100.00% : N/A)	4006	4006 + 0 properly paired (100.00% : N/A)
sample2841	4008	4008 + 0 mapped (100.00% : N/A)	4008	4008 + 0 properly paired (100.00% : N/A)
sample2329	4008	4008 + 0 mapped (100.00% : N/A)	4008	4008 + 0 properly paired (100.00% : N/A)
sample3713	4008	4008 + 0 mapped (100.00% : N/A)	4008	4008 + 0 properly paired (100.00% : N/A)
sample3201	4004	4004 + 0 mapped (100.00% : N/A)	4004	4004 + 0 properly paired (100.00% : N/A)
sample2051	4006	4006 + 0 mapped (100.00% : N/A)	4006	4006 + 0 properly paired (100.00% : N/A)
sample2573	4008	4008 + 0 mapped (100.00% : N/A)	4008	4008 + 0 properly paired (100.00% : N/A)
sample2330	4008	4008 + 0 mapped (100.00% : N/A)	4008	4008 + 0 properly paired (100.00% : N/A)
sample2842	4008	4008 + 0 mapped (100.00% : N/A)	4008	4008 + 0 properly paired (100.00% : N/A)
sample2946	4008	4008 + 0 mapped (100.00% : N/A)	4008	4008 + 0 properly paired (100.00% : N/A)
sample2052	4008	4008 + 0 mapped (100.00% : N/A)	4008	4008 + 0 properly paired (100.00% : N/A)
sample3458	4006	4006 + 0 mapped (100.00% : N/A)	4006	4006 + 0 properly paired (100.00% : N/A)
sample3202	4002	4002 + 0 mapped (100.00% : N/A)	4002	4002 + 0 properly paired (100.00% : N/A)
sample3714	4004	4004 + 0 mapped (100.00% : N/A)	4004	4004 + 0 properly paired (100.00% : N/A)
sample2574	4008	4008 + 0 mapped (100.00% : N/A)	4008	4008 + 0 properly paired (100.00% : N/A)
sample2331	4008	4008 + 0 mapped (100.00% : N/A)	4008	4008 + 0 properly paired (100.00% : N/A)
sample2843	4004	4004 + 0 mapped (100.00% : N/A)	4004	4004 + 0 properly paired (100.00% : N/A)
sample2053	4008	4008 + 0 mapped (100.00% : N/A)	4008	4008 + 0 properly paired (100.00% : N/A)
sample2575	4008	4008 + 0 mapped (100.00% : N/A)	4008	4008 + 0 properly paired (100.00% : N/A)
sample2947	4008	4008 + 0 mapped (100.00% : N/A)	4008	4008 + 0 properly paired (100.00% : N/A)
sample2332	4008	4008 + 0 mapped (100.00% : N/A)	4008	4008 + 0 properly paired (100.00% : N/A)
sample2844	4008	4008 + 0 mapped (100.00% : N/A)	4008	4008 + 0 properly paired (100.00% : N/A)
sample3715	4004	4004 + 0 mapped (100.00% : N/A)	4004	4004 + 0 properly paired (100.00% : N/A)
sample3203	4006	4006 + 0 mapped (100.00% : N/A)	4006	4006 + 0 properly paired (100.00% : N/A)
sample3459	4002	4002 + 0 mapped (100.00% : N/A)	4002	4002 + 0 properly paired (100.00% : N/A)
sample2576	4006	4006 + 0 mapped (100.00% : N/A)	4006	4006 + 0 properly paired (100.00% : N/A)
sample2333	4008	4008 + 0 mapped (100.00% : N/A)	4008	4008 + 0 properly paired (100.00% : N/A)
sample2054	4006	4006 + 0 mapped (100.00% : N/A)	4006	4006 + 0 properly paired (100.00% : N/A)
sample2845	4006	4006 + 0 mapped (100.00% : N/A)	4006	4006 + 0 properly paired (100.00% : N/A)
sample2948	4008	4008 + 0 mapped (100.00% : N/A)	4008	4008 + 0 properly paired (100.00% : N/A)
sample3716	4002	4002 + 0 mapped (100.00% : N/A)	4002	4002 + 0 properly paired (100.00% : N/A)
sample3204	4004	4004 + 0 mapped (100.00% : N/A)	4004	4004 + 0 properly paired (100.00% : N/A)
sample2334	4006	4006 + 0 mapped (100.00% : N/A)	4006	4006 + 0 properly paired (100.00% : N/A)
sample2577	4008	4008 + 0 mapped (100.00% : N/A)	4008	4006 + 0 properly paired (99.95% : N/A)
sample3460	4006	4006 + 0 mapped (100.00% : N/A)	4006	4006 + 0 properly paired (100.00% : N/A)
sample2846	4002	4002 + 0 mapped (100.00% : N/A)	4002	4002 + 0 properly paired (100.00% : N/A)
sample2055	4008	4008 + 0 mapped (100.00% : N/A)	4008	4008 + 0 properly paired (100.00% : N/A)
sample2949	4002	4002 + 0 mapped (100.00% : N/A)	4002	4002 + 0 properly paired (100.00% : N/A)
sample3717	4008	4008 + 0 mapped (100.00% : N/A)	4008	4008 + 0 properly paired (100.00% : N/A)
sample2335	4004	4004 + 0 mapped (100.00% : N/A)	4004	4004 + 0 properly paired (100.00% : N/A)
sample2578	4002	4002 + 0 mapped (100.00% : N/A)	4002	4002 + 0 properly paired (100.00% : N/A)
sample3205	4006	4006 + 0 mapped (100.00% : N/A)	4006	4006 + 0 properly paired (100.00% : N/A)
sample2847	4004	4004 + 0 mapped (100.00% : N/A)	4004	4004 + 0 properly paired (100.00% : N/A)
sample2056	4006	4006 + 0 mapped (100.00% : N/A)	4006	4004 + 0 properly paired (99.95% : N/A)
sample2336	4008	4008 + 0 mapped (100.00% : N/A)	4008	4008 + 0 properly paired (100.00% : N/A)
sample2579	4008	4008 + 0 mapped (100.00% : N/A)	4008	4008 + 0 properly paired (100.00% : N/A)
sample3461	4008	4008 + 0 mapped (100.00% : N/A)	4008	4008 + 0 properly paired (100.00% : N/A)
sample2848	4002	4002 + 0 mapped (100.00% : N/A)	4002	4002 + 0 properly paired (100.00% : N/A)
sample2950	4004	4004 + 0 mapped (100.00% : N/A)	4004	4004 + 0 properly paired (100.00% : N/A)
sample3718	4006	4006 + 0 mapped (100.00% : N/A)	4006	4006 + 0 properly paired (100.00% : N/A)
sample2057	4008	4008 + 0 mapped (100.00% : N/A)	4008	4008 + 0 properly paired (100.00% : N/A)
sample3206	4004	4004 + 0 mapped (100.00% : N/A)	4004	4004 + 0 properly paired (100.00% : N/A)
sample2337	3996	3996 + 0 mapped (100.00% : N/A)	3996	3996 + 0 properly paired (100.00% : N/A)
sample2580	4006	4006 + 0 mapped (100.00% : N/A)	4006	4006 + 0 properly paired (100.00% : N/A)
sample2849	4006	4006 + 0 mapped (100.00% : N/A)	4006	4006 + 0 properly paired (100.00% : N/A)
sample2058	4008	4008 + 0 mapped (100.00% : N/A)	4008	4008 + 0 properly paired (100.00% : N/A)
sample3719	4008	4008 + 0 mapped (100.00% : N/A)	4008	4008 + 0 properly paired (100.00% : N/A)
sample2951	4006	4006 + 0 mapped (100.00% : N/A)	4006	4006 + 0 properly paired (100.00% : N/A)
sample3462	4008	4008 + 0 mapped (100.00% : N/A)	4008	4008 + 0 properly paired (100.00% : N/A)
sample3207	4008	4008 + 0 mapped (100.00% : N/A)	4008	4008 + 0 properly paired (100.00% : N/A)
sample2338	4002	4002 + 0 mapped (100.00% : N/A)	4002	4002 + 0 properly paired (100.00% : N/A)
sample2581	4008	4008 + 0 mapped (100.00% : N/A)	4008	4008 + 0 properly paired (100.00% : N/A)
sample2850	4008	4008 + 0 mapped (100.00% : N/A)	4008	4008 + 0 properly paired (100.00% : N/A)
sample2059	4008	4008 + 0 mapped (100.00% : N/A)	4008	4008 + 0 properly paired (100.00% : N/A)
sample2339	4008	4008 + 0 mapped (100.00% : N/A)	4008	4008 + 0 properly paired (100.00% : N/A)
sample2851	4008	4008 + 0 mapped (100.00% : N/A)	4008	4008 + 0 properly paired (100.00% : N/A)
sample2582	4006	4006 + 0 mapped (100.00% : N/A)	4006	4006 + 0 properly paired (100.00% : N/A)
sample3720	4006	4006 + 0 mapped (100.00% : N/A)	4006	4006 + 0 properly paired (100.00% : N/A)
sample2952	4008	4008 + 0 mapped (100.00% : N/A)	4008	4008 + 0 properly paired (100.00% : N/A)
sample3208	4008	4008 + 0 mapped (100.00% : N/A)	4008	4008 + 0 properly paired (100.00% : N/A)
sample3463	4008	4008 + 0 mapped (100.00% : N/A)	4008	4008 + 0 properly paired (100.00% : N/A)
sample2060	4008	4008 + 0 mapped (100.00% : N/A)	4008	4008 + 0 properly paired (100.00% : N/A)
sample2340	4004	4004 + 0 mapped (100.00% : N/A)	4004	4004 + 0 properly paired (100.00% : N/A)
sample2852	4000	4000 + 0 mapped (100.00% : N/A)	4000	4000 + 0 properly paired (100.00% : N/A)
sample2583	4008	4008 + 0 mapped (100.00% : N/A)	4008	4008 + 0 properly paired (100.00% : N/A)
sample3721	4004	4004 + 0 mapped (100.00% : N/A)	4004	4004 + 0 properly paired (100.00% : N/A)
sample3209	4004	4004 + 0 mapped (100.00% : N/A)	4004	4004 + 0 properly paired (100.00% : N/A)
sample2061	4008	4008 + 0 mapped (100.00% : N/A)	4008	4008 + 0 properly paired (100.00% : N/A)
sample2953	4004	4004 + 0 mapped (100.00% : N/A)	4004	4004 + 0 properly paired (100.00% : N/A)
sample2853	4004	4004 + 0 mapped (100.00% : N/A)	4004	4004 + 0 properly paired (100.00% : N/A)
sample2341	4008	4008 + 0 mapped (100.00% : N/A)	4008	4008 + 0 properly paired (100.00% : N/A)
sample2584	4004	4004 + 0 mapped (100.00% : N/A)	4004	4004 + 0 properly paired (100.00% : N/A)
sample3464	4008	4008 + 0 mapped (100.00% : N/A)	4008	4008 + 0 properly paired (100.00% : N/A)
sample2854	4002	4002 + 0 mapped (100.00% : N/A)	4002	4002 + 0 properly paired (100.00% : N/A)
sample3722	4006	4006 + 0 mapped (100.00% : N/A)	4006	4006 + 0 properly paired (100.00% : N/A)
sample2342	4008	4008 + 0 mapped (100.00% : N/A)	4008	4008 + 0 properly paired (100.00% : N/A)
sample2062	4008	4008 + 0 mapped (100.00% : N/A)	4008	4008 + 0 properly paired (100.00% : N/A)
sample2954	4008	4008 + 0 mapped (100.00% : N/A)	4008	4008 + 0 properly paired (100.00% : N/A)
sample2585	4008	4008 + 0 mapped (100.00% : N/A)	4008	4008 + 0 properly paired (100.00% : N/A)
sample3210	4008	4008 + 0 mapped (100.00% : N/A)	4008	4008 + 0 properly paired (100.00% : N/A)
sample3465	4008	4008 + 0 mapped (100.00% : N/A)	4008	4008 + 0 properly paired (100.00% : N/A)
sample2855	4004	4004 + 0 mapped (100.00% : N/A)	4004	4004 + 0 properly paired (100.00% : N/A)
sample2343	4008	4008 + 0 mapped (100.00% : N/A)	4008	4008 + 0 properly paired (100.00% : N/A)
sample2063	4004	4004 + 0 mapped (100.00% : N/A)	4004	4004 + 0 properly paired (100.00% : N/A)
sample2586	4006	4006 + 0 mapped (100.00% : N/A)	4006	4006 + 0 properly paired (100.00% : N/A)
sample3723	4004	4004 + 0 mapped (100.00% : N/A)	4004	4004 + 0 properly paired (100.00% : N/A)
sample2955	4006	4006 + 0 mapped (100.00% : N/A)	4006	4006 + 0 properly paired (100.00% : N/A)
sample3211	4006	4006 + 0 mapped (100.00% : N/A)	4006	4006 + 0 properly paired (100.00% : N/A)
sample2856	4008	4008 + 0 mapped (100.00% : N/A)	4008	4008 + 0 properly paired (100.00% : N/A)
sample2344	4008	4008 + 0 mapped (100.00% : N/A)	4008	4008 + 0 properly paired (100.00% : N/A)
sample2064	4008	4008 + 0 mapped (100.00% : N/A)	4008	4008 + 0 properly paired (100.00% : N/A)
sample2587	4008	4008 + 0 mapped (100.00% : N/A)	4008	4008 + 0 properly paired (100.00% : N/A)
sample3466	4006	4006 + 0 mapped (100.00% : N/A)	4006	4006 + 0 properly paired (100.00% : N/A)
sample3724	4006	4006 + 0 mapped (100.00% : N/A)	4006	4006 + 0 properly paired (100.00% : N/A)
sample2857	4008	4008 + 0 mapped (100.00% : N/A)	4008	4008 + 0 properly paired (100.00% : N/A)
sample2345	4006	4006 + 0 mapped (100.00% : N/A)	4006	4006 + 0 properly paired (100.00% : N/A)
sample2956	4006	4006 + 0 mapped (100.00% : N/A)	4006	4006 + 0 properly paired (100.00% : N/A)
sample3212	4006	4006 + 0 mapped (100.00% : N/A)	4006	4006 + 0 properly paired (100.00% : N/A)
sample2065	4006	4006 + 0 mapped (100.00% : N/A)	4006	4006 + 0 properly paired (100.00% : N/A)
sample2588	4006	4006 + 0 mapped (100.00% : N/A)	4006	4006 + 0 properly paired (100.00% : N/A)
sample3467	4006	4006 + 0 mapped (100.00% : N/A)	4006	4006 + 0 properly paired (100.00% : N/A)
sample2346	4008	4008 + 0 mapped (100.00% : N/A)	4008	4008 + 0 properly paired (100.00% : N/A)
sample2858	4006	4006 + 0 mapped (100.00% : N/A)	4006	4006 + 0 properly paired (100.00% : N/A)
sample3725	4008	4008 + 0 mapped (100.00% : N/A)	4008	4008 + 0 properly paired (100.00% : N/A)
sample2066	4008	4008 + 0 mapped (100.00% : N/A)	4008	4008 + 0 properly paired (100.00% : N/A)
sample2589	4006	4006 + 0 mapped (100.00% : N/A)	4006	4006 + 0 properly paired (100.00% : N/A)
sample2957	4006	4006 + 0 mapped (100.00% : N/A)	4006	4006 + 0 properly paired (100.00% : N/A)
sample3213	4002	4002 + 0 mapped (100.00% : N/A)	4002	4002 + 0 properly paired (100.00% : N/A)
sample2859	4004	4004 + 0 mapped (100.00% : N/A)	4004	4004 + 0 properly paired (100.00% : N/A)
sample2347	4006	4006 + 0 mapped (100.00% : N/A)	4006	4006 + 0 properly paired (100.00% : N/A)
sample2067	4006	4006 + 0 mapped (100.00% : N/A)	4006	4006 + 0 properly paired (100.00% : N/A)
sample2590	4008	4008 + 0 mapped (100.00% : N/A)	4008	4008 + 0 properly paired (100.00% : N/A)
sample3468	4008	4008 + 0 mapped (100.00% : N/A)	4008	4008 + 0 properly paired (100.00% : N/A)
sample3726	4008	4008 + 0 mapped (100.00% : N/A)	4008	4008 + 0 properly paired (100.00% : N/A)
sample2860	4008	4008 + 0 mapped (100.00% : N/A)	4008	4008 + 0 properly paired (100.00% : N/A)
sample2958	4006	4006 + 0 mapped (100.00% : N/A)	4006	4006 + 0 properly paired (100.00% : N/A)
sample2348	4004	4004 + 0 mapped (100.00% : N/A)	4004	4004 + 0 properly paired (100.00% : N/A)
sample3214	4008	4008 + 0 mapped (100.00% : N/A)	4008	4008 + 0 properly paired (100.00% : N/A)
sample2068	4004	4004 + 0 mapped (100.00% : N/A)	4004	4004 + 0 properly paired (100.00% : N/A)
sample2591	4008	4008 + 0 mapped (100.00% : N/A)	4008	4008 + 0 properly paired (100.00% : N/A)
sample2861	4004	4004 + 0 mapped (100.00% : N/A)	4004	4004 + 0 properly paired (100.00% : N/A)
sample2349	4008	4008 + 0 mapped (100.00% : N/A)	4008	4008 + 0 properly paired (100.00% : N/A)
sample3727	4006	4006 + 0 mapped (100.00% : N/A)	4006	4006 + 0 properly paired (100.00% : N/A)
sample3469	4006	4006 + 0 mapped (100.00% : N/A)	4006	4006 + 0 properly paired (100.00% : N/A)
sample2069	4006	4006 + 0 mapped (100.00% : N/A)	4006	4006 + 0 properly paired (100.00% : N/A)
sample2959	4008	4008 + 0 mapped (100.00% : N/A)	4008	4008 + 0 properly paired (100.00% : N/A)
sample3215	4004	4004 + 0 mapped (100.00% : N/A)	4004	4004 + 0 properly paired (100.00% : N/A)
sample2592	4004	4004 + 0 mapped (100.00% : N/A)	4004	4004 + 0 properly paired (100.00% : N/A)
sample2862	4008	4008 + 0 mapped (100.00% : N/A)	4008	4008 + 0 properly paired (100.00% : N/A)
sample2350	4004	4004 + 0 mapped (100.00% : N/A)	4004	4004 + 0 properly paired (100.00% : N/A)
sample2070	4002	4002 + 0 mapped (100.00% : N/A)	4002	4002 + 0 properly paired (100.00% : N/A)
sample3728	4006	4006 + 0 mapped (100.00% : N/A)	4006	4006 + 0 properly paired (100.00% : N/A)
sample2593	4006	4006 + 0 mapped (100.00% : N/A)	4006	4006 + 0 properly paired (100.00% : N/A)
sample3470	4006	4006 + 0 mapped (100.00% : N/A)	4006	4006 + 0 properly paired (100.00% : N/A)
sample2863	4008	4008 + 0 mapped (100.00% : N/A)	4008	4008 + 0 properly paired (100.00% : N/A)
sample2960	4008	4008 + 0 mapped (100.00% : N/A)	4008	4008 + 0 properly paired (100.00% : N/A)
sample2351	4006	4006 + 0 mapped (100.00% : N/A)	4006	4006 + 0 properly paired (100.00% : N/A)
sample3216	4004	4004 + 0 mapped (100.00% : N/A)	4004	4004 + 0 properly paired (100.00% : N/A)
sample2071	4008	4008 + 0 mapped (100.00% : N/A)	4008	4008 + 0 properly paired (100.00% : N/A)
sample2594	4008	4008 + 0 mapped (100.00% : N/A)	4008	4008 + 0 properly paired (100.00% : N/A)
sample2864	4008	4008 + 0 mapped (100.00% : N/A)	4008	4008 + 0 properly paired (100.00% : N/A)
sample2352	4006	4006 + 0 mapped (100.00% : N/A)	4006	4006 + 0 properly paired (100.00% : N/A)
sample3729	4008	4008 + 0 mapped (100.00% : N/A)	4008	4008 + 0 properly paired (100.00% : N/A)
sample3471	4004	4004 + 0 mapped (100.00% : N/A)	4004	4004 + 0 properly paired (100.00% : N/A)
sample2961	4008	4008 + 0 mapped (100.00% : N/A)	4008	4008 + 0 properly paired (100.00% : N/A)
sample2072	4008	4008 + 0 mapped (100.00% : N/A)	4008	4008 + 0 properly paired (100.00% : N/A)
sample3217	4000	4000 + 0 mapped (100.00% : N/A)	4000	4000 + 0 properly paired (100.00% : N/A)
sample2595	4006	4006 + 0 mapped (100.00% : N/A)	4006	4006 + 0 properly paired (100.00% : N/A)
sample2865	4008	4008 + 0 mapped (100.00% : N/A)	4008	4008 + 0 properly paired (100.00% : N/A)
sample2353	4008	4008 + 0 mapped (100.00% : N/A)	4008	4008 + 0 properly paired (100.00% : N/A)
sample3730	4006	4006 + 0 mapped (100.00% : N/A)	4006	4006 + 0 properly paired (100.00% : N/A)
sample2073	4004	4004 + 0 mapped (100.00% : N/A)	4004	4004 + 0 properly paired (100.00% : N/A)
sample2962	4004	4004 + 0 mapped (100.00% : N/A)	4004	4004 + 0 properly paired (100.00% : N/A)
sample2596	4008	4008 + 0 mapped (100.00% : N/A)	4008	4008 + 0 properly paired (100.00% : N/A)
sample2354	4008	4008 + 0 mapped (100.00% : N/A)	4008	4008 + 0 properly paired (100.00% : N/A)
sample2866	4004	4004 + 0 mapped (100.00% : N/A)	4004	4004 + 0 properly paired (100.00% : N/A)
sample3472	4004	4004 + 0 mapped (100.00% : N/A)	4004	4004 + 0 properly paired (100.00% : N/A)
sample3218	4008	4008 + 0 mapped (100.00% : N/A)	4008	4008 + 0 properly paired (100.00% : N/A)
sample2074	4006	4006 + 0 mapped (100.00% : N/A)	4006	4006 + 0 properly paired (100.00% : N/A)
sample2355	4008	4008 + 0 mapped (100.00% : N/A)	4008	4008 + 0 properly paired (100.00% : N/A)
sample3731	4008	4008 + 0 mapped (100.00% : N/A)	4008	4008 + 0 properly paired (100.00% : N/A)
sample2867	4004	4004 + 0 mapped (100.00% : N/A)	4004	4004 + 0 properly paired (100.00% : N/A)
sample2597	4008	4008 + 0 mapped (100.00% : N/A)	4008	4008 + 0 properly paired (100.00% : N/A)
sample2963	4008	4008 + 0 mapped (100.00% : N/A)	4008	4008 + 0 properly paired (100.00% : N/A)
sample3219	4004	4004 + 0 mapped (100.00% : N/A)	4004	4004 + 0 properly paired (100.00% : N/A)
sample3473	4006	4006 + 0 mapped (100.00% : N/A)	4006	4006 + 0 properly paired (100.00% : N/A)
sample2075	4008	4008 + 0 mapped (100.00% : N/A)	4008	4008 + 0 properly paired (100.00% : N/A)
sample2356	4006	4006 + 0 mapped (100.00% : N/A)	4006	4006 + 0 properly paired (100.00% : N/A)
sample2868	4006	4006 + 0 mapped (100.00% : N/A)	4006	4006 + 0 properly paired (100.00% : N/A)
sample2598	4008	4008 + 0 mapped (100.00% : N/A)	4008	4008 + 0 properly paired (100.00% : N/A)
sample3732	4008	4008 + 0 mapped (100.00% : N/A)	4008	4008 + 0 properly paired (100.00% : N/A)
sample2964	4004	4004 + 0 mapped (100.00% : N/A)	4004	4004 + 0 properly paired (100.00% : N/A)
sample2357	4006	4006 + 0 mapped (100.00% : N/A)	4006	4006 + 0 properly paired (100.00% : N/A)
sample2076	4008	4008 + 0 mapped (100.00% : N/A)	4008	4008 + 0 properly paired (100.00% : N/A)
sample2869	4006	4006 + 0 mapped (100.00% : N/A)	4006	4006 + 0 properly paired (100.00% : N/A)
sample3220	4008	4008 + 0 mapped (100.00% : N/A)	4008	4008 + 0 properly paired (100.00% : N/A)
sample2599	4002	4002 + 0 mapped (100.00% : N/A)	4002	4002 + 0 properly paired (100.00% : N/A)
sample3474	4006	4006 + 0 mapped (100.00% : N/A)	4006	4006 + 0 properly paired (100.00% : N/A)
sample2358	4008	4008 + 0 mapped (100.00% : N/A)	4008	4008 + 0 properly paired (100.00% : N/A)
sample3733	4006	4006 + 0 mapped (100.00% : N/A)	4006	4006 + 0 properly paired (100.00% : N/A)
sample2870	4006	4006 + 0 mapped (100.00% : N/A)	4006	4006 + 0 properly paired (100.00% : N/A)
sample2077	4006	4006 + 0 mapped (100.00% : N/A)	4006	4006 + 0 properly paired (100.00% : N/A)
sample2965	4006	4006 + 0 mapped (100.00% : N/A)	4006	4006 + 0 properly paired (100.00% : N/A)
sample2600	4004	4004 + 0 mapped (100.00% : N/A)	4004	4004 + 0 properly paired (100.00% : N/A)
sample3221	4006	4006 + 0 mapped (100.00% : N/A)	4006	4006 + 0 properly paired (100.00% : N/A)
sample2359	4006	4006 + 0 mapped (100.00% : N/A)	4006	4006 + 0 properly paired (100.00% : N/A)
sample2871	4000	4000 + 0 mapped (100.00% : N/A)	4000	4000 + 0 properly paired (100.00% : N/A)
sample2078	4006	4006 + 0 mapped (100.00% : N/A)	4006	4006 + 0 properly paired (100.00% : N/A)
sample3475	4008	4008 + 0 mapped (100.00% : N/A)	4008	4008 + 0 properly paired (100.00% : N/A)
sample3734	4008	4008 + 0 mapped (100.00% : N/A)	4008	4008 + 0 properly paired (100.00% : N/A)
sample2601	4008	4008 + 0 mapped (100.00% : N/A)	4008	4008 + 0 properly paired (100.00% : N/A)
sample2966	4008	4008 + 0 mapped (100.00% : N/A)	4008	4008 + 0 properly paired (100.00% : N/A)
sample2360	4006	4006 + 0 mapped (100.00% : N/A)	4006	4006 + 0 properly paired (100.00% : N/A)
sample2872	4008	4008 + 0 mapped (100.00% : N/A)	4008	4008 + 0 properly paired (100.00% : N/A)
sample3222	4006	4006 + 0 mapped (100.00% : N/A)	4006	4006 + 0 properly paired (100.00% : N/A)
sample2079	4002	4002 + 0 mapped (100.00% : N/A)	4002	4002 + 0 properly paired (100.00% : N/A)
sample3735	4008	4008 + 0 mapped (100.00% : N/A)	4008	4008 + 0 properly paired (100.00% : N/A)
sample2602	4006	4006 + 0 mapped (100.00% : N/A)	4006	4006 + 0 properly paired (100.00% : N/A)
sample3476	4008	4008 + 0 mapped (100.00% : N/A)	4008	4008 + 0 properly paired (100.00% : N/A)
sample2361	4006	4006 + 0 mapped (100.00% : N/A)	4006	4006 + 0 properly paired (100.00% : N/A)
sample2873	4008	4008 + 0 mapped (100.00% : N/A)	4008	4008 + 0 properly paired (100.00% : N/A)
sample2080	4008	4008 + 0 mapped (100.00% : N/A)	4008	4008 + 0 properly paired (100.00% : N/A)
sample2967	4006	4006 + 0 mapped (100.00% : N/A)	4006	4006 + 0 properly paired (100.00% : N/A)
sample3223	4006	4006 + 0 mapped (100.00% : N/A)	4006	4006 + 0 properly paired (100.00% : N/A)
sample2603	4008	4008 + 0 mapped (100.00% : N/A)	4008	4008 + 0 properly paired (100.00% : N/A)
sample2362	4008	4008 + 0 mapped (100.00% : N/A)	4008	4008 + 0 properly paired (100.00% : N/A)
sample3736	4008	4008 + 0 mapped (100.00% : N/A)	4008	4008 + 0 properly paired (100.00% : N/A)
sample2874	4008	4008 + 0 mapped (100.00% : N/A)	4008	4008 + 0 properly paired (100.00% : N/A)
sample2081	4002	4002 + 0 mapped (100.00% : N/A)	4002	4002 + 0 properly paired (100.00% : N/A)
sample3477	4008	4008 + 0 mapped (100.00% : N/A)	4008	4008 + 0 properly paired (100.00% : N/A)
sample2968	4006	4006 + 0 mapped (100.00% : N/A)	4006	4006 + 0 properly paired (100.00% : N/A)
sample2604	4006	4006 + 0 mapped (100.00% : N/A)	4006	4006 + 0 properly paired (100.00% : N/A)
sample2363	4006	4006 + 0 mapped (100.00% : N/A)	4006	4006 + 0 properly paired (100.00% : N/A)
sample2875	4006	4006 + 0 mapped (100.00% : N/A)	4006	4006 + 0 properly paired (100.00% : N/A)
sample3224	4006	4006 + 0 mapped (100.00% : N/A)	4006	4006 + 0 properly paired (100.00% : N/A)
sample3737	4008	4008 + 0 mapped (100.00% : N/A)	4008	4008 + 0 properly paired (100.00% : N/A)
sample2082	4008	4008 + 0 mapped (100.00% : N/A)	4008	4008 + 0 properly paired (100.00% : N/A)
sample2364	4002	4002 + 0 mapped (100.00% : N/A)	4002	4002 + 0 properly paired (100.00% : N/A)
sample2605	4008	4008 + 0 mapped (100.00% : N/A)	4008	4008 + 0 properly paired (100.00% : N/A)
sample2876	4006	4006 + 0 mapped (100.00% : N/A)	4006	4006 + 0 properly paired (100.00% : N/A)
sample3478	4006	4006 + 0 mapped (100.00% : N/A)	4006	4006 + 0 properly paired (100.00% : N/A)
sample2969	4006	4006 + 0 mapped (100.00% : N/A)	4006	4006 + 0 properly paired (100.00% : N/A)
sample3225	4004	4004 + 0 mapped (100.00% : N/A)	4004	4004 + 0 properly paired (100.00% : N/A)
sample2083	4004	4004 + 0 mapped (100.00% : N/A)	4004	4002 + 0 properly paired (99.95% : N/A)
sample2365	4006	4006 + 0 mapped (100.00% : N/A)	4006	4006 + 0 properly paired (100.00% : N/A)
sample3738	4004	4004 + 0 mapped (100.00% : N/A)	4004	4004 + 0 properly paired (100.00% : N/A)
sample2877	4006	4006 + 0 mapped (100.00% : N/A)	4006	4006 + 0 properly paired (100.00% : N/A)
sample2606	4006	4006 + 0 mapped (100.00% : N/A)	4006	4004 + 0 properly paired (99.95% : N/A)
sample2970	4004	4004 + 0 mapped (100.00% : N/A)	4004	4004 + 0 properly paired (100.00% : N/A)
sample2084	4008	4008 + 0 mapped (100.00% : N/A)	4008	4008 + 0 properly paired (100.00% : N/A)
sample3479	4006	4006 + 0 mapped (100.00% : N/A)	4006	4006 + 0 properly paired (100.00% : N/A)
sample2366	4002	4002 + 0 mapped (100.00% : N/A)	4002	4002 + 0 properly paired (100.00% : N/A)
sample3226	4008	4008 + 0 mapped (100.00% : N/A)	4008	4006 + 0 properly paired (99.95% : N/A)
sample2878	4006	4006 + 0 mapped (100.00% : N/A)	4006	4006 + 0 properly paired (100.00% : N/A)
sample2607	4008	4008 + 0 mapped (100.00% : N/A)	4008	4008 + 0 properly paired (100.00% : N/A)
sample3739	4006	4006 + 0 mapped (100.00% : N/A)	4006	4006 + 0 properly paired (100.00% : N/A)
sample2085	4006	4006 + 0 mapped (100.00% : N/A)	4006	4006 + 0 properly paired (100.00% : N/A)
sample2971	4008	4008 + 0 mapped (100.00% : N/A)	4008	4008 + 0 properly paired (100.00% : N/A)
sample2367	4006	4006 + 0 mapped (100.00% : N/A)	4006	4006 + 0 properly paired (100.00% : N/A)
sample2879	4006	4006 + 0 mapped (100.00% : N/A)	4006	4006 + 0 properly paired (100.00% : N/A)
sample2608	4006	4006 + 0 mapped (100.00% : N/A)	4006	4006 + 0 properly paired (100.00% : N/A)
sample3227	4008	4008 + 0 mapped (100.00% : N/A)	4008	4008 + 0 properly paired (100.00% : N/A)
sample3480	4004	4004 + 0 mapped (100.00% : N/A)	4004	4004 + 0 properly paired (100.00% : N/A)
sample3740	4002	4002 + 0 mapped (100.00% : N/A)	4002	4002 + 0 properly paired (100.00% : N/A)
sample2086	4006	4006 + 0 mapped (100.00% : N/A)	4006	4006 + 0 properly paired (100.00% : N/A)
sample2368	4006	4006 + 0 mapped (100.00% : N/A)	4006	4006 + 0 properly paired (100.00% : N/A)
sample2880	4006	4006 + 0 mapped (100.00% : N/A)	4006	4006 + 0 properly paired (100.00% : N/A)
sample2609	4008	4008 + 0 mapped (100.00% : N/A)	4008	4008 + 0 properly paired (100.00% : N/A)
sample2972	4004	4004 + 0 mapped (100.00% : N/A)	4004	4004 + 0 properly paired (100.00% : N/A)
sample2881	4006	4006 + 0 mapped (100.00% : N/A)	4006	4006 + 0 properly paired (100.00% : N/A)
sample2369	4006	4006 + 0 mapped (100.00% : N/A)	4006	4006 + 0 properly paired (100.00% : N/A)
sample2087	4006	4006 + 0 mapped (100.00% : N/A)	4006	4006 + 0 properly paired (100.00% : N/A)
sample3228	4006	4006 + 0 mapped (100.00% : N/A)	4006	4006 + 0 properly paired (100.00% : N/A)
sample3741	4006	4006 + 0 mapped (100.00% : N/A)	4006	4006 + 0 properly paired (100.00% : N/A)
sample3481	4006	4006 + 0 mapped (100.00% : N/A)	4006	4006 + 0 properly paired (100.00% : N/A)
sample2610	4008	4008 + 0 mapped (100.00% : N/A)	4008	4008 + 0 properly paired (100.00% : N/A)
sample2973	4006	4006 + 0 mapped (100.00% : N/A)	4006	4006 + 0 properly paired (100.00% : N/A)
sample2370	4006	4006 + 0 mapped (100.00% : N/A)	4006	4006 + 0 properly paired (100.00% : N/A)
sample2882	4006	4006 + 0 mapped (100.00% : N/A)	4006	4006 + 0 properly paired (100.00% : N/A)
sample2088	4006	4006 + 0 mapped (100.00% : N/A)	4006	4006 + 0 properly paired (100.00% : N/A)
sample3742	4008	4008 + 0 mapped (100.00% : N/A)	4008	4008 + 0 properly paired (100.00% : N/A)
sample2611	4002	4002 + 0 mapped (100.00% : N/A)	4002	4002 + 0 properly paired (100.00% : N/A)
sample3229	4006	4006 + 0 mapped (100.00% : N/A)	4006	4006 + 0 properly paired (100.00% : N/A)
sample2883	4006	4006 + 0 mapped (100.00% : N/A)	4006	4006 + 0 properly paired (100.00% : N/A)
sample3482	4008	4008 + 0 mapped (100.00% : N/A)	4008	4008 + 0 properly paired (100.00% : N/A)
sample2089	4006	4006 + 0 mapped (100.00% : N/A)	4006	4006 + 0 properly paired (100.00% : N/A)
sample2371	4006	4006 + 0 mapped (100.00% : N/A)	4006	4006 + 0 properly paired (100.00% : N/A)
sample2974	4008	4008 + 0 mapped (100.00% : N/A)	4008	4008 + 0 properly paired (100.00% : N/A)
sample2612	4006	4006 + 0 mapped (100.00% : N/A)	4006	4006 + 0 properly paired (100.00% : N/A)
sample3743	4006	4006 + 0 mapped (100.00% : N/A)	4006	4006 + 0 properly paired (100.00% : N/A)
sample2884	4008	4008 + 0 mapped (100.00% : N/A)	4008	4008 + 0 properly paired (100.00% : N/A)
sample3230	4008	4008 + 0 mapped (100.00% : N/A)	4008	4008 + 0 properly paired (100.00% : N/A)
sample2372	4008	4008 + 0 mapped (100.00% : N/A)	4008	4008 + 0 properly paired (100.00% : N/A)
sample2090	4008	4008 + 0 mapped (100.00% : N/A)	4008	4008 + 0 properly paired (100.00% : N/A)
sample2613	4006	4006 + 0 mapped (100.00% : N/A)	4006	4006 + 0 properly paired (100.00% : N/A)
sample3483	4006	4006 + 0 mapped (100.00% : N/A)	4006	4006 + 0 properly paired (100.00% : N/A)
sample2975	4006	4006 + 0 mapped (100.00% : N/A)	4006	4006 + 0 properly paired (100.00% : N/A)
sample2885	4006	4006 + 0 mapped (100.00% : N/A)	4006	4006 + 0 properly paired (100.00% : N/A)
sample2373	4008	4008 + 0 mapped (100.00% : N/A)	4008	4008 + 0 properly paired (100.00% : N/A)
sample2091	4006	4006 + 0 mapped (100.00% : N/A)	4006	4006 + 0 properly paired (100.00% : N/A)
sample3744	4008	4008 + 0 mapped (100.00% : N/A)	4008	4008 + 0 properly paired (100.00% : N/A)
sample3231	4006	4006 + 0 mapped (100.00% : N/A)	4006	4006 + 0 properly paired (100.00% : N/A)
sample2614	4008	4008 + 0 mapped (100.00% : N/A)	4008	4008 + 0 properly paired (100.00% : N/A)
sample2374	4008	4008 + 0 mapped (100.00% : N/A)	4008	4008 + 0 properly paired (100.00% : N/A)
sample2886	4006	4006 + 0 mapped (100.00% : N/A)	4006	4006 + 0 properly paired (100.00% : N/A)
sample2092	4004	4004 + 0 mapped (100.00% : N/A)	4004	4004 + 0 properly paired (100.00% : N/A)
sample2976	4006	4006 + 0 mapped (100.00% : N/A)	4006	4006 + 0 properly paired (100.00% : N/A)
sample3484	4008	4008 + 0 mapped (100.00% : N/A)	4008	4008 + 0 properly paired (100.00% : N/A)
sample2615	4008	4008 + 0 mapped (100.00% : N/A)	4008	4008 + 0 properly paired (100.00% : N/A)
sample3745	4006	4006 + 0 mapped (100.00% : N/A)	4006	4006 + 0 properly paired (100.00% : N/A)
sample3232	4008	4008 + 0 mapped (100.00% : N/A)	4008	4008 + 0 properly paired (100.00% : N/A)
sample2375	4006	4006 + 0 mapped (100.00% : N/A)	4006	4006 + 0 properly paired (100.00% : N/A)
sample2887	4006	4006 + 0 mapped (100.00% : N/A)	4006	4006 + 0 properly paired (100.00% : N/A)
sample2093	4004	4004 + 0 mapped (100.00% : N/A)	4004	4004 + 0 properly paired (100.00% : N/A)
sample2977	4006	4006 + 0 mapped (100.00% : N/A)	4006	4006 + 0 properly paired (100.00% : N/A)
sample2616	4006	4006 + 0 mapped (100.00% : N/A)	4006	4006 + 0 properly paired (100.00% : N/A)
sample2888	4008	4008 + 0 mapped (100.00% : N/A)	4008	4008 + 0 properly paired (100.00% : N/A)
sample2376	4008	4008 + 0 mapped (100.00% : N/A)	4008	4008 + 0 properly paired (100.00% : N/A)
sample3485	4008	4008 + 0 mapped (100.00% : N/A)	4008	4008 + 0 properly paired (100.00% : N/A)
sample3746	4008	4008 + 0 mapped (100.00% : N/A)	4008	4008 + 0 properly paired (100.00% : N/A)
sample3233	4004	4004 + 0 mapped (100.00% : N/A)	4004	4004 + 0 properly paired (100.00% : N/A)
sample2094	4006	4006 + 0 mapped (100.00% : N/A)	4006	4006 + 0 properly paired (100.00% : N/A)
sample2617	4004	4004 + 0 mapped (100.00% : N/A)	4004	4004 + 0 properly paired (100.00% : N/A)
sample2377	4006	4006 + 0 mapped (100.00% : N/A)	4006	4006 + 0 properly paired (100.00% : N/A)
sample2889	4002	4002 + 0 mapped (100.00% : N/A)	4002	4002 + 0 properly paired (100.00% : N/A)
sample2978	4008	4008 + 0 mapped (100.00% : N/A)	4008	4008 + 0 properly paired (100.00% : N/A)
sample3747	4008	4008 + 0 mapped (100.00% : N/A)	4008	4008 + 0 properly paired (100.00% : N/A)
sample2095	4004	4004 + 0 mapped (100.00% : N/A)	4004	4004 + 0 properly paired (100.00% : N/A)
sample3234	4002	4002 + 0 mapped (100.00% : N/A)	4002	4002 + 0 properly paired (100.00% : N/A)
sample2378	4008	4008 + 0 mapped (100.00% : N/A)	4008	4008 + 0 properly paired (100.00% : N/A)
sample2618	4006	4006 + 0 mapped (100.00% : N/A)	4006	4006 + 0 properly paired (100.00% : N/A)
sample3486	4008	4008 + 0 mapped (100.00% : N/A)	4008	4008 + 0 properly paired (100.00% : N/A)
sample2890	4008	4008 + 0 mapped (100.00% : N/A)	4008	4008 + 0 properly paired (100.00% : N/A)
sample2979	4002	4002 + 0 mapped (100.00% : N/A)	4002	4002 + 0 properly paired (100.00% : N/A)
sample2379	4006	4006 + 0 mapped (100.00% : N/A)	4006	4006 + 0 properly paired (100.00% : N/A)
sample2096	4008	4008 + 0 mapped (100.00% : N/A)	4008	4008 + 0 properly paired (100.00% : N/A)
sample2619	4000	4000 + 0 mapped (100.00% : N/A)	4000	4000 + 0 properly paired (100.00% : N/A)
sample2891	4008	4008 + 0 mapped (100.00% : N/A)	4008	4008 + 0 properly paired (100.00% : N/A)
sample3748	4004	4004 + 0 mapped (100.00% : N/A)	4004	4004 + 0 properly paired (100.00% : N/A)
sample3235	4002	4002 + 0 mapped (100.00% : N/A)	4002	4002 + 0 properly paired (100.00% : N/A)
sample3487	4006	4006 + 0 mapped (100.00% : N/A)	4006	4006 + 0 properly paired (100.00% : N/A)
sample2380	4006	4006 + 0 mapped (100.00% : N/A)	4006	4006 + 0 properly paired (100.00% : N/A)
sample2097	4006	4006 + 0 mapped (100.00% : N/A)	4006	4006 + 0 properly paired (100.00% : N/A)
sample2980	4006	4006 + 0 mapped (100.00% : N/A)	4006	4006 + 0 properly paired (100.00% : N/A)
sample2892	4008	4008 + 0 mapped (100.00% : N/A)	4008	4008 + 0 properly paired (100.00% : N/A)
sample2620	4006	4006 + 0 mapped (100.00% : N/A)	4006	4006 + 0 properly paired (100.00% : N/A)
sample3749	4006	4006 + 0 mapped (100.00% : N/A)	4006	4006 + 0 properly paired (100.00% : N/A)
sample3236	4008	4008 + 0 mapped (100.00% : N/A)	4008	4008 + 0 properly paired (100.00% : N/A)
sample2381	4006	4006 + 0 mapped (100.00% : N/A)	4006	4006 + 0 properly paired (100.00% : N/A)
sample2893	4008	4008 + 0 mapped (100.00% : N/A)	4008	4008 + 0 properly paired (100.00% : N/A)
sample2098	4006	4006 + 0 mapped (100.00% : N/A)	4006	4006 + 0 properly paired (100.00% : N/A)
sample2621	4006	4006 + 0 mapped (100.00% : N/A)	4006	4006 + 0 properly paired (100.00% : N/A)
sample3488	4008	4008 + 0 mapped (100.00% : N/A)	4008	4008 + 0 properly paired (100.00% : N/A)
sample2981	4006	4006 + 0 mapped (100.00% : N/A)	4006	4006 + 0 properly paired (100.00% : N/A)
sample2382	4006	4006 + 0 mapped (100.00% : N/A)	4006	4006 + 0 properly paired (100.00% : N/A)
sample3750	4006	4006 + 0 mapped (100.00% : N/A)	4006	4006 + 0 properly paired (100.00% : N/A)
sample2894	4006	4006 + 0 mapped (100.00% : N/A)	4006	4006 + 0 properly paired (100.00% : N/A)
sample2622	4004	4004 + 0 mapped (100.00% : N/A)	4004	4004 + 0 properly paired (100.00% : N/A)
sample3237	4006	4006 + 0 mapped (100.00% : N/A)	4006	4006 + 0 properly paired (100.00% : N/A)
sample2099	4008	4008 + 0 mapped (100.00% : N/A)	4008	4008 + 0 properly paired (100.00% : N/A)
sample2383	4004	4004 + 0 mapped (100.00% : N/A)	4004	4004 + 0 properly paired (100.00% : N/A)
sample2895	4006	4006 + 0 mapped (100.00% : N/A)	4006	4006 + 0 properly paired (100.00% : N/A)
sample2982	4006	4006 + 0 mapped (100.00% : N/A)	4006	4006 + 0 properly paired (100.00% : N/A)
sample2623	4006	4006 + 0 mapped (100.00% : N/A)	4006	4006 + 0 properly paired (100.00% : N/A)
sample3489	4004	4004 + 0 mapped (100.00% : N/A)	4004	4004 + 0 properly paired (100.00% : N/A)
sample3751	4004	4004 + 0 mapped (100.00% : N/A)	4004	4004 + 0 properly paired (100.00% : N/A)
sample2100	4006	4006 + 0 mapped (100.00% : N/A)	4006	4006 + 0 properly paired (100.00% : N/A)
sample3238	4006	4006 + 0 mapped (100.00% : N/A)	4006	4006 + 0 properly paired (100.00% : N/A)
sample2384	4002	4002 + 0 mapped (100.00% : N/A)	4002	4002 + 0 properly paired (100.00% : N/A)
sample2896	4004	4004 + 0 mapped (100.00% : N/A)	4004	4004 + 0 properly paired (100.00% : N/A)
sample2624	4006	4006 + 0 mapped (100.00% : N/A)	4006	4006 + 0 properly paired (100.00% : N/A)
sample2983	4008	4008 + 0 mapped (100.00% : N/A)	4008	4008 + 0 properly paired (100.00% : N/A)
sample2101	4008	4008 + 0 mapped (100.00% : N/A)	4008	4008 + 0 properly paired (100.00% : N/A)
sample2385	4008	4008 + 0 mapped (100.00% : N/A)	4008	4008 + 0 properly paired (100.00% : N/A)
sample3752	4000	4000 + 0 mapped (100.00% : N/A)	4000	4000 + 0 properly paired (100.00% : N/A)
sample3490	4000	4000 + 0 mapped (100.00% : N/A)	4000	4000 + 0 properly paired (100.00% : N/A)
sample2897	4006	4006 + 0 mapped (100.00% : N/A)	4006	4006 + 0 properly paired (100.00% : N/A)
sample3239	4004	4004 + 0 mapped (100.00% : N/A)	4004	4004 + 0 properly paired (100.00% : N/A)
sample2625	4006	4006 + 0 mapped (100.00% : N/A)	4006	4006 + 0 properly paired (100.00% : N/A)
sample2386	4008	4008 + 0 mapped (100.00% : N/A)	4008	4008 + 0 properly paired (100.00% : N/A)
sample2102	4006	4006 + 0 mapped (100.00% : N/A)	4006	4006 + 0 properly paired (100.00% : N/A)
sample2984	4008	4008 + 0 mapped (100.00% : N/A)	4008	4008 + 0 properly paired (100.00% : N/A)
sample2898	4004	4004 + 0 mapped (100.00% : N/A)	4004	4004 + 0 properly paired (100.00% : N/A)
sample3753	4004	4004 + 0 mapped (100.00% : N/A)	4004	4004 + 0 properly paired (100.00% : N/A)
sample2387	4002	4002 + 0 mapped (100.00% : N/A)	4002	4002 + 0 properly paired (100.00% : N/A)
sample2626	4008	4008 + 0 mapped (100.00% : N/A)	4008	4008 + 0 properly paired (100.00% : N/A)
sample3240	4004	4004 + 0 mapped (100.00% : N/A)	4004	4004 + 0 properly paired (100.00% : N/A)
sample2103	4004	4004 + 0 mapped (100.00% : N/A)	4004	4004 + 0 properly paired (100.00% : N/A)
sample3491	4002	4002 + 0 mapped (100.00% : N/A)	4002	4002 + 0 properly paired (100.00% : N/A)
sample2899	4008	4008 + 0 mapped (100.00% : N/A)	4008	4008 + 0 properly paired (100.00% : N/A)
sample2985	4006	4006 + 0 mapped (100.00% : N/A)	4006	4006 + 0 properly paired (100.00% : N/A)
sample2388	4006	4006 + 0 mapped (100.00% : N/A)	4006	4006 + 0 properly paired (100.00% : N/A)
sample2627	4006	4006 + 0 mapped (100.00% : N/A)	4006	4006 + 0 properly paired (100.00% : N/A)
sample3754	4006	4006 + 0 mapped (100.00% : N/A)	4006	4006 + 0 properly paired (100.00% : N/A)
sample2900	4006	4006 + 0 mapped (100.00% : N/A)	4006	4006 + 0 properly paired (100.00% : N/A)
sample2104	4002	4002 + 0 mapped (100.00% : N/A)	4002	4002 + 0 properly paired (100.00% : N/A)
sample3241	4004	4004 + 0 mapped (100.00% : N/A)	4004	4004 + 0 properly paired (100.00% : N/A)
sample2389	4006	4006 + 0 mapped (100.00% : N/A)	4006	4006 + 0 properly paired (100.00% : N/A)
sample3492	4006	4006 + 0 mapped (100.00% : N/A)	4006	4006 + 0 properly paired (100.00% : N/A)
sample2986	4008	4008 + 0 mapped (100.00% : N/A)	4008	4008 + 0 properly paired (100.00% : N/A)
sample2628	4004	4004 + 0 mapped (100.00% : N/A)	4004	4004 + 0 properly paired (100.00% : N/A)
sample2901	4008	4008 + 0 mapped (100.00% : N/A)	4008	4008 + 0 properly paired (100.00% : N/A)
sample2105	4008	4008 + 0 mapped (100.00% : N/A)	4008	4008 + 0 properly paired (100.00% : N/A)
sample3755	4006	4006 + 0 mapped (100.00% : N/A)	4006	4006 + 0 properly paired (100.00% : N/A)
sample2390	4008	4008 + 0 mapped (100.00% : N/A)	4008	4008 + 0 properly paired (100.00% : N/A)
sample3242	4008	4008 + 0 mapped (100.00% : N/A)	4008	4008 + 0 properly paired (100.00% : N/A)
sample2902	4008	4008 + 0 mapped (100.00% : N/A)	4008	4008 + 0 properly paired (100.00% : N/A)
sample2629	4008	4008 + 0 mapped (100.00% : N/A)	4008	4008 + 0 properly paired (100.00% : N/A)
sample2106	4006	4006 + 0 mapped (100.00% : N/A)	4006	4006 + 0 properly paired (100.00% : N/A)
sample2987	4004	4004 + 0 mapped (100.00% : N/A)	4004	4004 + 0 properly paired (100.00% : N/A)
sample2391	4008	4008 + 0 mapped (100.00% : N/A)	4008	4008 + 0 properly paired (100.00% : N/A)
sample3493	4008	4008 + 0 mapped (100.00% : N/A)	4008	4008 + 0 properly paired (100.00% : N/A)
sample3756	4008	4008 + 0 mapped (100.00% : N/A)	4008	4008 + 0 properly paired (100.00% : N/A)
sample2903	4006	4006 + 0 mapped (100.00% : N/A)	4006	4006 + 0 properly paired (100.00% : N/A)
sample2630	4004	4004 + 0 mapped (100.00% : N/A)	4004	4004 + 0 properly paired (100.00% : N/A)
sample2107	4004	4004 + 0 mapped (100.00% : N/A)	4004	4004 + 0 properly paired (100.00% : N/A)
sample3243	4008	4008 + 0 mapped (100.00% : N/A)	4008	4008 + 0 properly paired (100.00% : N/A)
sample2392	4008	4008 + 0 mapped (100.00% : N/A)	4008	4008 + 0 properly paired (100.00% : N/A)
sample2988	4004	4004 + 0 mapped (100.00% : N/A)	4004	4004 + 0 properly paired (100.00% : N/A)
sample2904	4008	4008 + 0 mapped (100.00% : N/A)	4008	4008 + 0 properly paired (100.00% : N/A)
sample2631	4004	4004 + 0 mapped (100.00% : N/A)	4004	4004 + 0 properly paired (100.00% : N/A)
sample2108	4008	4008 + 0 mapped (100.00% : N/A)	4008	4008 + 0 properly paired (100.00% : N/A)
sample3494	4002	4002 + 0 mapped (100.00% : N/A)	4002	4002 + 0 properly paired (100.00% : N/A)
sample3757	4008	4008 + 0 mapped (100.00% : N/A)	4008	4008 + 0 properly paired (100.00% : N/A)
sample2393	4008	4008 + 0 mapped (100.00% : N/A)	4008	4008 + 0 properly paired (100.00% : N/A)
sample3244	4006	4006 + 0 mapped (100.00% : N/A)	4006	4006 + 0 properly paired (100.00% : N/A)
sample2905	4006	4006 + 0 mapped (100.00% : N/A)	4006	4006 + 0 properly paired (100.00% : N/A)
sample2632	4002	4002 + 0 mapped (100.00% : N/A)	4002	4002 + 0 properly paired (100.00% : N/A)
sample2109	4004	4004 + 0 mapped (100.00% : N/A)	4004	4004 + 0 properly paired (100.00% : N/A)
sample2989	4008	4008 + 0 mapped (100.00% : N/A)	4008	4008 + 0 properly paired (100.00% : N/A)
sample2394	4008	4008 + 0 mapped (100.00% : N/A)	4008	4008 + 0 properly paired (100.00% : N/A)
sample2906	4008	4008 + 0 mapped (100.00% : N/A)	4008	4008 + 0 properly paired (100.00% : N/A)
sample2633	4006	4006 + 0 mapped (100.00% : N/A)	4006	4006 + 0 properly paired (100.00% : N/A)
sample3758	4006	4006 + 0 mapped (100.00% : N/A)	4006	4006 + 0 properly paired (100.00% : N/A)
sample3495	4008	4008 + 0 mapped (100.00% : N/A)	4008	4008 + 0 properly paired (100.00% : N/A)
sample3245	4006	4006 + 0 mapped (100.00% : N/A)	4006	4006 + 0 properly paired (100.00% : N/A)
sample2110	4008	4008 + 0 mapped (100.00% : N/A)	4008	4008 + 0 properly paired (100.00% : N/A)
sample2395	4008	4008 + 0 mapped (100.00% : N/A)	4008	4008 + 0 properly paired (100.00% : N/A)
sample2907	4006	4006 + 0 mapped (100.00% : N/A)	4006	4006 + 0 properly paired (100.00% : N/A)
sample2990	4008	4008 + 0 mapped (100.00% : N/A)	4008	4008 + 0 properly paired (100.00% : N/A)
sample2634	4002	4002 + 0 mapped (100.00% : N/A)	4002	4002 + 0 properly paired (100.00% : N/A)
sample3759	4008	4008 + 0 mapped (100.00% : N/A)	4008	4008 + 0 properly paired (100.00% : N/A)
sample2111	4006	4006 + 0 mapped (100.00% : N/A)	4006	4006 + 0 properly paired (100.00% : N/A)
sample2396	4004	4004 + 0 mapped (100.00% : N/A)	4004	4004 + 0 properly paired (100.00% : N/A)
sample2908	4004	4004 + 0 mapped (100.00% : N/A)	4004	4004 + 0 properly paired (100.00% : N/A)
sample3496	4008	4008 + 0 mapped (100.00% : N/A)	4008	4008 + 0 properly paired (100.00% : N/A)
sample3246	4006	4006 + 0 mapped (100.00% : N/A)	4006	4006 + 0 properly paired (100.00% : N/A)
sample2635	4004	4004 + 0 mapped (100.00% : N/A)	4004	4004 + 0 properly paired (100.00% : N/A)
sample2991	4006	4006 + 0 mapped (100.00% : N/A)	4006	4006 + 0 properly paired (100.00% : N/A)
sample2397	4004	4004 + 0 mapped (100.00% : N/A)	4004	4004 + 0 properly paired (100.00% : N/A)
sample2112	4008	4008 + 0 mapped (100.00% : N/A)	4008	4008 + 0 properly paired (100.00% : N/A)
sample2909	4004	4004 + 0 mapped (100.00% : N/A)	4004	4004 + 0 properly paired (100.00% : N/A)
sample3760	4006	4006 + 0 mapped (100.00% : N/A)	4006	4006 + 0 properly paired (100.00% : N/A)
sample2636	4008	4008 + 0 mapped (100.00% : N/A)	4008	4008 + 0 properly paired (100.00% : N/A)
sample3247	4006	4006 + 0 mapped (100.00% : N/A)	4006	4006 + 0 properly paired (100.00% : N/A)
sample2398	4006	4006 + 0 mapped (100.00% : N/A)	4006	4006 + 0 properly paired (100.00% : N/A)
sample3497	4006	4006 + 0 mapped (100.00% : N/A)	4006	4006 + 0 properly paired (100.00% : N/A)
sample2992	4004	4004 + 0 mapped (100.00% : N/A)	4004	4004 + 0 properly paired (100.00% : N/A)
sample2113	4008	4008 + 0 mapped (100.00% : N/A)	4008	4008 + 0 properly paired (100.00% : N/A)
sample2910	4008	4008 + 0 mapped (100.00% : N/A)	4008	4008 + 0 properly paired (100.00% : N/A)
sample3761	4008	4008 + 0 mapped (100.00% : N/A)	4008	4008 + 0 properly paired (100.00% : N/A)
sample2637	4006	4006 + 0 mapped (100.00% : N/A)	4006	4006 + 0 properly paired (100.00% : N/A)
sample2399	4006	4006 + 0 mapped (100.00% : N/A)	4006	4006 + 0 properly paired (100.00% : N/A)
sample2911	4008	4008 + 0 mapped (100.00% : N/A)	4008	4008 + 0 properly paired (100.00% : N/A)
sample3248	4006	4006 + 0 mapped (100.00% : N/A)	4006	4006 + 0 properly paired (100.00% : N/A)
sample2114	4008	4008 + 0 mapped (100.00% : N/A)	4008	4008 + 0 properly paired (100.00% : N/A)
sample2993	4006	4006 + 0 mapped (100.00% : N/A)	4006	4006 + 0 properly paired (100.00% : N/A)
sample3498	4004	4004 + 0 mapped (100.00% : N/A)	4004	4004 + 0 properly paired (100.00% : N/A)
sample2638	4008	4008 + 0 mapped (100.00% : N/A)	4008	4008 + 0 properly paired (100.00% : N/A)
sample3762	4006	4006 + 0 mapped (100.00% : N/A)	4006	4006 + 0 properly paired (100.00% : N/A)
sample2400	4002	4002 + 0 mapped (100.00% : N/A)	4002	4002 + 0 properly paired (100.00% : N/A)
sample2912	4008	4008 + 0 mapped (100.00% : N/A)	4008	4008 + 0 properly paired (100.00% : N/A)
sample2115	4008	4008 + 0 mapped (100.00% : N/A)	4008	4008 + 0 properly paired (100.00% : N/A)
sample3249	4006	4006 + 0 mapped (100.00% : N/A)	4006	4006 + 0 properly paired (100.00% : N/A)
sample2994	4008	4008 + 0 mapped (100.00% : N/A)	4008	4008 + 0 properly paired (100.00% : N/A)
sample2639	4008	4008 + 0 mapped (100.00% : N/A)	4008	4008 + 0 properly paired (100.00% : N/A)
sample2401	4006	4006 + 0 mapped (100.00% : N/A)	4006	4006 + 0 properly paired (100.00% : N/A)
sample2913	4008	4008 + 0 mapped (100.00% : N/A)	4008	4008 + 0 properly paired (100.00% : N/A)
sample3763	4006	4006 + 0 mapped (100.00% : N/A)	4006	4006 + 0 properly paired (100.00% : N/A)
sample2116	4004	4004 + 0 mapped (100.00% : N/A)	4004	4004 + 0 properly paired (100.00% : N/A)
sample3499	4004	4004 + 0 mapped (100.00% : N/A)	4004	4004 + 0 properly paired (100.00% : N/A)
sample2640	4006	4006 + 0 mapped (100.00% : N/A)	4006	4006 + 0 properly paired (100.00% : N/A)
sample2402	4006	4006 + 0 mapped (100.00% : N/A)	4006	4006 + 0 properly paired (100.00% : N/A)
sample2914	4008	4008 + 0 mapped (100.00% : N/A)	4008	4008 + 0 properly paired (100.00% : N/A)
sample3250	4006	4006 + 0 mapped (100.00% : N/A)	4006	4006 + 0 properly paired (100.00% : N/A)
sample2995	4004	4004 + 0 mapped (100.00% : N/A)	4004	4004 + 0 properly paired (100.00% : N/A)
sample3764	4008	4008 + 0 mapped (100.00% : N/A)	4008	4008 + 0 properly paired (100.00% : N/A)
sample2117	4002	4002 + 0 mapped (100.00% : N/A)	4002	4002 + 0 properly paired (100.00% : N/A)
sample2403	4004	4004 + 0 mapped (100.00% : N/A)	4004	4004 + 0 properly paired (100.00% : N/A)
sample2641	4008	4008 + 0 mapped (100.00% : N/A)	4008	4008 + 0 properly paired (100.00% : N/A)
sample2915	4006	4006 + 0 mapped (100.00% : N/A)	4006	4006 + 0 properly paired (100.00% : N/A)
sample3500	4008	4008 + 0 mapped (100.00% : N/A)	4008	4008 + 0 properly paired (100.00% : N/A)
sample3251	4008	4008 + 0 mapped (100.00% : N/A)	4008	4008 + 0 properly paired (100.00% : N/A)
sample2996	4006	4006 + 0 mapped (100.00% : N/A)	4006	4006 + 0 properly paired (100.00% : N/A)
sample2642	4002	4002 + 0 mapped (100.00% : N/A)	4002	4002 + 0 properly paired (100.00% : N/A)
sample2118	4004	4004 + 0 mapped (100.00% : N/A)	4004	4004 + 0 properly paired (100.00% : N/A)
sample2404	4002	4002 + 0 mapped (100.00% : N/A)	4002	4002 + 0 properly paired (100.00% : N/A)
sample2916	4008	4008 + 0 mapped (100.00% : N/A)	4008	4008 + 0 properly paired (100.00% : N/A)
sample3765	4004	4004 + 0 mapped (100.00% : N/A)	4004	4004 + 0 properly paired (100.00% : N/A)
sample3252	4008	4008 + 0 mapped (100.00% : N/A)	4008	4008 + 0 properly paired (100.00% : N/A)
sample2405	4004	4004 + 0 mapped (100.00% : N/A)	4004	4004 + 0 properly paired (100.00% : N/A)
sample2643	4004	4004 + 0 mapped (100.00% : N/A)	4004	4004 + 0 properly paired (100.00% : N/A)
sample2997	4008	4008 + 0 mapped (100.00% : N/A)	4008	4008 + 0 properly paired (100.00% : N/A)
sample2917	4006	4006 + 0 mapped (100.00% : N/A)	4006	4006 + 0 properly paired (100.00% : N/A)
sample3501	4006	4006 + 0 mapped (100.00% : N/A)	4006	4006 + 0 properly paired (100.00% : N/A)
sample2119	4006	4006 + 0 mapped (100.00% : N/A)	4006	4006 + 0 properly paired (100.00% : N/A)
sample3766	4008	4008 + 0 mapped (100.00% : N/A)	4008	4008 + 0 properly paired (100.00% : N/A)
sample2406	4006	4006 + 0 mapped (100.00% : N/A)	4006	4006 + 0 properly paired (100.00% : N/A)
sample2918	4008	4008 + 0 mapped (100.00% : N/A)	4008	4008 + 0 properly paired (100.00% : N/A)
sample2644	4008	4008 + 0 mapped (100.00% : N/A)	4008	4008 + 0 properly paired (100.00% : N/A)
sample2120	4004	4004 + 0 mapped (100.00% : N/A)	4004	4004 + 0 properly paired (100.00% : N/A)
sample3253	4006	4006 + 0 mapped (100.00% : N/A)	4006	4006 + 0 properly paired (100.00% : N/A)
sample2998	4008	4008 + 0 mapped (100.00% : N/A)	4008	4008 + 0 properly paired (100.00% : N/A)
sample3502	4004	4004 + 0 mapped (100.00% : N/A)	4004	4004 + 0 properly paired (100.00% : N/A)
sample2407	4006	4006 + 0 mapped (100.00% : N/A)	4006	4006 + 0 properly paired (100.00% : N/A)
sample2919	4004	4004 + 0 mapped (100.00% : N/A)	4004	4004 + 0 properly paired (100.00% : N/A)
sample2121	4006	4006 + 0 mapped (100.00% : N/A)	4006	4006 + 0 properly paired (100.00% : N/A)
sample2645	4002	4002 + 0 mapped (100.00% : N/A)	4002	4002 + 0 properly paired (100.00% : N/A)
sample3767	4004	4004 + 0 mapped (100.00% : N/A)	4004	4004 + 0 properly paired (100.00% : N/A)
sample3254	4008	4008 + 0 mapped (100.00% : N/A)	4008	4008 + 0 properly paired (100.00% : N/A)
sample2999	4008	4008 + 0 mapped (100.00% : N/A)	4008	4008 + 0 properly paired (100.00% : N/A)
sample2408	4006	4006 + 0 mapped (100.00% : N/A)	4006	4006 + 0 properly paired (100.00% : N/A)
sample2920	4000	4000 + 0 mapped (100.00% : N/A)	4000	4000 + 0 properly paired (100.00% : N/A)
sample2646	4006	4006 + 0 mapped (100.00% : N/A)	4006	4006 + 0 properly paired (100.00% : N/A)
sample3503	4006	4006 + 0 mapped (100.00% : N/A)	4006	4006 + 0 properly paired (100.00% : N/A)
sample2122	4006	4006 + 0 mapped (100.00% : N/A)	4006	4006 + 0 properly paired (100.00% : N/A)
sample3768	4006	4006 + 0 mapped (100.00% : N/A)	4006	4006 + 0 properly paired (100.00% : N/A)
sample2409	4008	4008 + 0 mapped (100.00% : N/A)	4008	4008 + 0 properly paired (100.00% : N/A)
sample2921	4006	4006 + 0 mapped (100.00% : N/A)	4006	4006 + 0 properly paired (100.00% : N/A)
sample3255	4006	4006 + 0 mapped (100.00% : N/A)	4006	4006 + 0 properly paired (100.00% : N/A)
sample3000	4006	4006 + 0 mapped (100.00% : N/A)	4006	4006 + 0 properly paired (100.00% : N/A)
sample2647	4008	4008 + 0 mapped (100.00% : N/A)	4008	4008 + 0 properly paired (100.00% : N/A)
sample2123	4006	4006 + 0 mapped (100.00% : N/A)	4006	4006 + 0 properly paired (100.00% : N/A)
sample2410	4004	4004 + 0 mapped (100.00% : N/A)	4004	4004 + 0 properly paired (100.00% : N/A)
sample3769	4008	4008 + 0 mapped (100.00% : N/A)	4008	4008 + 0 properly paired (100.00% : N/A)
sample2922	4008	4008 + 0 mapped (100.00% : N/A)	4008	4008 + 0 properly paired (100.00% : N/A)
sample3504	4008	4008 + 0 mapped (100.00% : N/A)	4008	4008 + 0 properly paired (100.00% : N/A)
sample2648	4006	4006 + 0 mapped (100.00% : N/A)	4006	4006 + 0 properly paired (100.00% : N/A)
sample3001	4006	4006 + 0 mapped (100.00% : N/A)	4006	4006 + 0 properly paired (100.00% : N/A)
sample2411	4004	4004 + 0 mapped (100.00% : N/A)	4004	4004 + 0 properly paired (100.00% : N/A)
sample3256	4008	4008 + 0 mapped (100.00% : N/A)	4008	4008 + 0 properly paired (100.00% : N/A)
sample2923	4008	4008 + 0 mapped (100.00% : N/A)	4008	4008 + 0 properly paired (100.00% : N/A)
sample2124	4006	4006 + 0 mapped (100.00% : N/A)	4006	4006 + 0 properly paired (100.00% : N/A)
sample3770	4008	4008 + 0 mapped (100.00% : N/A)	4008	4008 + 0 properly paired (100.00% : N/A)
sample2649	4002	4002 + 0 mapped (100.00% : N/A)	4002	4002 + 0 properly paired (100.00% : N/A)
sample2412	4008	4008 + 0 mapped (100.00% : N/A)	4008	4008 + 0 properly paired (100.00% : N/A)
sample3505	4006	4006 + 0 mapped (100.00% : N/A)	4006	4006 + 0 properly paired (100.00% : N/A)
sample2924	4008	4008 + 0 mapped (100.00% : N/A)	4008	4008 + 0 properly paired (100.00% : N/A)
sample2125	4006	4006 + 0 mapped (100.00% : N/A)	4006	4006 + 0 properly paired (100.00% : N/A)
sample3002	4004	4004 + 0 mapped (100.00% : N/A)	4004	4004 + 0 properly paired (100.00% : N/A)
sample3257	4006	4006 + 0 mapped (100.00% : N/A)	4006	4006 + 0 properly paired (100.00% : N/A)
sample2650	4006	4006 + 0 mapped (100.00% : N/A)	4006	4006 + 0 properly paired (100.00% : N/A)
sample2413	4004	4004 + 0 mapped (100.00% : N/A)	4004	4004 + 0 properly paired (100.00% : N/A)
sample3771	4008	4008 + 0 mapped (100.00% : N/A)	4008	4008 + 0 properly paired (100.00% : N/A)
sample2925	4004	4004 + 0 mapped (100.00% : N/A)	4004	4004 + 0 properly paired (100.00% : N/A)
sample2126	4002	4002 + 0 mapped (100.00% : N/A)	4002	4002 + 0 properly paired (100.00% : N/A)
sample2651	4008	4008 + 0 mapped (100.00% : N/A)	4008	4008 + 0 properly paired (100.00% : N/A)
sample3003	4008	4008 + 0 mapped (100.00% : N/A)	4008	4008 + 0 properly paired (100.00% : N/A)
sample3506	4008	4008 + 0 mapped (100.00% : N/A)	4008	4008 + 0 properly paired (100.00% : N/A)
sample3258	4008	4008 + 0 mapped (100.00% : N/A)	4008	4008 + 0 properly paired (100.00% : N/A)
sample2414	4004	4004 + 0 mapped (100.00% : N/A)	4004	4004 + 0 properly paired (100.00% : N/A)
sample2926	4000	4000 + 0 mapped (100.00% : N/A)	4000	4000 + 0 properly paired (100.00% : N/A)
sample2127	4004	4004 + 0 mapped (100.00% : N/A)	4004	4004 + 0 properly paired (100.00% : N/A)
sample3772	4006	4006 + 0 mapped (100.00% : N/A)	4006	4006 + 0 properly paired (100.00% : N/A)
sample2652	4006	4006 + 0 mapped (100.00% : N/A)	4006	4006 + 0 properly paired (100.00% : N/A)
sample2415	4006	4006 + 0 mapped (100.00% : N/A)	4006	4006 + 0 properly paired (100.00% : N/A)
sample2927	4006	4006 + 0 mapped (100.00% : N/A)	4006	4006 + 0 properly paired (100.00% : N/A)
sample3507	4008	4008 + 0 mapped (100.00% : N/A)	4008	4008 + 0 properly paired (100.00% : N/A)
sample3004	4006	4006 + 0 mapped (100.00% : N/A)	4006	4006 + 0 properly paired (100.00% : N/A)
sample2128	4006	4006 + 0 mapped (100.00% : N/A)	4006	4006 + 0 properly paired (100.00% : N/A)
sample3259	4002	4002 + 0 mapped (100.00% : N/A)	4002	4002 + 0 properly paired (100.00% : N/A)
sample3773	4008	4008 + 0 mapped (100.00% : N/A)	4008	4008 + 0 properly paired (100.00% : N/A)
sample2416	4006	4006 + 0 mapped (100.00% : N/A)	4006	4006 + 0 properly paired (100.00% : N/A)
sample2653	4008	4008 + 0 mapped (100.00% : N/A)	4008	4008 + 0 properly paired (100.00% : N/A)
sample2928	4008	4008 + 0 mapped (100.00% : N/A)	4008	4008 + 0 properly paired (100.00% : N/A)
sample2129	4006	4006 + 0 mapped (100.00% : N/A)	4006	4006 + 0 properly paired (100.00% : N/A)
sample3005	4008	4008 + 0 mapped (100.00% : N/A)	4008	4008 + 0 properly paired (100.00% : N/A)
sample2417	4006	4006 + 0 mapped (100.00% : N/A)	4006	4006 + 0 properly paired (100.00% : N/A)
sample2654	4004	4004 + 0 mapped (100.00% : N/A)	4004	4004 + 0 properly paired (100.00% : N/A)
sample3508	4008	4008 + 0 mapped (100.00% : N/A)	4008	4008 + 0 properly paired (100.00% : N/A)
sample3260	4006	4006 + 0 mapped (100.00% : N/A)	4006	4006 + 0 properly paired (100.00% : N/A)
sample2929	4008	4008 + 0 mapped (100.00% : N/A)	4008	4008 + 0 properly paired (100.00% : N/A)
sample3774	4006	4006 + 0 mapped (100.00% : N/A)	4006	4006 + 0 properly paired (100.00% : N/A)
sample2130	4004	4004 + 0 mapped (100.00% : N/A)	4004	4004 + 0 properly paired (100.00% : N/A)
sample2418	4008	4008 + 0 mapped (100.00% : N/A)	4008	4008 + 0 properly paired (100.00% : N/A)
sample2655	4006	4006 + 0 mapped (100.00% : N/A)	4006	4006 + 0 properly paired (100.00% : N/A)
sample2930	4006	4006 + 0 mapped (100.00% : N/A)	4006	4006 + 0 properly paired (100.00% : N/A)
sample3006	4004	4004 + 0 mapped (100.00% : N/A)	4004	4004 + 0 properly paired (100.00% : N/A)
sample3261	4006	4006 + 0 mapped (100.00% : N/A)	4006	4006 + 0 properly paired (100.00% : N/A)
sample3509	4008	4008 + 0 mapped (100.00% : N/A)	4008	4008 + 0 properly paired (100.00% : N/A)
sample3775	4006	4006 + 0 mapped (100.00% : N/A)	4006	4006 + 0 properly paired (100.00% : N/A)
sample2419	4004	4004 + 0 mapped (100.00% : N/A)	4004	4004 + 0 properly paired (100.00% : N/A)
sample2131	4006	4006 + 0 mapped (100.00% : N/A)	4006	4006 + 0 properly paired (100.00% : N/A)
sample2931	4008	4008 + 0 mapped (100.00% : N/A)	4008	4008 + 0 properly paired (100.00% : N/A)
sample2656	4004	4004 + 0 mapped (100.00% : N/A)	4004	4004 + 0 properly paired (100.00% : N/A)
sample3007	4006	4006 + 0 mapped (100.00% : N/A)	4006	4006 + 0 properly paired (100.00% : N/A)
sample2420	4008	4008 + 0 mapped (100.00% : N/A)	4008	4008 + 0 properly paired (100.00% : N/A)
sample2132	4006	4006 + 0 mapped (100.00% : N/A)	4006	4006 + 0 properly paired (100.00% : N/A)
sample3776	4008	4008 + 0 mapped (100.00% : N/A)	4008	4008 + 0 properly paired (100.00% : N/A)
sample2932	4004	4004 + 0 mapped (100.00% : N/A)	4004	4004 + 0 properly paired (100.00% : N/A)
sample3262	4004	4004 + 0 mapped (100.00% : N/A)	4004	4004 + 0 properly paired (100.00% : N/A)
sample3510	4008	4008 + 0 mapped (100.00% : N/A)	4008	4008 + 0 properly paired (100.00% : N/A)
sample2657	4008	4008 + 0 mapped (100.00% : N/A)	4008	4008 + 0 properly paired (100.00% : N/A)
sample2421	4006	4006 + 0 mapped (100.00% : N/A)	4006	4006 + 0 properly paired (100.00% : N/A)
sample3008	4008	4008 + 0 mapped (100.00% : N/A)	4008	4008 + 0 properly paired (100.00% : N/A)
sample2133	4008	4008 + 0 mapped (100.00% : N/A)	4008	4008 + 0 properly paired (100.00% : N/A)
sample2933	4008	4008 + 0 mapped (100.00% : N/A)	4008	4008 + 0 properly paired (100.00% : N/A)
sample2658	4008	4008 + 0 mapped (100.00% : N/A)	4008	4008 + 0 properly paired (100.00% : N/A)
sample3777	4008	4008 + 0 mapped (100.00% : N/A)	4008	4008 + 0 properly paired (100.00% : N/A)
sample3263	4008	4008 + 0 mapped (100.00% : N/A)	4008	4008 + 0 properly paired (100.00% : N/A)
sample2422	4006	4006 + 0 mapped (100.00% : N/A)	4006	4006 + 0 properly paired (100.00% : N/A)
sample3511	4004	4004 + 0 mapped (100.00% : N/A)	4004	4004 + 0 properly paired (100.00% : N/A)
sample2934	4006	4006 + 0 mapped (100.00% : N/A)	4006	4006 + 0 properly paired (100.00% : N/A)
sample2134	4008	4008 + 0 mapped (100.00% : N/A)	4008	4008 + 0 properly paired (100.00% : N/A)
sample2659	4008	4008 + 0 mapped (100.00% : N/A)	4008	4008 + 0 properly paired (100.00% : N/A)
sample3009	4006	4006 + 0 mapped (100.00% : N/A)	4006	4006 + 0 properly paired (100.00% : N/A)
sample2423	4006	4006 + 0 mapped (100.00% : N/A)	4006	4006 + 0 properly paired (100.00% : N/A)
sample3778	4008	4008 + 0 mapped (100.00% : N/A)	4008	4008 + 0 properly paired (100.00% : N/A)
sample2935	4008	4008 + 0 mapped (100.00% : N/A)	4008	4008 + 0 properly paired (100.00% : N/A)
sample3264	4006	4006 + 0 mapped (100.00% : N/A)	4006	4006 + 0 properly paired (100.00% : N/A)
sample2135	4008	4008 + 0 mapped (100.00% : N/A)	4008	4008 + 0 properly paired (100.00% : N/A)
sample2660	4006	4006 + 0 mapped (100.00% : N/A)	4006	4006 + 0 properly paired (100.00% : N/A)
sample3512	4004	4004 + 0 mapped (100.00% : N/A)	4004	4004 + 0 properly paired (100.00% : N/A)
sample2424	4004	4004 + 0 mapped (100.00% : N/A)	4004	4004 + 0 properly paired (100.00% : N/A)
sample3010	4004	4004 + 0 mapped (100.00% : N/A)	4004	4004 + 0 properly paired (100.00% : N/A)
sample2936	4008	4008 + 0 mapped (100.00% : N/A)	4008	4008 + 0 properly paired (100.00% : N/A)
sample3779	4008	4008 + 0 mapped (100.00% : N/A)	4008	4008 + 0 properly paired (100.00% : N/A)
sample2661	4008	4008 + 0 mapped (100.00% : N/A)	4008	4008 + 0 properly paired (100.00% : N/A)
sample2136	4008	4008 + 0 mapped (100.00% : N/A)	4008	4008 + 0 properly paired (100.00% : N/A)
sample3265	4008	4008 + 0 mapped (100.00% : N/A)	4008	4008 + 0 properly paired (100.00% : N/A)
sample2937	4006	4006 + 0 mapped (100.00% : N/A)	4006	4006 + 0 properly paired (100.00% : N/A)
sample2425	4004	4004 + 0 mapped (100.00% : N/A)	4004	4004 + 0 properly paired (100.00% : N/A)
sample3513	4004	4004 + 0 mapped (100.00% : N/A)	4004	4004 + 0 properly paired (100.00% : N/A)
sample2662	4002	4002 + 0 mapped (100.00% : N/A)	4002	4002 + 0 properly paired (100.00% : N/A)
sample3011	4004	4004 + 0 mapped (100.00% : N/A)	4004	4004 + 0 properly paired (100.00% : N/A)
sample3780	4008	4008 + 0 mapped (100.00% : N/A)	4008	4008 + 0 properly paired (100.00% : N/A)
sample2137	4006	4006 + 0 mapped (100.00% : N/A)	4006	4006 + 0 properly paired (100.00% : N/A)
sample3266	4006	4006 + 0 mapped (100.00% : N/A)	4006	4006 + 0 properly paired (100.00% : N/A)
sample2938	4008	4008 + 0 mapped (100.00% : N/A)	4008	4008 + 0 properly paired (100.00% : N/A)
sample2426	4006	4006 + 0 mapped (100.00% : N/A)	4006	4006 + 0 properly paired (100.00% : N/A)
sample2663	4006	4006 + 0 mapped (100.00% : N/A)	4006	4006 + 0 properly paired (100.00% : N/A)
sample2939	4008	4008 + 0 mapped (100.00% : N/A)	4008	4008 + 0 properly paired (100.00% : N/A)
sample3012	4006	4006 + 0 mapped (100.00% : N/A)	4006	4006 + 0 properly paired (100.00% : N/A)
sample3514	4008	4008 + 0 mapped (100.00% : N/A)	4008	4008 + 0 properly paired (100.00% : N/A)
sample2427	4002	4002 + 0 mapped (100.00% : N/A)	4002	4002 + 0 properly paired (100.00% : N/A)
sample2138	4008	4008 + 0 mapped (100.00% : N/A)	4008	4008 + 0 properly paired (100.00% : N/A)
sample3781	4006	4006 + 0 mapped (100.00% : N/A)	4006	4006 + 0 properly paired (100.00% : N/A)
sample2664	4008	4008 + 0 mapped (100.00% : N/A)	4008	4008 + 0 properly paired (100.00% : N/A)
sample3267	4006	4006 + 0 mapped (100.00% : N/A)	4006	4006 + 0 properly paired (100.00% : N/A)
sample2940	4008	4008 + 0 mapped (100.00% : N/A)	4008	4008 + 0 properly paired (100.00% : N/A)
sample3013	4008	4008 + 0 mapped (100.00% : N/A)	4008	4008 + 0 properly paired (100.00% : N/A)
sample2428	4004	4004 + 0 mapped (100.00% : N/A)	4004	4004 + 0 properly paired (100.00% : N/A)
sample2139	4006	4006 + 0 mapped (100.00% : N/A)	4006	4006 + 0 properly paired (100.00% : N/A)
sample3515	4004	4004 + 0 mapped (100.00% : N/A)	4004	4004 + 0 properly paired (100.00% : N/A)
sample2665	4006	4006 + 0 mapped (100.00% : N/A)	4006	4006 + 0 properly paired (100.00% : N/A)
sample3782	4008	4008 + 0 mapped (100.00% : N/A)	4008	4008 + 0 properly paired (100.00% : N/A)
sample2941	4008	4008 + 0 mapped (100.00% : N/A)	4008	4008 + 0 properly paired (100.00% : N/A)
sample3268	4008	4008 + 0 mapped (100.00% : N/A)	4008	4008 + 0 properly paired (100.00% : N/A)
sample2429	4006	4006 + 0 mapped (100.00% : N/A)	4006	4006 + 0 properly paired (100.00% : N/A)
sample2666	4002	4002 + 0 mapped (100.00% : N/A)	4002	4002 + 0 properly paired (100.00% : N/A)
sample3014	4008	4008 + 0 mapped (100.00% : N/A)	4008	4008 + 0 properly paired (100.00% : N/A)
sample2140	4008	4008 + 0 mapped (100.00% : N/A)	4008	4008 + 0 properly paired (100.00% : N/A)
sample2942	4008	4008 + 0 mapped (100.00% : N/A)	4008	4008 + 0 properly paired (100.00% : N/A)
sample3783	4008	4008 + 0 mapped (100.00% : N/A)	4008	4008 + 0 properly paired (100.00% : N/A)
sample3516	4008	4008 + 0 mapped (100.00% : N/A)	4008	4008 + 0 properly paired (100.00% : N/A)
sample2430	4006	4006 + 0 mapped (100.00% : N/A)	4006	4006 + 0 properly paired (100.00% : N/A)
sample2667	4008	4008 + 0 mapped (100.00% : N/A)	4008	4008 + 0 properly paired (100.00% : N/A)
sample3269	4006	4006 + 0 mapped (100.00% : N/A)	4006	4006 + 0 properly paired (100.00% : N/A)
sample2141	4008	4008 + 0 mapped (100.00% : N/A)	4008	4008 + 0 properly paired (100.00% : N/A)
sample2943	4004	4004 + 0 mapped (100.00% : N/A)	4004	4004 + 0 properly paired (100.00% : N/A)
sample3015	4006	4006 + 0 mapped (100.00% : N/A)	4006	4006 + 0 properly paired (100.00% : N/A)
sample2431	4008	4008 + 0 mapped (100.00% : N/A)	4008	4008 + 0 properly paired (100.00% : N/A)
sample3784	4004	4004 + 0 mapped (100.00% : N/A)	4004	4004 + 0 properly paired (100.00% : N/A)
sample3517	4000	4000 + 0 mapped (100.00% : N/A)	4000	4000 + 0 properly paired (100.00% : N/A)
sample2668	4006	4006 + 0 mapped (100.00% : N/A)	4006	4006 + 0 properly paired (100.00% : N/A)
sample2142	4004	4004 + 0 mapped (100.00% : N/A)	4004	4004 + 0 properly paired (100.00% : N/A)
sample2944	4004	4004 + 0 mapped (100.00% : N/A)	4004	4004 + 0 properly paired (100.00% : N/A)
sample2432	4004	4004 + 0 mapped (100.00% : N/A)	4004	4004 + 0 properly paired (100.00% : N/A)
sample3270	4008	4008 + 0 mapped (100.00% : N/A)	4008	4008 + 0 properly paired (100.00% : N/A)
sample3016	4008	4008 + 0 mapped (100.00% : N/A)	4008	4008 + 0 properly paired (100.00% : N/A)
sample2669	4006	4006 + 0 mapped (100.00% : N/A)	4006	4006 + 0 properly paired (100.00% : N/A)
sample2143	4008	4008 + 0 mapped (100.00% : N/A)	4008	4008 + 0 properly paired (100.00% : N/A)
sample3785	4008	4008 + 0 mapped (100.00% : N/A)	4008	4008 + 0 properly paired (100.00% : N/A)
sample3518	4004	4004 + 0 mapped (100.00% : N/A)	4004	4004 + 0 properly paired (100.00% : N/A)
sample3271	4006	4006 + 0 mapped (100.00% : N/A)	4006	4006 + 0 properly paired (100.00% : N/A)
sample2670	4008	4008 + 0 mapped (100.00% : N/A)	4008	4008 + 0 properly paired (100.00% : N/A)
sample3017	4004	4004 + 0 mapped (100.00% : N/A)	4004	4004 + 0 properly paired (100.00% : N/A)
sample2144	4006	4006 + 0 mapped (100.00% : N/A)	4006	4006 + 0 properly paired (100.00% : N/A)
sample3786	4006	4006 + 0 mapped (100.00% : N/A)	4006	4006 + 0 properly paired (100.00% : N/A)
sample2671	4004	4004 + 0 mapped (100.00% : N/A)	4004	4004 + 0 properly paired (100.00% : N/A)
sample2145	4008	4008 + 0 mapped (100.00% : N/A)	4008	4008 + 0 properly paired (100.00% : N/A)
sample3272	4004	4004 + 0 mapped (100.00% : N/A)	4004	4004 + 0 properly paired (100.00% : N/A)
sample3519	4006	4006 + 0 mapped (100.00% : N/A)	4006	4006 + 0 properly paired (100.00% : N/A)
sample3018	4006	4006 + 0 mapped (100.00% : N/A)	4006	4006 + 0 properly paired (100.00% : N/A)
sample3787	4004	4004 + 0 mapped (100.00% : N/A)	4004	4004 + 0 properly paired (100.00% : N/A)
sample2672	4002	4002 + 0 mapped (100.00% : N/A)	4002	4002 + 0 properly paired (100.00% : N/A)
sample2146	4008	4008 + 0 mapped (100.00% : N/A)	4008	4008 + 0 properly paired (100.00% : N/A)
sample3273	4008	4008 + 0 mapped (100.00% : N/A)	4008	4008 + 0 properly paired (100.00% : N/A)
sample3019	4008	4008 + 0 mapped (100.00% : N/A)	4008	4008 + 0 properly paired (100.00% : N/A)
sample3520	4004	4004 + 0 mapped (100.00% : N/A)	4004	4004 + 0 properly paired (100.00% : N/A)
sample2673	4002	4002 + 0 mapped (100.00% : N/A)	4002	4002 + 0 properly paired (100.00% : N/A)
sample3788	4008	4008 + 0 mapped (100.00% : N/A)	4008	4008 + 0 properly paired (100.00% : N/A)
sample2147	4008	4008 + 0 mapped (100.00% : N/A)	4008	4008 + 0 properly paired (100.00% : N/A)
sample2674	4006	4006 + 0 mapped (100.00% : N/A)	4006	4006 + 0 properly paired (100.00% : N/A)
sample3274	4006	4006 + 0 mapped (100.00% : N/A)	4006	4006 + 0 properly paired (100.00% : N/A)
sample3020	4008	4008 + 0 mapped (100.00% : N/A)	4008	4008 + 0 properly paired (100.00% : N/A)
sample2148	4006	4006 + 0 mapped (100.00% : N/A)	4006	4006 + 0 properly paired (100.00% : N/A)
sample3789	4008	4008 + 0 mapped (100.00% : N/A)	4008	4008 + 0 properly paired (100.00% : N/A)
sample3521	4008	4008 + 0 mapped (100.00% : N/A)	4008	4008 + 0 properly paired (100.00% : N/A)
sample2675	4008	4008 + 0 mapped (100.00% : N/A)	4008	4008 + 0 properly paired (100.00% : N/A)
sample2149	4008	4008 + 0 mapped (100.00% : N/A)	4008	4008 + 0 properly paired (100.00% : N/A)
sample3275	4006	4006 + 0 mapped (100.00% : N/A)	4006	4006 + 0 properly paired (100.00% : N/A)
sample3021	4006	4006 + 0 mapped (100.00% : N/A)	4006	4006 + 0 properly paired (100.00% : N/A)
sample3790	4008	4008 + 0 mapped (100.00% : N/A)	4008	4008 + 0 properly paired (100.00% : N/A)
sample2676	4008	4008 + 0 mapped (100.00% : N/A)	4008	4008 + 0 properly paired (100.00% : N/A)
sample3522	4006	4006 + 0 mapped (100.00% : N/A)	4006	4006 + 0 properly paired (100.00% : N/A)
sample2150	4006	4006 + 0 mapped (100.00% : N/A)	4006	4006 + 0 properly paired (100.00% : N/A)
sample3276	4008	4008 + 0 mapped (100.00% : N/A)	4008	4008 + 0 properly paired (100.00% : N/A)
sample3022	4006	4006 + 0 mapped (100.00% : N/A)	4006	4006 + 0 properly paired (100.00% : N/A)
sample2677	4006	4006 + 0 mapped (100.00% : N/A)	4006	4006 + 0 properly paired (100.00% : N/A)
sample3791	4008	4008 + 0 mapped (100.00% : N/A)	4008	4008 + 0 properly paired (100.00% : N/A)
sample2151	4006	4006 + 0 mapped (100.00% : N/A)	4006	4006 + 0 properly paired (100.00% : N/A)
sample3523	4008	4008 + 0 mapped (100.00% : N/A)	4008	4008 + 0 properly paired (100.00% : N/A)
sample2678	4006	4006 + 0 mapped (100.00% : N/A)	4006	4006 + 0 properly paired (100.00% : N/A)
sample3023	4006	4006 + 0 mapped (100.00% : N/A)	4006	4006 + 0 properly paired (100.00% : N/A)
sample3277	4008	4008 + 0 mapped (100.00% : N/A)	4008	4008 + 0 properly paired (100.00% : N/A)
sample3792	4004	4004 + 0 mapped (100.00% : N/A)	4004	4004 + 0 properly paired (100.00% : N/A)
sample2679	4006	4006 + 0 mapped (100.00% : N/A)	4006	4006 + 0 properly paired (100.00% : N/A)
sample2152	4008	4008 + 0 mapped (100.00% : N/A)	4008	4008 + 0 properly paired (100.00% : N/A)
sample3524	4006	4006 + 0 mapped (100.00% : N/A)	4006	4006 + 0 properly paired (100.00% : N/A)
sample3024	4006	4006 + 0 mapped (100.00% : N/A)	4006	4006 + 0 properly paired (100.00% : N/A)
sample3278	4006	4006 + 0 mapped (100.00% : N/A)	4006	4006 + 0 properly paired (100.00% : N/A)
sample2680	4008	4008 + 0 mapped (100.00% : N/A)	4008	4008 + 0 properly paired (100.00% : N/A)
sample3793	4008	4008 + 0 mapped (100.00% : N/A)	4008	4008 + 0 properly paired (100.00% : N/A)
sample2153	4008	4008 + 0 mapped (100.00% : N/A)	4008	4008 + 0 properly paired (100.00% : N/A)
sample2154	4006	4006 + 0 mapped (100.00% : N/A)	4006	4006 + 0 properly paired (100.00% : N/A)
sample2681	4008	4008 + 0 mapped (100.00% : N/A)	4008	4008 + 0 properly paired (100.00% : N/A)
sample3025	4008	4008 + 0 mapped (100.00% : N/A)	4008	4008 + 0 properly paired (100.00% : N/A)
sample3794	4006	4006 + 0 mapped (100.00% : N/A)	4006	4006 + 0 properly paired (100.00% : N/A)
sample3279	4008	4008 + 0 mapped (100.00% : N/A)	4008	4008 + 0 properly paired (100.00% : N/A)
sample3525	4006	4006 + 0 mapped (100.00% : N/A)	4006	4006 + 0 properly paired (100.00% : N/A)
sample2155	4006	4006 + 0 mapped (100.00% : N/A)	4006	4006 + 0 properly paired (100.00% : N/A)
sample2682	4008	4008 + 0 mapped (100.00% : N/A)	4008	4008 + 0 properly paired (100.00% : N/A)
sample3026	4006	4006 + 0 mapped (100.00% : N/A)	4006	4006 + 0 properly paired (100.00% : N/A)
sample3795	4008	4008 + 0 mapped (100.00% : N/A)	4008	4008 + 0 properly paired (100.00% : N/A)
sample3280	4006	4006 + 0 mapped (100.00% : N/A)	4006	4006 + 0 properly paired (100.00% : N/A)
sample2156	4006	4006 + 0 mapped (100.00% : N/A)	4006	4006 + 0 properly paired (100.00% : N/A)
sample2683	4008	4008 + 0 mapped (100.00% : N/A)	4008	4008 + 0 properly paired (100.00% : N/A)
sample3526	4008	4008 + 0 mapped (100.00% : N/A)	4008	4008 + 0 properly paired (100.00% : N/A)
sample3796	4006	4006 + 0 mapped (100.00% : N/A)	4006	4006 + 0 properly paired (100.00% : N/A)
sample3027	4004	4004 + 0 mapped (100.00% : N/A)	4004	4004 + 0 properly paired (100.00% : N/A)
sample3281	4008	4008 + 0 mapped (100.00% : N/A)	4008	4008 + 0 properly paired (100.00% : N/A)
sample2684	4008	4008 + 0 mapped (100.00% : N/A)	4008	4008 + 0 properly paired (100.00% : N/A)
sample2157	4006	4006 + 0 mapped (100.00% : N/A)	4006	4006 + 0 properly paired (100.00% : N/A)
sample3797	4006	4006 + 0 mapped (100.00% : N/A)	4006	4006 + 0 properly paired (100.00% : N/A)
sample3028	4008	4008 + 0 mapped (100.00% : N/A)	4008	4008 + 0 properly paired (100.00% : N/A)
sample3527	4006	4006 + 0 mapped (100.00% : N/A)	4006	4006 + 0 properly paired (100.00% : N/A)
sample3282	4008	4008 + 0 mapped (100.00% : N/A)	4008	4008 + 0 properly paired (100.00% : N/A)
sample2685	4006	4006 + 0 mapped (100.00% : N/A)	4006	4006 + 0 properly paired (100.00% : N/A)
sample2158	4008	4008 + 0 mapped (100.00% : N/A)	4008	4008 + 0 properly paired (100.00% : N/A)
sample3798	4006	4006 + 0 mapped (100.00% : N/A)	4006	4006 + 0 properly paired (100.00% : N/A)
sample3029	4008	4008 + 0 mapped (100.00% : N/A)	4008	4008 + 0 properly paired (100.00% : N/A)
sample2686	4008	4008 + 0 mapped (100.00% : N/A)	4008	4008 + 0 properly paired (100.00% : N/A)
sample2159	4006	4006 + 0 mapped (100.00% : N/A)	4006	4006 + 0 properly paired (100.00% : N/A)
sample3528	4006	4006 + 0 mapped (100.00% : N/A)	4006	4006 + 0 properly paired (100.00% : N/A)
sample3283	4008	4008 + 0 mapped (100.00% : N/A)	4008	4008 + 0 properly paired (100.00% : N/A)
sample2687	4008	4008 + 0 mapped (100.00% : N/A)	4008	4008 + 0 properly paired (100.00% : N/A)
sample3799	4008	4008 + 0 mapped (100.00% : N/A)	4008	4008 + 0 properly paired (100.00% : N/A)
sample2160	4006	4006 + 0 mapped (100.00% : N/A)	4006	4006 + 0 properly paired (100.00% : N/A)
sample3030	4002	4002 + 0 mapped (100.00% : N/A)	4002	4002 + 0 properly paired (100.00% : N/A)
sample3284	4008	4008 + 0 mapped (100.00% : N/A)	4008	4008 + 0 properly paired (100.00% : N/A)
sample2688	4006	4006 + 0 mapped (100.00% : N/A)	4006	4006 + 0 properly paired (100.00% : N/A)
sample3529	3998	3998 + 0 mapped (100.00% : N/A)	3998	3998 + 0 properly paired (100.00% : N/A)
sample2161	4002	4002 + 0 mapped (100.00% : N/A)	4002	4002 + 0 properly paired (100.00% : N/A)
sample3800	4006	4006 + 0 mapped (100.00% : N/A)	4006	4006 + 0 properly paired (100.00% : N/A)
sample3031	3998	3998 + 0 mapped (100.00% : N/A)	3998	3998 + 0 properly paired (100.00% : N/A)
sample2162	4006	4006 + 0 mapped (100.00% : N/A)	4006	4006 + 0 properly paired (100.00% : N/A)
sample3285	4004	4004 + 0 mapped (100.00% : N/A)	4004	4004 + 0 properly paired (100.00% : N/A)
sample3530	4008	4008 + 0 mapped (100.00% : N/A)	4008	4008 + 0 properly paired (100.00% : N/A)
sample3801	4008	4008 + 0 mapped (100.00% : N/A)	4008	4008 + 0 properly paired (100.00% : N/A)
sample3032	4008	4008 + 0 mapped (100.00% : N/A)	4008	4008 + 0 properly paired (100.00% : N/A)
sample2163	4008	4008 + 0 mapped (100.00% : N/A)	4008	4008 + 0 properly paired (100.00% : N/A)
sample3286	4008	4008 + 0 mapped (100.00% : N/A)	4008	4008 + 0 properly paired (100.00% : N/A)
sample3802	4006	4006 + 0 mapped (100.00% : N/A)	4006	4006 + 0 properly paired (100.00% : N/A)
sample3033	4006	4006 + 0 mapped (100.00% : N/A)	4006	4006 + 0 properly paired (100.00% : N/A)
sample3531	4006	4006 + 0 mapped (100.00% : N/A)	4006	4006 + 0 properly paired (100.00% : N/A)
sample2164	4006	4006 + 0 mapped (100.00% : N/A)	4006	4006 + 0 properly paired (100.00% : N/A)
sample3803	4006	4006 + 0 mapped (100.00% : N/A)	4006	4006 + 0 properly paired (100.00% : N/A)
sample2165	4000	4000 + 0 mapped (100.00% : N/A)	4000	4000 + 0 properly paired (100.00% : N/A)
sample3034	4008	4008 + 0 mapped (100.00% : N/A)	4008	4008 + 0 properly paired (100.00% : N/A)
sample3287	4008	4008 + 0 mapped (100.00% : N/A)	4008	4008 + 0 properly paired (100.00% : N/A)
sample3532	4006	4006 + 0 mapped (100.00% : N/A)	4006	4006 + 0 properly paired (100.00% : N/A)
sample2166	4006	4006 + 0 mapped (100.00% : N/A)	4006	4006 + 0 properly paired (100.00% : N/A)
sample3804	4008	4008 + 0 mapped (100.00% : N/A)	4008	4008 + 0 properly paired (100.00% : N/A)
sample3035	4008	4008 + 0 mapped (100.00% : N/A)	4008	4008 + 0 properly paired (100.00% : N/A)
sample3288	4008	4008 + 0 mapped (100.00% : N/A)	4008	4008 + 0 properly paired (100.00% : N/A)
sample3533	4008	4008 + 0 mapped (100.00% : N/A)	4008	4008 + 0 properly paired (100.00% : N/A)
sample2167	4006	4006 + 0 mapped (100.00% : N/A)	4006	4006 + 0 properly paired (100.00% : N/A)
sample3805	4008	4008 + 0 mapped (100.00% : N/A)	4008	4008 + 0 properly paired (100.00% : N/A)
sample3036	4002	4002 + 0 mapped (100.00% : N/A)	4002	4002 + 0 properly paired (100.00% : N/A)
sample3289	4004	4004 + 0 mapped (100.00% : N/A)	4004	4004 + 0 properly paired (100.00% : N/A)
sample2168	4004	4004 + 0 mapped (100.00% : N/A)	4004	4004 + 0 properly paired (100.00% : N/A)
sample3534	4006	4006 + 0 mapped (100.00% : N/A)	4006	4006 + 0 properly paired (100.00% : N/A)
sample3806	4004	4004 + 0 mapped (100.00% : N/A)	4004	4004 + 0 properly paired (100.00% : N/A)
sample3290	4002	4002 + 0 mapped (100.00% : N/A)	4002	4002 + 0 properly paired (100.00% : N/A)
sample3037	4006	4006 + 0 mapped (100.00% : N/A)	4006	4006 + 0 properly paired (100.00% : N/A)
sample2169	4006	4006 + 0 mapped (100.00% : N/A)	4006	4006 + 0 properly paired (100.00% : N/A)
sample3807	4008	4008 + 0 mapped (100.00% : N/A)	4008	4008 + 0 properly paired (100.00% : N/A)
sample3535	4008	4008 + 0 mapped (100.00% : N/A)	4008	4008 + 0 properly paired (100.00% : N/A)
sample3291	4008	4008 + 0 mapped (100.00% : N/A)	4008	4008 + 0 properly paired (100.00% : N/A)
sample3038	4006	4006 + 0 mapped (100.00% : N/A)	4006	4006 + 0 properly paired (100.00% : N/A)
sample2170	4004	4004 + 0 mapped (100.00% : N/A)	4004	4004 + 0 properly paired (100.00% : N/A)
sample3808	4008	4008 + 0 mapped (100.00% : N/A)	4008	4008 + 0 properly paired (100.00% : N/A)
sample2171	4006	4006 + 0 mapped (100.00% : N/A)	4006	4006 + 0 properly paired (100.00% : N/A)
sample3536	4004	4004 + 0 mapped (100.00% : N/A)	4004	4004 + 0 properly paired (100.00% : N/A)
sample3292	4008	4008 + 0 mapped (100.00% : N/A)	4008	4008 + 0 properly paired (100.00% : N/A)
sample3039	4006	4006 + 0 mapped (100.00% : N/A)	4006	4006 + 0 properly paired (100.00% : N/A)
sample2172	4006	4006 + 0 mapped (100.00% : N/A)	4006	4006 + 0 properly paired (100.00% : N/A)
sample3809	4008	4008 + 0 mapped (100.00% : N/A)	4008	4008 + 0 properly paired (100.00% : N/A)
sample3293	4006	4006 + 0 mapped (100.00% : N/A)	4006	4006 + 0 properly paired (100.00% : N/A)
sample3040	4004	4004 + 0 mapped (100.00% : N/A)	4004	4002 + 0 properly paired (99.95% : N/A)
sample3537	4004	4004 + 0 mapped (100.00% : N/A)	4004	4004 + 0 properly paired (100.00% : N/A)
sample2173	4008	4008 + 0 mapped (100.00% : N/A)	4008	4008 + 0 properly paired (100.00% : N/A)
sample3810	4008	4008 + 0 mapped (100.00% : N/A)	4008	4008 + 0 properly paired (100.00% : N/A)
sample3294	4006	4006 + 0 mapped (100.00% : N/A)	4006	4006 + 0 properly paired (100.00% : N/A)
sample3041	4006	4006 + 0 mapped (100.00% : N/A)	4006	4006 + 0 properly paired (100.00% : N/A)
sample2174	4006	4006 + 0 mapped (100.00% : N/A)	4006	4006 + 0 properly paired (100.00% : N/A)
sample3538	4006	4006 + 0 mapped (100.00% : N/A)	4006	4006 + 0 properly paired (100.00% : N/A)
sample3811	4008	4008 + 0 mapped (100.00% : N/A)	4008	4008 + 0 properly paired (100.00% : N/A)
sample2175	4006	4006 + 0 mapped (100.00% : N/A)	4006	4006 + 0 properly paired (100.00% : N/A)
sample3295	4006	4006 + 0 mapped (100.00% : N/A)	4006	4006 + 0 properly paired (100.00% : N/A)
sample3042	4002	4002 + 0 mapped (100.00% : N/A)	4002	4002 + 0 properly paired (100.00% : N/A)
sample3539	4006	4006 + 0 mapped (100.00% : N/A)	4006	4006 + 0 properly paired (100.00% : N/A)
sample3812	4006	4006 + 0 mapped (100.00% : N/A)	4006	4006 + 0 properly paired (100.00% : N/A)
sample2176	4006	4006 + 0 mapped (100.00% : N/A)	4006	4006 + 0 properly paired (100.00% : N/A)
sample3296	4006	4006 + 0 mapped (100.00% : N/A)	4006	4006 + 0 properly paired (100.00% : N/A)
sample3043	4006	4006 + 0 mapped (100.00% : N/A)	4006	4006 + 0 properly paired (100.00% : N/A)
sample3540	4000	4000 + 0 mapped (100.00% : N/A)	4000	4000 + 0 properly paired (100.00% : N/A)
sample3813	4006	4006 + 0 mapped (100.00% : N/A)	4006	4006 + 0 properly paired (100.00% : N/A)
sample3297	4008	4008 + 0 mapped (100.00% : N/A)	4008	4008 + 0 properly paired (100.00% : N/A)
sample3044	4006	4006 + 0 mapped (100.00% : N/A)	4006	4006 + 0 properly paired (100.00% : N/A)
sample3814	4006	4006 + 0 mapped (100.00% : N/A)	4006	4006 + 0 properly paired (100.00% : N/A)
sample3541	4000	4000 + 0 mapped (100.00% : N/A)	4000	4000 + 0 properly paired (100.00% : N/A)
sample3298	4008	4008 + 0 mapped (100.00% : N/A)	4008	4008 + 0 properly paired (100.00% : N/A)
sample3045	4004	4004 + 0 mapped (100.00% : N/A)	4004	4004 + 0 properly paired (100.00% : N/A)
sample3815	4006	4006 + 0 mapped (100.00% : N/A)	4006	4006 + 0 properly paired (100.00% : N/A)
sample3299	4006	4006 + 0 mapped (100.00% : N/A)	4006	4006 + 0 properly paired (100.00% : N/A)
sample3542	4006	4006 + 0 mapped (100.00% : N/A)	4006	4006 + 0 properly paired (100.00% : N/A)
sample3046	4004	4004 + 0 mapped (100.00% : N/A)	4004	4004 + 0 properly paired (100.00% : N/A)
sample3816	4008	4008 + 0 mapped (100.00% : N/A)	4008	4008 + 0 properly paired (100.00% : N/A)
sample3300	4006	4006 + 0 mapped (100.00% : N/A)	4006	4006 + 0 properly paired (100.00% : N/A)
sample3047	4004	4004 + 0 mapped (100.00% : N/A)	4004	4004 + 0 properly paired (100.00% : N/A)
sample3543	4002	4002 + 0 mapped (100.00% : N/A)	4002	4002 + 0 properly paired (100.00% : N/A)
sample3817	4004	4004 + 0 mapped (100.00% : N/A)	4004	4004 + 0 properly paired (100.00% : N/A)
sample3301	4008	4008 + 0 mapped (100.00% : N/A)	4008	4008 + 0 properly paired (100.00% : N/A)
sample3048	4006	4006 + 0 mapped (100.00% : N/A)	4006	4006 + 0 properly paired (100.00% : N/A)
sample3818	4006	4006 + 0 mapped (100.00% : N/A)	4006	4006 + 0 properly paired (100.00% : N/A)
sample3544	4006	4006 + 0 mapped (100.00% : N/A)	4006	4006 + 0 properly paired (100.00% : N/A)
sample3302	4004	4004 + 0 mapped (100.00% : N/A)	4004	4004 + 0 properly paired (100.00% : N/A)
sample3049	4008	4008 + 0 mapped (100.00% : N/A)	4008	4008 + 0 properly paired (100.00% : N/A)
sample3819	4004	4004 + 0 mapped (100.00% : N/A)	4004	4004 + 0 properly paired (100.00% : N/A)
sample3545	4006	4006 + 0 mapped (100.00% : N/A)	4006	4006 + 0 properly paired (100.00% : N/A)
sample3303	4008	4008 + 0 mapped (100.00% : N/A)	4008	4008 + 0 properly paired (100.00% : N/A)
sample3050	4008	4008 + 0 mapped (100.00% : N/A)	4008	4008 + 0 properly paired (100.00% : N/A)
sample3820	4008	4008 + 0 mapped (100.00% : N/A)	4008	4008 + 0 properly paired (100.00% : N/A)
sample3304	4008	4008 + 0 mapped (100.00% : N/A)	4008	4008 + 0 properly paired (100.00% : N/A)
sample3546	4006	4006 + 0 mapped (100.00% : N/A)	4006	4006 + 0 properly paired (100.00% : N/A)
sample3051	4004	4004 + 0 mapped (100.00% : N/A)	4004	4004 + 0 properly paired (100.00% : N/A)
sample3821	4008	4008 + 0 mapped (100.00% : N/A)	4008	4008 + 0 properly paired (100.00% : N/A)
sample3305	4008	4008 + 0 mapped (100.00% : N/A)	4008	4008 + 0 properly paired (100.00% : N/A)
sample3052	4008	4008 + 0 mapped (100.00% : N/A)	4008	4008 + 0 properly paired (100.00% : N/A)
sample3547	4008	4008 + 0 mapped (100.00% : N/A)	4008	4008 + 0 properly paired (100.00% : N/A)
sample3822	4008	4008 + 0 mapped (100.00% : N/A)	4008	4008 + 0 properly paired (100.00% : N/A)
sample3306	4008	4008 + 0 mapped (100.00% : N/A)	4008	4008 + 0 properly paired (100.00% : N/A)
sample3053	4008	4008 + 0 mapped (100.00% : N/A)	4008	4008 + 0 properly paired (100.00% : N/A)
sample3823	4008	4008 + 0 mapped (100.00% : N/A)	4008	4008 + 0 properly paired (100.00% : N/A)
sample3548	4008	4008 + 0 mapped (100.00% : N/A)	4008	4008 + 0 properly paired (100.00% : N/A)
sample3307	4008	4008 + 0 mapped (100.00% : N/A)	4008	4008 + 0 properly paired (100.00% : N/A)
sample3054	4008	4008 + 0 mapped (100.00% : N/A)	4008	4008 + 0 properly paired (100.00% : N/A)
sample3824	4006	4006 + 0 mapped (100.00% : N/A)	4006	4006 + 0 properly paired (100.00% : N/A)
sample3549	4006	4006 + 0 mapped (100.00% : N/A)	4006	4006 + 0 properly paired (100.00% : N/A)
sample3308	4008	4008 + 0 mapped (100.00% : N/A)	4008	4008 + 0 properly paired (100.00% : N/A)
sample3055	4004	4004 + 0 mapped (100.00% : N/A)	4004	4004 + 0 properly paired (100.00% : N/A)
sample3825	4006	4006 + 0 mapped (100.00% : N/A)	4006	4006 + 0 properly paired (100.00% : N/A)
sample3550	4008	4008 + 0 mapped (100.00% : N/A)	4008	4008 + 0 properly paired (100.00% : N/A)
sample3309	4006	4006 + 0 mapped (100.00% : N/A)	4006	4006 + 0 properly paired (100.00% : N/A)
sample3056	4008	4008 + 0 mapped (100.00% : N/A)	4008	4008 + 0 properly paired (100.00% : N/A)
sample3826	4008	4008 + 0 mapped (100.00% : N/A)	4008	4008 + 0 properly paired (100.00% : N/A)
sample3551	4002	4002 + 0 mapped (100.00% : N/A)	4002	4002 + 0 properly paired (100.00% : N/A)
sample3310	4008	4008 + 0 mapped (100.00% : N/A)	4008	4008 + 0 properly paired (100.00% : N/A)
sample3827	4006	4006 + 0 mapped (100.00% : N/A)	4006	4006 + 0 properly paired (100.00% : N/A)
sample3057	4008	4008 + 0 mapped (100.00% : N/A)	4008	4008 + 0 properly paired (100.00% : N/A)
sample3552	4006	4006 + 0 mapped (100.00% : N/A)	4006	4006 + 0 properly paired (100.00% : N/A)
sample3828	4008	4008 + 0 mapped (100.00% : N/A)	4008	4008 + 0 properly paired (100.00% : N/A)
sample3311	4006	4006 + 0 mapped (100.00% : N/A)	4006	4006 + 0 properly paired (100.00% : N/A)
sample3058	4008	4008 + 0 mapped (100.00% : N/A)	4008	4008 + 0 properly paired (100.00% : N/A)
sample3312	4008	4008 + 0 mapped (100.00% : N/A)	4008	4008 + 0 properly paired (100.00% : N/A)
sample3553	4008	4008 + 0 mapped (100.00% : N/A)	4008	4008 + 0 properly paired (100.00% : N/A)
sample3829	4006	4006 + 0 mapped (100.00% : N/A)	4006	4006 + 0 properly paired (100.00% : N/A)
sample3059	4008	4008 + 0 mapped (100.00% : N/A)	4008	4008 + 0 properly paired (100.00% : N/A)
sample3313	4004	4004 + 0 mapped (100.00% : N/A)	4004	4004 + 0 properly paired (100.00% : N/A)
sample3830	4006	4006 + 0 mapped (100.00% : N/A)	4006	4006 + 0 properly paired (100.00% : N/A)
sample3060	4008	4008 + 0 mapped (100.00% : N/A)	4008	4008 + 0 properly paired (100.00% : N/A)
sample3554	4006	4006 + 0 mapped (100.00% : N/A)	4006	4006 + 0 properly paired (100.00% : N/A)
sample3314	4008	4008 + 0 mapped (100.00% : N/A)	4008	4008 + 0 properly paired (100.00% : N/A)
sample3831	4006	4006 + 0 mapped (100.00% : N/A)	4006	4006 + 0 properly paired (100.00% : N/A)
sample3061	4008	4008 + 0 mapped (100.00% : N/A)	4008	4008 + 0 properly paired (100.00% : N/A)
sample3555	4002	4002 + 0 mapped (100.00% : N/A)	4002	4002 + 0 properly paired (100.00% : N/A)
sample3062	4002	4002 + 0 mapped (100.00% : N/A)	4002	4002 + 0 properly paired (100.00% : N/A)
sample3832	4004	4004 + 0 mapped (100.00% : N/A)	4004	4004 + 0 properly paired (100.00% : N/A)
sample3315	4006	4006 + 0 mapped (100.00% : N/A)	4006	4006 + 0 properly paired (100.00% : N/A)
sample3556	4004	4004 + 0 mapped (100.00% : N/A)	4004	4004 + 0 properly paired (100.00% : N/A)
sample3063	4004	4004 + 0 mapped (100.00% : N/A)	4004	4004 + 0 properly paired (100.00% : N/A)
sample3833	4006	4006 + 0 mapped (100.00% : N/A)	4006	4006 + 0 properly paired (100.00% : N/A)
sample3316	4008	4008 + 0 mapped (100.00% : N/A)	4008	4008 + 0 properly paired (100.00% : N/A)
sample3557	4004	4004 + 0 mapped (100.00% : N/A)	4004	4004 + 0 properly paired (100.00% : N/A)
sample3834	4008	4008 + 0 mapped (100.00% : N/A)	4008	4008 + 0 properly paired (100.00% : N/A)
sample3064	4006	4006 + 0 mapped (100.00% : N/A)	4006	4006 + 0 properly paired (100.00% : N/A)
sample3317	4006	4006 + 0 mapped (100.00% : N/A)	4006	4006 + 0 properly paired (100.00% : N/A)
sample3558	4008	4008 + 0 mapped (100.00% : N/A)	4008	4008 + 0 properly paired (100.00% : N/A)
sample3065	4006	4006 + 0 mapped (100.00% : N/A)	4006	4006 + 0 properly paired (100.00% : N/A)
sample3835	4006	4006 + 0 mapped (100.00% : N/A)	4006	4006 + 0 properly paired (100.00% : N/A)
sample3318	4002	4002 + 0 mapped (100.00% : N/A)	4002	4002 + 0 properly paired (100.00% : N/A)
sample3066	4006	4006 + 0 mapped (100.00% : N/A)	4006	4006 + 0 properly paired (100.00% : N/A)
sample3559	4008	4008 + 0 mapped (100.00% : N/A)	4008	4008 + 0 properly paired (100.00% : N/A)
sample3836	4006	4006 + 0 mapped (100.00% : N/A)	4006	4006 + 0 properly paired (100.00% : N/A)
sample3319	4008	4008 + 0 mapped (100.00% : N/A)	4008	4008 + 0 properly paired (100.00% : N/A)
sample3067	4006	4006 + 0 mapped (100.00% : N/A)	4006	4006 + 0 properly paired (100.00% : N/A)
sample3837	4006	4006 + 0 mapped (100.00% : N/A)	4006	4006 + 0 properly paired (100.00% : N/A)
sample3560	3996	3996 + 0 mapped (100.00% : N/A)	3996	3996 + 0 properly paired (100.00% : N/A)
sample3320	4006	4006 + 0 mapped (100.00% : N/A)	4006	4006 + 0 properly paired (100.00% : N/A)
sample3068	4006	4006 + 0 mapped (100.00% : N/A)	4006	4006 + 0 properly paired (100.00% : N/A)
sample3838	4004	4004 + 0 mapped (100.00% : N/A)	4004	4004 + 0 properly paired (100.00% : N/A)
sample3321	4004	4004 + 0 mapped (100.00% : N/A)	4004	4004 + 0 properly paired (100.00% : N/A)
sample3561	4006	4006 + 0 mapped (100.00% : N/A)	4006	4006 + 0 properly paired (100.00% : N/A)
sample3069	4006	4006 + 0 mapped (100.00% : N/A)	4006	4006 + 0 properly paired (100.00% : N/A)
sample3839	4002	4002 + 0 mapped (100.00% : N/A)	4002	4002 + 0 properly paired (100.00% : N/A)
sample3322	4008	4008 + 0 mapped (100.00% : N/A)	4008	4008 + 0 properly paired (100.00% : N/A)
sample3562	4004	4004 + 0 mapped (100.00% : N/A)	4004	4004 + 0 properly paired (100.00% : N/A)
sample3070	4006	4006 + 0 mapped (100.00% : N/A)	4006	4006 + 0 properly paired (100.00% : N/A)
sample3840	4006	4006 + 0 mapped (100.00% : N/A)	4006	4006 + 0 properly paired (100.00% : N/A)
sample3323	4008	4008 + 0 mapped (100.00% : N/A)	4008	4008 + 0 properly paired (100.00% : N/A)
sample3563	4006	4006 + 0 mapped (100.00% : N/A)	4006	4006 + 0 properly paired (100.00% : N/A)
sample3071	4006	4006 + 0 mapped (100.00% : N/A)	4006	4006 + 0 properly paired (100.00% : N/A)
sample3324	4004	4004 + 0 mapped (100.00% : N/A)	4004	4004 + 0 properly paired (100.00% : N/A)
sample3564	4004	4004 + 0 mapped (100.00% : N/A)	4004	4004 + 0 properly paired (100.00% : N/A)
sample3072	4006	4006 + 0 mapped (100.00% : N/A)	4006	4006 + 0 properly paired (100.00% : N/A)
sample3325	4008	4008 + 0 mapped (100.00% : N/A)	4008	4008 + 0 properly paired (100.00% : N/A)
sample3565	4004	4004 + 0 mapped (100.00% : N/A)	4004	4004 + 0 properly paired (100.00% : N/A)
sample3073	4006	4006 + 0 mapped (100.00% : N/A)	4006	4006 + 0 properly paired (100.00% : N/A)
sample3326	4006	4006 + 0 mapped (100.00% : N/A)	4006	4006 + 0 properly paired (100.00% : N/A)
sample3566	4006	4006 + 0 mapped (100.00% : N/A)	4006	4006 + 0 properly paired (100.00% : N/A)
sample3074	4002	4002 + 0 mapped (100.00% : N/A)	4002	4002 + 0 properly paired (100.00% : N/A)
sample3327	4006	4006 + 0 mapped (100.00% : N/A)	4006	4006 + 0 properly paired (100.00% : N/A)
sample3567	4004	4004 + 0 mapped (100.00% : N/A)	4004	4004 + 0 properly paired (100.00% : N/A)
sample3075	4008	4008 + 0 mapped (100.00% : N/A)	4008	4008 + 0 properly paired (100.00% : N/A)
sample3328	4006	4006 + 0 mapped (100.00% : N/A)	4006	4006 + 0 properly paired (100.00% : N/A)
sample3076	4006	4006 + 0 mapped (100.00% : N/A)	4006	4006 + 0 properly paired (100.00% : N/A)
sample3568	4004	4004 + 0 mapped (100.00% : N/A)	4004	4004 + 0 properly paired (100.00% : N/A)
sample3329	4004	4004 + 0 mapped (100.00% : N/A)	4004	4004 + 0 properly paired (100.00% : N/A)
sample3077	4000	4000 + 0 mapped (100.00% : N/A)	4000	4000 + 0 properly paired (100.00% : N/A)
sample3569	4008	4008 + 0 mapped (100.00% : N/A)	4008	4008 + 0 properly paired (100.00% : N/A)
sample3330	4006	4006 + 0 mapped (100.00% : N/A)	4006	4006 + 0 properly paired (100.00% : N/A)
sample3078	4008	4008 + 0 mapped (100.00% : N/A)	4008	4008 + 0 properly paired (100.00% : N/A)
sample3570	4004	4004 + 0 mapped (100.00% : N/A)	4004	4004 + 0 properly paired (100.00% : N/A)
sample3331	4006	4006 + 0 mapped (100.00% : N/A)	4006	4006 + 0 properly paired (100.00% : N/A)
sample3079	4006	4006 + 0 mapped (100.00% : N/A)	4006	4006 + 0 properly paired (100.00% : N/A)
sample3571	4006	4006 + 0 mapped (100.00% : N/A)	4006	4006 + 0 properly paired (100.00% : N/A)
sample3332	4006	4006 + 0 mapped (100.00% : N/A)	4006	4006 + 0 properly paired (100.00% : N/A)
sample3080	4004	4004 + 0 mapped (100.00% : N/A)	4004	4004 + 0 properly paired (100.00% : N/A)
sample3333	4002	4002 + 0 mapped (100.00% : N/A)	4002	4002 + 0 properly paired (100.00% : N/A)
sample3572	4008	4008 + 0 mapped (100.00% : N/A)	4008	4008 + 0 properly paired (100.00% : N/A)
sample3081	4006	4006 + 0 mapped (100.00% : N/A)	4006	4006 + 0 properly paired (100.00% : N/A)
sample3334	4006	4006 + 0 mapped (100.00% : N/A)	4006	4006 + 0 properly paired (100.00% : N/A)
sample3573	4002	4002 + 0 mapped (100.00% : N/A)	4002	4002 + 0 properly paired (100.00% : N/A)
sample3082	4006	4006 + 0 mapped (100.00% : N/A)	4006	4006 + 0 properly paired (100.00% : N/A)
sample3335	4008	4008 + 0 mapped (100.00% : N/A)	4008	4008 + 0 properly paired (100.00% : N/A)
sample3574	4004	4004 + 0 mapped (100.00% : N/A)	4004	4004 + 0 properly paired (100.00% : N/A)
sample3083	4008	4008 + 0 mapped (100.00% : N/A)	4008	4008 + 0 properly paired (100.00% : N/A)
sample3336	4004	4004 + 0 mapped (100.00% : N/A)	4004	4004 + 0 properly paired (100.00% : N/A)
sample3084	4008	4008 + 0 mapped (100.00% : N/A)	4008	4008 + 0 properly paired (100.00% : N/A)
sample3575	4006	4006 + 0 mapped (100.00% : N/A)	4006	4006 + 0 properly paired (100.00% : N/A)
sample3337	4004	4004 + 0 mapped (100.00% : N/A)	4004	4004 + 0 properly paired (100.00% : N/A)
sample3085	4006	4006 + 0 mapped (100.00% : N/A)	4006	4006 + 0 properly paired (100.00% : N/A)
sample3576	4006	4006 + 0 mapped (100.00% : N/A)	4006	4006 + 0 properly paired (100.00% : N/A)
sample3338	4006	4006 + 0 mapped (100.00% : N/A)	4006	4006 + 0 properly paired (100.00% : N/A)
sample3086	4008	4008 + 0 mapped (100.00% : N/A)	4008	4008 + 0 properly paired (100.00% : N/A)
sample3577	4008	4008 + 0 mapped (100.00% : N/A)	4008	4008 + 0 properly paired (100.00% : N/A)
sample3339	4008	4008 + 0 mapped (100.00% : N/A)	4008	4008 + 0 properly paired (100.00% : N/A)
sample3087	4006	4006 + 0 mapped (100.00% : N/A)	4006	4006 + 0 properly paired (100.00% : N/A)
sample3088	4008	4008 + 0 mapped (100.00% : N/A)	4008	4008 + 0 properly paired (100.00% : N/A)
sample3578	4004	4004 + 0 mapped (100.00% : N/A)	4004	4004 + 0 properly paired (100.00% : N/A)
sample3340	4008	4008 + 0 mapped (100.00% : N/A)	4008	4008 + 0 properly paired (100.00% : N/A)
sample3089	4008	4008 + 0 mapped (100.00% : N/A)	4008	4008 + 0 properly paired (100.00% : N/A)
sample3579	4006	4006 + 0 mapped (100.00% : N/A)	4006	4006 + 0 properly paired (100.00% : N/A)
sample3341	4006	4006 + 0 mapped (100.00% : N/A)	4006	4006 + 0 properly paired (100.00% : N/A)
sample3090	4008	4008 + 0 mapped (100.00% : N/A)	4008	4008 + 0 properly paired (100.00% : N/A)
sample3580	4006	4006 + 0 mapped (100.00% : N/A)	4006	4006 + 0 properly paired (100.00% : N/A)
sample3342	4004	4004 + 0 mapped (100.00% : N/A)	4004	4004 + 0 properly paired (100.00% : N/A)
sample3091	4008	4008 + 0 mapped (100.00% : N/A)	4008	4008 + 0 properly paired (100.00% : N/A)
sample3581	4002	4002 + 0 mapped (100.00% : N/A)	4002	4002 + 0 properly paired (100.00% : N/A)
sample3343	4002	4002 + 0 mapped (100.00% : N/A)	4002	4002 + 0 properly paired (100.00% : N/A)
sample3092	4004	4004 + 0 mapped (100.00% : N/A)	4004	4004 + 0 properly paired (100.00% : N/A)
sample3582	4008	4008 + 0 mapped (100.00% : N/A)	4008	4008 + 0 properly paired (100.00% : N/A)
sample3344	4008	4008 + 0 mapped (100.00% : N/A)	4008	4008 + 0 properly paired (100.00% : N/A)
sample3093	4006	4006 + 0 mapped (100.00% : N/A)	4006	4006 + 0 properly paired (100.00% : N/A)
sample3583	4006	4006 + 0 mapped (100.00% : N/A)	4006	4006 + 0 properly paired (100.00% : N/A)
sample3094	4004	4004 + 0 mapped (100.00% : N/A)	4004	4004 + 0 properly paired (100.00% : N/A)
sample3345	4008	4008 + 0 mapped (100.00% : N/A)	4008	4008 + 0 properly paired (100.00% : N/A)
sample3584	4006	4006 + 0 mapped (100.00% : N/A)	4006	4006 + 0 properly paired (100.00% : N/A)
sample3095	4008	4008 + 0 mapped (100.00% : N/A)	4008	4008 + 0 properly paired (100.00% : N/A)
sample3346	4008	4008 + 0 mapped (100.00% : N/A)	4008	4008 + 0 properly paired (100.00% : N/A)
sample3585	4008	4008 + 0 mapped (100.00% : N/A)	4008	4008 + 0 properly paired (100.00% : N/A)
sample3096	4008	4008 + 0 mapped (100.00% : N/A)	4008	4008 + 0 properly paired (100.00% : N/A)
sample3347	4006	4006 + 0 mapped (100.00% : N/A)	4006	4006 + 0 properly paired (100.00% : N/A)
sample3097	4002	4002 + 0 mapped (100.00% : N/A)	4002	4002 + 0 properly paired (100.00% : N/A)
sample3348	4008	4008 + 0 mapped (100.00% : N/A)	4008	4008 + 0 properly paired (100.00% : N/A)
sample3586	4008	4008 + 0 mapped (100.00% : N/A)	4008	4008 + 0 properly paired (100.00% : N/A)
sample3098	4008	4008 + 0 mapped (100.00% : N/A)	4008	4008 + 0 properly paired (100.00% : N/A)
sample3349	4006	4006 + 0 mapped (100.00% : N/A)	4006	4006 + 0 properly paired (100.00% : N/A)
sample3587	4008	4008 + 0 mapped (100.00% : N/A)	4008	4008 + 0 properly paired (100.00% : N/A)
sample3099	4006	4006 + 0 mapped (100.00% : N/A)	4006	4006 + 0 properly paired (100.00% : N/A)
sample3350	4008	4008 + 0 mapped (100.00% : N/A)	4008	4008 + 0 properly paired (100.00% : N/A)
sample3588	4008	4008 + 0 mapped (100.00% : N/A)	4008	4008 + 0 properly paired (100.00% : N/A)
sample3100	4006	4006 + 0 mapped (100.00% : N/A)	4006	4006 + 0 properly paired (100.00% : N/A)
sample3351	4008	4008 + 0 mapped (100.00% : N/A)	4008	4008 + 0 properly paired (100.00% : N/A)
sample3589	4006	4006 + 0 mapped (100.00% : N/A)	4006	4006 + 0 properly paired (100.00% : N/A)
sample3101	4008	4008 + 0 mapped (100.00% : N/A)	4008	4008 + 0 properly paired (100.00% : N/A)
sample3352	4006	4006 + 0 mapped (100.00% : N/A)	4006	4004 + 0 properly paired (99.95% : N/A)
sample3590	4004	4004 + 0 mapped (100.00% : N/A)	4004	4004 + 0 properly paired (100.00% : N/A)
sample3102	4008	4008 + 0 mapped (100.00% : N/A)	4008	4008 + 0 properly paired (100.00% : N/A)
sample3353	4006	4006 + 0 mapped (100.00% : N/A)	4006	4006 + 0 properly paired (100.00% : N/A)
sample3103	4006	4006 + 0 mapped (100.00% : N/A)	4006	4006 + 0 properly paired (100.00% : N/A)
sample3591	4008	4008 + 0 mapped (100.00% : N/A)	4008	4008 + 0 properly paired (100.00% : N/A)
sample3354	4006	4006 + 0 mapped (100.00% : N/A)	4006	4006 + 0 properly paired (100.00% : N/A)
sample3104	4006	4006 + 0 mapped (100.00% : N/A)	4006	4006 + 0 properly paired (100.00% : N/A)
sample3592	4008	4008 + 0 mapped (100.00% : N/A)	4008	4008 + 0 properly paired (100.00% : N/A)
sample3355	4006	4006 + 0 mapped (100.00% : N/A)	4006	4006 + 0 properly paired (100.00% : N/A)
sample3105	4006	4006 + 0 mapped (100.00% : N/A)	4006	4006 + 0 properly paired (100.00% : N/A)
sample3593	4008	4008 + 0 mapped (100.00% : N/A)	4008	4008 + 0 properly paired (100.00% : N/A)
sample3356	4008	4008 + 0 mapped (100.00% : N/A)	4008	4008 + 0 properly paired (100.00% : N/A)
sample3106	4008	4008 + 0 mapped (100.00% : N/A)	4008	4008 + 0 properly paired (100.00% : N/A)
sample3594	4006	4006 + 0 mapped (100.00% : N/A)	4006	4006 + 0 properly paired (100.00% : N/A)
sample3357	4006	4006 + 0 mapped (100.00% : N/A)	4006	4006 + 0 properly paired (100.00% : N/A)
sample3107	4004	4004 + 0 mapped (100.00% : N/A)	4004	4004 + 0 properly paired (100.00% : N/A)
sample3595	4008	4008 + 0 mapped (100.00% : N/A)	4008	4008 + 0 properly paired (100.00% : N/A)
sample3358	4004	4004 + 0 mapped (100.00% : N/A)	4004	4004 + 0 properly paired (100.00% : N/A)
sample3108	4006	4006 + 0 mapped (100.00% : N/A)	4006	4006 + 0 properly paired (100.00% : N/A)
sample3596	4006	4006 + 0 mapped (100.00% : N/A)	4006	4006 + 0 properly paired (100.00% : N/A)
sample3359	4006	4006 + 0 mapped (100.00% : N/A)	4006	4006 + 0 properly paired (100.00% : N/A)
sample3109	4006	4006 + 0 mapped (100.00% : N/A)	4006	4006 + 0 properly paired (100.00% : N/A)
sample3360	4006	4006 + 0 mapped (100.00% : N/A)	4006	4006 + 0 properly paired (100.00% : N/A)
sample3597	4008	4008 + 0 mapped (100.00% : N/A)	4008	4008 + 0 properly paired (100.00% : N/A)
sample3110	4004	4004 + 0 mapped (100.00% : N/A)	4004	4004 + 0 properly paired (100.00% : N/A)
sample3361	4006	4006 + 0 mapped (100.00% : N/A)	4006	4006 + 0 properly paired (100.00% : N/A)
sample3598	4006	4006 + 0 mapped (100.00% : N/A)	4006	4006 + 0 properly paired (100.00% : N/A)
sample3111	4006	4006 + 0 mapped (100.00% : N/A)	4006	4006 + 0 properly paired (100.00% : N/A)
sample3362	4008	4008 + 0 mapped (100.00% : N/A)	4008	4008 + 0 properly paired (100.00% : N/A)
sample3599	4000	4000 + 0 mapped (100.00% : N/A)	4000	4000 + 0 properly paired (100.00% : N/A)
sample3112	4006	4006 + 0 mapped (100.00% : N/A)	4006	4006 + 0 properly paired (100.00% : N/A)
sample3363	4008	4008 + 0 mapped (100.00% : N/A)	4008	4008 + 0 properly paired (100.00% : N/A)
sample3600	4008	4008 + 0 mapped (100.00% : N/A)	4008	4008 + 0 properly paired (100.00% : N/A)
sample3113	4006	4006 + 0 mapped (100.00% : N/A)	4006	4006 + 0 properly paired (100.00% : N/A)
sample3364	4008	4008 + 0 mapped (100.00% : N/A)	4008	4008 + 0 properly paired (100.00% : N/A)
sample3601	4006	4006 + 0 mapped (100.00% : N/A)	4006	4006 + 0 properly paired (100.00% : N/A)
sample3114	4004	4004 + 0 mapped (100.00% : N/A)	4004	4004 + 0 properly paired (100.00% : N/A)
sample3365	4008	4008 + 0 mapped (100.00% : N/A)	4008	4008 + 0 properly paired (100.00% : N/A)
sample3115	4008	4008 + 0 mapped (100.00% : N/A)	4008	4008 + 0 properly paired (100.00% : N/A)
sample3602	4004	4004 + 0 mapped (100.00% : N/A)	4004	4004 + 0 properly paired (100.00% : N/A)
sample3366	4002	4002 + 0 mapped (100.00% : N/A)	4002	4002 + 0 properly paired (100.00% : N/A)
sample3116	4006	4006 + 0 mapped (100.00% : N/A)	4006	4006 + 0 properly paired (100.00% : N/A)
sample3603	4004	4004 + 0 mapped (100.00% : N/A)	4004	4004 + 0 properly paired (100.00% : N/A)
sample3367	4006	4006 + 0 mapped (100.00% : N/A)	4006	4006 + 0 properly paired (100.00% : N/A)
sample3117	4008	4008 + 0 mapped (100.00% : N/A)	4008	4008 + 0 properly paired (100.00% : N/A)
sample3604	4006	4006 + 0 mapped (100.00% : N/A)	4006	4006 + 0 properly paired (100.00% : N/A)
sample3368	4006	4006 + 0 mapped (100.00% : N/A)	4006	4006 + 0 properly paired (100.00% : N/A)
sample3118	4008	4008 + 0 mapped (100.00% : N/A)	4008	4008 + 0 properly paired (100.00% : N/A)
sample3605	4006	4006 + 0 mapped (100.00% : N/A)	4006	4006 + 0 properly paired (100.00% : N/A)
sample3369	4006	4006 + 0 mapped (100.00% : N/A)	4006	4006 + 0 properly paired (100.00% : N/A)
sample3119	4008	4008 + 0 mapped (100.00% : N/A)	4008	4008 + 0 properly paired (100.00% : N/A)
sample3606	4008	4008 + 0 mapped (100.00% : N/A)	4008	4008 + 0 properly paired (100.00% : N/A)
sample3370	4004	4004 + 0 mapped (100.00% : N/A)	4004	4004 + 0 properly paired (100.00% : N/A)
sample3120	4006	4006 + 0 mapped (100.00% : N/A)	4006	4006 + 0 properly paired (100.00% : N/A)
sample3121	4008	4008 + 0 mapped (100.00% : N/A)	4008	4008 + 0 properly paired (100.00% : N/A)
sample3371	4008	4008 + 0 mapped (100.00% : N/A)	4008	4008 + 0 properly paired (100.00% : N/A)
sample3607	4008	4008 + 0 mapped (100.00% : N/A)	4008	4008 + 0 properly paired (100.00% : N/A)
sample3122	4006	4006 + 0 mapped (100.00% : N/A)	4006	4006 + 0 properly paired (100.00% : N/A)
sample3372	4008	4008 + 0 mapped (100.00% : N/A)	4008	4008 + 0 properly paired (100.00% : N/A)
sample3608	4008	4008 + 0 mapped (100.00% : N/A)	4008	4008 + 0 properly paired (100.00% : N/A)
sample3373	4006	4006 + 0 mapped (100.00% : N/A)	4006	4006 + 0 properly paired (100.00% : N/A)
sample3123	4006	4006 + 0 mapped (100.00% : N/A)	4006	4006 + 0 properly paired (100.00% : N/A)
sample3609	4008	4008 + 0 mapped (100.00% : N/A)	4008	4008 + 0 properly paired (100.00% : N/A)
sample3374	4006	4006 + 0 mapped (100.00% : N/A)	4006	4006 + 0 properly paired (100.00% : N/A)
sample3124	4008	4008 + 0 mapped (100.00% : N/A)	4008	4008 + 0 properly paired (100.00% : N/A)
sample3610	4008	4008 + 0 mapped (100.00% : N/A)	4008	4008 + 0 properly paired (100.00% : N/A)
sample3375	4008	4008 + 0 mapped (100.00% : N/A)	4008	4008 + 0 properly paired (100.00% : N/A)
sample3125	4006	4006 + 0 mapped (100.00% : N/A)	4006	4006 + 0 properly paired (100.00% : N/A)
sample3611	4004	4004 + 0 mapped (100.00% : N/A)	4004	4004 + 0 properly paired (100.00% : N/A)
sample3376	4008	4008 + 0 mapped (100.00% : N/A)	4008	4008 + 0 properly paired (100.00% : N/A)
sample3126	4006	4006 + 0 mapped (100.00% : N/A)	4006	4006 + 0 properly paired (100.00% : N/A)
sample3612	4002	4002 + 0 mapped (100.00% : N/A)	4002	4002 + 0 properly paired (100.00% : N/A)
sample3127	4008	4008 + 0 mapped (100.00% : N/A)	4008	4008 + 0 properly paired (100.00% : N/A)
sample3377	4006	4006 + 0 mapped (100.00% : N/A)	4006	4006 + 0 properly paired (100.00% : N/A)
sample3613	4008	4008 + 0 mapped (100.00% : N/A)	4008	4008 + 0 properly paired (100.00% : N/A)
sample3128	4006	4006 + 0 mapped (100.00% : N/A)	4006	4006 + 0 properly paired (100.00% : N/A)
sample3378	4008	4008 + 0 mapped (100.00% : N/A)	4008	4008 + 0 properly paired (100.00% : N/A)
sample3614	4006	4006 + 0 mapped (100.00% : N/A)	4006	4006 + 0 properly paired (100.00% : N/A)
sample3129	4008	4008 + 0 mapped (100.00% : N/A)	4008	4008 + 0 properly paired (100.00% : N/A)
sample3379	4006	4006 + 0 mapped (100.00% : N/A)	4006	4006 + 0 properly paired (100.00% : N/A)
sample3615	4008	4008 + 0 mapped (100.00% : N/A)	4008	4008 + 0 properly paired (100.00% : N/A)
sample3130	4004	4004 + 0 mapped (100.00% : N/A)	4004	4004 + 0 properly paired (100.00% : N/A)
sample3380	4008	4008 + 0 mapped (100.00% : N/A)	4008	4008 + 0 properly paired (100.00% : N/A)
sample3616	4008	4008 + 0 mapped (100.00% : N/A)	4008	4008 + 0 properly paired (100.00% : N/A)
sample3131	4008	4008 + 0 mapped (100.00% : N/A)	4008	4008 + 0 properly paired (100.00% : N/A)
sample3381	4008	4008 + 0 mapped (100.00% : N/A)	4008	4008 + 0 properly paired (100.00% : N/A)
sample3617	4002	4002 + 0 mapped (100.00% : N/A)	4002	4002 + 0 properly paired (100.00% : N/A)
sample3132	4004	4004 + 0 mapped (100.00% : N/A)	4004	4004 + 0 properly paired (100.00% : N/A)
sample3382	4004	4004 + 0 mapped (100.00% : N/A)	4004	4004 + 0 properly paired (100.00% : N/A)
sample3133	4006	4006 + 0 mapped (100.00% : N/A)	4006	4006 + 0 properly paired (100.00% : N/A)
sample3618	4008	4008 + 0 mapped (100.00% : N/A)	4008	4008 + 0 properly paired (100.00% : N/A)
sample3383	4008	4008 + 0 mapped (100.00% : N/A)	4008	4008 + 0 properly paired (100.00% : N/A)
sample3134	4006	4006 + 0 mapped (100.00% : N/A)	4006	4006 + 0 properly paired (100.00% : N/A)
sample3384	4008	4008 + 0 mapped (100.00% : N/A)	4008	4008 + 0 properly paired (100.00% : N/A)
sample3619	4006	4006 + 0 mapped (100.00% : N/A)	4006	4006 + 0 properly paired (100.00% : N/A)
sample3135	4006	4006 + 0 mapped (100.00% : N/A)	4006	4006 + 0 properly paired (100.00% : N/A)
sample3385	4006	4006 + 0 mapped (100.00% : N/A)	4006	4006 + 0 properly paired (100.00% : N/A)
sample3620	4008	4008 + 0 mapped (100.00% : N/A)	4008	4008 + 0 properly paired (100.00% : N/A)
sample3136	4004	4004 + 0 mapped (100.00% : N/A)	4004	4004 + 0 properly paired (100.00% : N/A)
sample3386	4006	4006 + 0 mapped (100.00% : N/A)	4006	4006 + 0 properly paired (100.00% : N/A)
sample3621	4006	4006 + 0 mapped (100.00% : N/A)	4006	4006 + 0 properly paired (100.00% : N/A)
sample3137	4004	4004 + 0 mapped (100.00% : N/A)	4004	4004 + 0 properly paired (100.00% : N/A)
sample3387	4006	4006 + 0 mapped (100.00% : N/A)	4006	4006 + 0 properly paired (100.00% : N/A)
sample3622	4006	4006 + 0 mapped (100.00% : N/A)	4006	4006 + 0 properly paired (100.00% : N/A)
sample3138	4008	4008 + 0 mapped (100.00% : N/A)	4008	4008 + 0 properly paired (100.00% : N/A)
sample3388	4004	4004 + 0 mapped (100.00% : N/A)	4004	4004 + 0 properly paired (100.00% : N/A)
sample3623	4006	4006 + 0 mapped (100.00% : N/A)	4006	4006 + 0 properly paired (100.00% : N/A)
sample3139	4008	4008 + 0 mapped (100.00% : N/A)	4008	4008 + 0 properly paired (100.00% : N/A)
sample3389	4008	4008 + 0 mapped (100.00% : N/A)	4008	4008 + 0 properly paired (100.00% : N/A)
sample3624	4008	4008 + 0 mapped (100.00% : N/A)	4008	4008 + 0 properly paired (100.00% : N/A)
sample3140	4008	4008 + 0 mapped (100.00% : N/A)	4008	4008 + 0 properly paired (100.00% : N/A)
sample3390	4002	4002 + 0 mapped (100.00% : N/A)	4002	4002 + 0 properly paired (100.00% : N/A)
sample3625	4008	4008 + 0 mapped (100.00% : N/A)	4008	4008 + 0 properly paired (100.00% : N/A)
sample3141	4008	4008 + 0 mapped (100.00% : N/A)	4008	4008 + 0 properly paired (100.00% : N/A)
sample3391	4006	4006 + 0 mapped (100.00% : N/A)	4006	4006 + 0 properly paired (100.00% : N/A)
sample3142	4002	4002 + 0 mapped (100.00% : N/A)	4002	4002 + 0 properly paired (100.00% : N/A)
sample3626	4006	4006 + 0 mapped (100.00% : N/A)	4006	4006 + 0 properly paired (100.00% : N/A)
sample3392	4006	4006 + 0 mapped (100.00% : N/A)	4006	4006 + 0 properly paired (100.00% : N/A)
sample3143	4004	4004 + 0 mapped (100.00% : N/A)	4004	4002 + 0 properly paired (99.95% : N/A)
sample3627	4006	4006 + 0 mapped (100.00% : N/A)	4006	4006 + 0 properly paired (100.00% : N/A)
sample3393	4006	4006 + 0 mapped (100.00% : N/A)	4006	4006 + 0 properly paired (100.00% : N/A)
sample3144	4008	4008 + 0 mapped (100.00% : N/A)	4008	4008 + 0 properly paired (100.00% : N/A)
sample3628	4008	4008 + 0 mapped (100.00% : N/A)	4008	4008 + 0 properly paired (100.00% : N/A)
sample3394	4008	4008 + 0 mapped (100.00% : N/A)	4008	4008 + 0 properly paired (100.00% : N/A)
sample3145	4008	4008 + 0 mapped (100.00% : N/A)	4008	4008 + 0 properly paired (100.00% : N/A)
sample3629	4004	4004 + 0 mapped (100.00% : N/A)	4004	4004 + 0 properly paired (100.00% : N/A)
sample3395	4008	4008 + 0 mapped (100.00% : N/A)	4008	4008 + 0 properly paired (100.00% : N/A)
sample3146	4006	4006 + 0 mapped (100.00% : N/A)	4006	4006 + 0 properly paired (100.00% : N/A)
sample3630	4002	4002 + 0 mapped (100.00% : N/A)	4002	4002 + 0 properly paired (100.00% : N/A)
sample3396	4004	4004 + 0 mapped (100.00% : N/A)	4004	4004 + 0 properly paired (100.00% : N/A)
sample3147	4008	4008 + 0 mapped (100.00% : N/A)	4008	4008 + 0 properly paired (100.00% : N/A)
sample3397	4006	4006 + 0 mapped (100.00% : N/A)	4006	4006 + 0 properly paired (100.00% : N/A)
sample3631	4008	4008 + 0 mapped (100.00% : N/A)	4008	4008 + 0 properly paired (100.00% : N/A)
sample3148	4006	4006 + 0 mapped (100.00% : N/A)	4006	4006 + 0 properly paired (100.00% : N/A)
sample3398	4008	4008 + 0 mapped (100.00% : N/A)	4008	4008 + 0 properly paired (100.00% : N/A)
sample3149	4008	4008 + 0 mapped (100.00% : N/A)	4008	4008 + 0 properly paired (100.00% : N/A)
sample3632	4008	4008 + 0 mapped (100.00% : N/A)	4008	4008 + 0 properly paired (100.00% : N/A)
sample3399	4008	4008 + 0 mapped (100.00% : N/A)	4008	4008 + 0 properly paired (100.00% : N/A)
sample3150	4008	4008 + 0 mapped (100.00% : N/A)	4008	4008 + 0 properly paired (100.00% : N/A)
sample3633	4008	4008 + 0 mapped (100.00% : N/A)	4008	4008 + 0 properly paired (100.00% : N/A)
sample3400	4006	4006 + 0 mapped (100.00% : N/A)	4006	4006 + 0 properly paired (100.00% : N/A)
sample3151	4008	4008 + 0 mapped (100.00% : N/A)	4008	4008 + 0 properly paired (100.00% : N/A)
sample3634	4006	4006 + 0 mapped (100.00% : N/A)	4006	4006 + 0 properly paired (100.00% : N/A)
sample3401	4008	4008 + 0 mapped (100.00% : N/A)	4008	4008 + 0 properly paired (100.00% : N/A)
sample3152	4006	4006 + 0 mapped (100.00% : N/A)	4006	4006 + 0 properly paired (100.00% : N/A)
sample3635	4008	4008 + 0 mapped (100.00% : N/A)	4008	4008 + 0 properly paired (100.00% : N/A)
sample3402	4006	4006 + 0 mapped (100.00% : N/A)	4006	4006 + 0 properly paired (100.00% : N/A)
sample3153	4006	4006 + 0 mapped (100.00% : N/A)	4006	4006 + 0 properly paired (100.00% : N/A)
sample3636	4004	4004 + 0 mapped (100.00% : N/A)	4004	4004 + 0 properly paired (100.00% : N/A)
sample3403	4006	4006 + 0 mapped (100.00% : N/A)	4006	4006 + 0 properly paired (100.00% : N/A)
sample3154	4004	4004 + 0 mapped (100.00% : N/A)	4004	4004 + 0 properly paired (100.00% : N/A)
sample3404	4006	4006 + 0 mapped (100.00% : N/A)	4006	4006 + 0 properly paired (100.00% : N/A)
sample3637	4006	4006 + 0 mapped (100.00% : N/A)	4006	4006 + 0 properly paired (100.00% : N/A)
sample3155	4006	4006 + 0 mapped (100.00% : N/A)	4006	4006 + 0 properly paired (100.00% : N/A)
sample3405	4006	4006 + 0 mapped (100.00% : N/A)	4006	4006 + 0 properly paired (100.00% : N/A)
sample3156	4008	4008 + 0 mapped (100.00% : N/A)	4008	4008 + 0 properly paired (100.00% : N/A)
sample3638	4004	4004 + 0 mapped (100.00% : N/A)	4004	4004 + 0 properly paired (100.00% : N/A)
sample3406	4004	4004 + 0 mapped (100.00% : N/A)	4004	4004 + 0 properly paired (100.00% : N/A)
sample3157	4008	4008 + 0 mapped (100.00% : N/A)	4008	4008 + 0 properly paired (100.00% : N/A)
sample3639	4008	4008 + 0 mapped (100.00% : N/A)	4008	4008 + 0 properly paired (100.00% : N/A)
sample3407	4006	4006 + 0 mapped (100.00% : N/A)	4006	4006 + 0 properly paired (100.00% : N/A)
sample3158	4006	4006 + 0 mapped (100.00% : N/A)	4006	4006 + 0 properly paired (100.00% : N/A)
sample3640	4008	4008 + 0 mapped (100.00% : N/A)	4008	4008 + 0 properly paired (100.00% : N/A)
sample3408	4008	4008 + 0 mapped (100.00% : N/A)	4008	4008 + 0 properly paired (100.00% : N/A)
sample3159	4006	4006 + 0 mapped (100.00% : N/A)	4006	4006 + 0 properly paired (100.00% : N/A)
sample3641	4008	4008 + 0 mapped (100.00% : N/A)	4008	4008 + 0 properly paired (100.00% : N/A)
sample3160	4008	4008 + 0 mapped (100.00% : N/A)	4008	4008 + 0 properly paired (100.00% : N/A)
sample3409	4006	4006 + 0 mapped (100.00% : N/A)	4006	4006 + 0 properly paired (100.00% : N/A)
sample3642	4006	4006 + 0 mapped (100.00% : N/A)	4006	4006 + 0 properly paired (100.00% : N/A)
sample3410	4006	4006 + 0 mapped (100.00% : N/A)	4006	4006 + 0 properly paired (100.00% : N/A)
sample3161	4004	4004 + 0 mapped (100.00% : N/A)	4004	4004 + 0 properly paired (100.00% : N/A)
sample3643	4008	4008 + 0 mapped (100.00% : N/A)	4008	4008 + 0 properly paired (100.00% : N/A)
sample3411	4008	4008 + 0 mapped (100.00% : N/A)	4008	4008 + 0 properly paired (100.00% : N/A)
sample3162	4004	4004 + 0 mapped (100.00% : N/A)	4004	4004 + 0 properly paired (100.00% : N/A)
sample3644	4004	4004 + 0 mapped (100.00% : N/A)	4004	4004 + 0 properly paired (100.00% : N/A)
sample3412	4006	4006 + 0 mapped (100.00% : N/A)	4006	4006 + 0 properly paired (100.00% : N/A)
sample3163	4006	4006 + 0 mapped (100.00% : N/A)	4006	4006 + 0 properly paired (100.00% : N/A)
sample3413	4008	4008 + 0 mapped (100.00% : N/A)	4008	4008 + 0 properly paired (100.00% : N/A)
sample3164	4008	4008 + 0 mapped (100.00% : N/A)	4008	4008 + 0 properly paired (100.00% : N/A)
sample3645	4006	4006 + 0 mapped (100.00% : N/A)	4006	4006 + 0 properly paired (100.00% : N/A)
sample3414	4006	4006 + 0 mapped (100.00% : N/A)	4006	4006 + 0 properly paired (100.00% : N/A)
sample3165	4006	4006 + 0 mapped (100.00% : N/A)	4006	4006 + 0 properly paired (100.00% : N/A)
sample3646	4006	4006 + 0 mapped (100.00% : N/A)	4006	4006 + 0 properly paired (100.00% : N/A)
sample3415	4002	4002 + 0 mapped (100.00% : N/A)	4002	4002 + 0 properly paired (100.00% : N/A)
sample3166	4008	4008 + 0 mapped (100.00% : N/A)	4008	4008 + 0 properly paired (100.00% : N/A)
sample3647	4006	4006 + 0 mapped (100.00% : N/A)	4006	4006 + 0 properly paired (100.00% : N/A)
sample3416	4006	4006 + 0 mapped (100.00% : N/A)	4006	4006 + 0 properly paired (100.00% : N/A)
sample3167	4008	4008 + 0 mapped (100.00% : N/A)	4008	4008 + 0 properly paired (100.00% : N/A)
sample3648	4008	4008 + 0 mapped (100.00% : N/A)	4008	4008 + 0 properly paired (100.00% : N/A)
sample3417	4006	4006 + 0 mapped (100.00% : N/A)	4006	4006 + 0 properly paired (100.00% : N/A)
sample3168	4004	4004 + 0 mapped (100.00% : N/A)	4004	4004 + 0 properly paired (100.00% : N/A)
sample3649	4008	4008 + 0 mapped (100.00% : N/A)	4008	4008 + 0 properly paired (100.00% : N/A)
sample3418	4004	4004 + 0 mapped (100.00% : N/A)	4004	4004 + 0 properly paired (100.00% : N/A)
sample3169	4002	4002 + 0 mapped (100.00% : N/A)	4002	4002 + 0 properly paired (100.00% : N/A)
sample3650	4006	4006 + 0 mapped (100.00% : N/A)	4006	4006 + 0 properly paired (100.00% : N/A)
sample3170	4006	4006 + 0 mapped (100.00% : N/A)	4006	4006 + 0 properly paired (100.00% : N/A)
sample3419	4008	4008 + 0 mapped (100.00% : N/A)	4008	4008 + 0 properly paired (100.00% : N/A)
sample3420	4008	4008 + 0 mapped (100.00% : N/A)	4008	4008 + 0 properly paired (100.00% : N/A)
sample3171	4002	4002 + 0 mapped (100.00% : N/A)	4002	4002 + 0 properly paired (100.00% : N/A)
sample3651	4006	4006 + 0 mapped (100.00% : N/A)	4006	4006 + 0 properly paired (100.00% : N/A)
sample3421	4006	4006 + 0 mapped (100.00% : N/A)	4006	4006 + 0 properly paired (100.00% : N/A)
sample3172	4006	4006 + 0 mapped (100.00% : N/A)	4006	4006 + 0 properly paired (100.00% : N/A)
sample3652	4008	4008 + 0 mapped (100.00% : N/A)	4008	4008 + 0 properly paired (100.00% : N/A)
sample3422	4008	4008 + 0 mapped (100.00% : N/A)	4008	4008 + 0 properly paired (100.00% : N/A)
sample3173	4008	4008 + 0 mapped (100.00% : N/A)	4008	4008 + 0 properly paired (100.00% : N/A)
sample3653	4006	4006 + 0 mapped (100.00% : N/A)	4006	4006 + 0 properly paired (100.00% : N/A)
sample3423	4008	4008 + 0 mapped (100.00% : N/A)	4008	4008 + 0 properly paired (100.00% : N/A)
sample3174	4006	4006 + 0 mapped (100.00% : N/A)	4006	4006 + 0 properly paired (100.00% : N/A)
sample3654	4004	4004 + 0 mapped (100.00% : N/A)	4004	4004 + 0 properly paired (100.00% : N/A)
sample3424	4008	4008 + 0 mapped (100.00% : N/A)	4008	4008 + 0 properly paired (100.00% : N/A)
sample3175	4008	4008 + 0 mapped (100.00% : N/A)	4008	4008 + 0 properly paired (100.00% : N/A)
sample3655	4008	4008 + 0 mapped (100.00% : N/A)	4008	4008 + 0 properly paired (100.00% : N/A)
sample3425	4006	4006 + 0 mapped (100.00% : N/A)	4006	4006 + 0 properly paired (100.00% : N/A)
sample3176	4008	4008 + 0 mapped (100.00% : N/A)	4008	4008 + 0 properly paired (100.00% : N/A)
sample3177	4006	4006 + 0 mapped (100.00% : N/A)	4006	4006 + 0 properly paired (100.00% : N/A)
sample3426	4008	4008 + 0 mapped (100.00% : N/A)	4008	4008 + 0 properly paired (100.00% : N/A)
sample3656	4006	4006 + 0 mapped (100.00% : N/A)	4006	4006 + 0 properly paired (100.00% : N/A)
sample3178	4006	4006 + 0 mapped (100.00% : N/A)	4006	4006 + 0 properly paired (100.00% : N/A)
sample3427	4006	4006 + 0 mapped (100.00% : N/A)	4006	4006 + 0 properly paired (100.00% : N/A)
sample3657	4008	4008 + 0 mapped (100.00% : N/A)	4008	4008 + 0 properly paired (100.00% : N/A)
sample3179	4008	4008 + 0 mapped (100.00% : N/A)	4008	4008 + 0 properly paired (100.00% : N/A)
sample3428	4008	4008 + 0 mapped (100.00% : N/A)	4008	4008 + 0 properly paired (100.00% : N/A)
sample3658	4008	4008 + 0 mapped (100.00% : N/A)	4008	4008 + 0 properly paired (100.00% : N/A)
sample3180	4008	4008 + 0 mapped (100.00% : N/A)	4008	4008 + 0 properly paired (100.00% : N/A)
sample3429	4004	4004 + 0 mapped (100.00% : N/A)	4004	4004 + 0 properly paired (100.00% : N/A)
sample3659	4006	4006 + 0 mapped (100.00% : N/A)	4006	4006 + 0 properly paired (100.00% : N/A)
sample3181	4006	4006 + 0 mapped (100.00% : N/A)	4006	4006 + 0 properly paired (100.00% : N/A)
sample3430	4004	4004 + 0 mapped (100.00% : N/A)	4004	4004 + 0 properly paired (100.00% : N/A)
sample3660	4006	4006 + 0 mapped (100.00% : N/A)	4006	4006 + 0 properly paired (100.00% : N/A)
sample3182	4000	4000 + 0 mapped (100.00% : N/A)	4000	4000 + 0 properly paired (100.00% : N/A)
sample3431	4008	4008 + 0 mapped (100.00% : N/A)	4008	4008 + 0 properly paired (100.00% : N/A)
sample3661	4006	4006 + 0 mapped (100.00% : N/A)	4006	4006 + 0 properly paired (100.00% : N/A)
sample3183	4008	4008 + 0 mapped (100.00% : N/A)	4008	4008 + 0 properly paired (100.00% : N/A)
sample3432	4006	4006 + 0 mapped (100.00% : N/A)	4006	4006 + 0 properly paired (100.00% : N/A)
sample3184	4008	4008 + 0 mapped (100.00% : N/A)	4008	4008 + 0 properly paired (100.00% : N/A)
sample3662	4004	4004 + 0 mapped (100.00% : N/A)	4004	4004 + 0 properly paired (100.00% : N/A)
sample3433	4008	4008 + 0 mapped (100.00% : N/A)	4008	4008 + 0 properly paired (100.00% : N/A)
sample3185	4006	4006 + 0 mapped (100.00% : N/A)	4006	4006 + 0 properly paired (100.00% : N/A)
sample3663	4008	4008 + 0 mapped (100.00% : N/A)	4008	4008 + 0 properly paired (100.00% : N/A)
sample3434	4008	4008 + 0 mapped (100.00% : N/A)	4008	4008 + 0 properly paired (100.00% : N/A)
sample3186	4008	4008 + 0 mapped (100.00% : N/A)	4008	4008 + 0 properly paired (100.00% : N/A)
sample3435	4006	4006 + 0 mapped (100.00% : N/A)	4006	4006 + 0 properly paired (100.00% : N/A)
sample3664	4008	4008 + 0 mapped (100.00% : N/A)	4008	4008 + 0 properly paired (100.00% : N/A)
sample3187	4006	4006 + 0 mapped (100.00% : N/A)	4006	4006 + 0 properly paired (100.00% : N/A)
sample3436	4006	4006 + 0 mapped (100.00% : N/A)	4006	4006 + 0 properly paired (100.00% : N/A)
sample3665	4006	4006 + 0 mapped (100.00% : N/A)	4006	4006 + 0 properly paired (100.00% : N/A)
sample3188	4008	4008 + 0 mapped (100.00% : N/A)	4008	4008 + 0 properly paired (100.00% : N/A)
sample3437	4006	4006 + 0 mapped (100.00% : N/A)	4006	4006 + 0 properly paired (100.00% : N/A)
sample3189	4006	4006 + 0 mapped (100.00% : N/A)	4006	4006 + 0 properly paired (100.00% : N/A)
sample3666	4008	4008 + 0 mapped (100.00% : N/A)	4008	4008 + 0 properly paired (100.00% : N/A)
sample3438	4008	4008 + 0 mapped (100.00% : N/A)	4008	4008 + 0 properly paired (100.00% : N/A)
sample3190	4008	4008 + 0 mapped (100.00% : N/A)	4008	4008 + 0 properly paired (100.00% : N/A)
sample3439	4008	4008 + 0 mapped (100.00% : N/A)	4008	4008 + 0 properly paired (100.00% : N/A)
sample3667	4006	4006 + 0 mapped (100.00% : N/A)	4006	4006 + 0 properly paired (100.00% : N/A)
sample3191	4008	4008 + 0 mapped (100.00% : N/A)	4008	4008 + 0 properly paired (100.00% : N/A)
sample3440	4004	4004 + 0 mapped (100.00% : N/A)	4004	4004 + 0 properly paired (100.00% : N/A)
sample3668	4008	4008 + 0 mapped (100.00% : N/A)	4008	4008 + 0 properly paired (100.00% : N/A)
sample3192	4008	4008 + 0 mapped (100.00% : N/A)	4008	4008 + 0 properly paired (100.00% : N/A)
sample3441	4006	4006 + 0 mapped (100.00% : N/A)	4006	4006 + 0 properly paired (100.00% : N/A)
sample3669	4006	4006 + 0 mapped (100.00% : N/A)	4006	4006 + 0 properly paired (100.00% : N/A)
sample3193	4004	4004 + 0 mapped (100.00% : N/A)	4004	4004 + 0 properly paired (100.00% : N/A)
sample3442	4008	4008 + 0 mapped (100.00% : N/A)	4008	4008 + 0 properly paired (100.00% : N/A)
sample3670	4008	4008 + 0 mapped (100.00% : N/A)	4008	4008 + 0 properly paired (100.00% : N/A)
sample3194	4004	4004 + 0 mapped (100.00% : N/A)	4004	4004 + 0 properly paired (100.00% : N/A)
sample3443	4008	4008 + 0 mapped (100.00% : N/A)	4008	4008 + 0 properly paired (100.00% : N/A)
sample3195	4008	4008 + 0 mapped (100.00% : N/A)	4008	4008 + 0 properly paired (100.00% : N/A)
sample3671	4002	4002 + 0 mapped (100.00% : N/A)	4002	4002 + 0 properly paired (100.00% : N/A)
sample3444	4004	4004 + 0 mapped (100.00% : N/A)	4004	4004 + 0 properly paired (100.00% : N/A)
sample3196	4006	4006 + 0 mapped (100.00% : N/A)	4006	4006 + 0 properly paired (100.00% : N/A)
sample3672	4008	4008 + 0 mapped (100.00% : N/A)	4008	4008 + 0 properly paired (100.00% : N/A)
sample3445	4008	4008 + 0 mapped (100.00% : N/A)	4008	4008 + 0 properly paired (100.00% : N/A)
sample3197	4004	4004 + 0 mapped (100.00% : N/A)	4004	4004 + 0 properly paired (100.00% : N/A)
sample3673	4004	4004 + 0 mapped (100.00% : N/A)	4004	4004 + 0 properly paired (100.00% : N/A)
sample3446	4006	4006 + 0 mapped (100.00% : N/A)	4006	4006 + 0 properly paired (100.00% : N/A)
sample3198	4008	4008 + 0 mapped (100.00% : N/A)	4008	4008 + 0 properly paired (100.00% : N/A)
sample3674	4008	4008 + 0 mapped (100.00% : N/A)	4008	4008 + 0 properly paired (100.00% : N/A)
sample3447	4002	4002 + 0 mapped (100.00% : N/A)	4002	4002 + 0 properly paired (100.00% : N/A)
sample3199	4006	4006 + 0 mapped (100.00% : N/A)	4006	4006 + 0 properly paired (100.00% : N/A)
sample3675	4004	4004 + 0 mapped (100.00% : N/A)	4004	4004 + 0 properly paired (100.00% : N/A)
sample3448	4006	4006 + 0 mapped (100.00% : N/A)	4006	4006 + 0 properly paired (100.00% : N/A)
sample3200	4008	4008 + 0 mapped (100.00% : N/A)	4008	4008 + 0 properly paired (100.00% : N/A)
sample3449	4008	4008 + 0 mapped (100.00% : N/A)	4008	4008 + 0 properly paired (100.00% : N/A)
sample3676	4006	4006 + 0 mapped (100.00% : N/A)	4006	4006 + 0 properly paired (100.00% : N/A)
sample3450	4004	4004 + 0 mapped (100.00% : N/A)	4004	4004 + 0 properly paired (100.00% : N/A)
sample3677	4008	4008 + 0 mapped (100.00% : N/A)	4008	4008 + 0 properly paired (100.00% : N/A)
sample3451	4008	4008 + 0 mapped (100.00% : N/A)	4008	4008 + 0 properly paired (100.00% : N/A)
sample3678	4004	4004 + 0 mapped (100.00% : N/A)	4004	4004 + 0 properly paired (100.00% : N/A)
sample3452	4006	4006 + 0 mapped (100.00% : N/A)	4006	4006 + 0 properly paired (100.00% : N/A)
sample3679	4006	4006 + 0 mapped (100.00% : N/A)	4006	4006 + 0 properly paired (100.00% : N/A)
sample3453	4006	4006 + 0 mapped (100.00% : N/A)	4006	4006 + 0 properly paired (100.00% : N/A)
sample3680	4006	4006 + 0 mapped (100.00% : N/A)	4006	4006 + 0 properly paired (100.00% : N/A)
sample3454	4008	4008 + 0 mapped (100.00% : N/A)	4008	4008 + 0 properly paired (100.00% : N/A)
sample3681	4004	4004 + 0 mapped (100.00% : N/A)	4004	4004 + 0 properly paired (100.00% : N/A)
sample3455	4004	4004 + 0 mapped (100.00% : N/A)	4004	4004 + 0 properly paired (100.00% : N/A)
sample3682	4008	4008 + 0 mapped (100.00% : N/A)	4008	4008 + 0 properly paired (100.00% : N/A)
sample3456	4006	4006 + 0 mapped (100.00% : N/A)	4006	4006 + 0 properly paired (100.00% : N/A)
sample3683	4008	4008 + 0 mapped (100.00% : N/A)	4008	4008 + 0 properly paired (100.00% : N/A)
sample3684	4006	4006 + 0 mapped (100.00% : N/A)	4006	4006 + 0 properly paired (100.00% : N/A)
sample3685	4006	4006 + 0 mapped (100.00% : N/A)	4006	4006 + 0 properly paired (100.00% : N/A)
sample3686	4008	4008 + 0 mapped (100.00% : N/A)	4008	4008 + 0 properly paired (100.00% : N/A)
sample3687	4008	4008 + 0 mapped (100.00% : N/A)	4008	4008 + 0 properly paired (100.00% : N/A)
sample3688	4008	4008 + 0 mapped (100.00% : N/A)	4008	4008 + 0 properly paired (100.00% : N/A)
sample3689	4006	4006 + 0 mapped (100.00% : N/A)	4006	4006 + 0 properly paired (100.00% : N/A)
sample3690	4006	4006 + 0 mapped (100.00% : N/A)	4006	4006 + 0 properly paired (100.00% : N/A)
sample3691	4004	4004 + 0 mapped (100.00% : N/A)	4004	4004 + 0 properly paired (100.00% : N/A)
sample3692	4006	4006 + 0 mapped (100.00% : N/A)	4006	4006 + 0 properly paired (100.00% : N/A)
sample3693	4004	4004 + 0 mapped (100.00% : N/A)	4004	4004 + 0 properly paired (100.00% : N/A)
sample3694	4008	4008 + 0 mapped (100.00% : N/A)	4008	4008 + 0 properly paired (100.00% : N/A)
sample3695	4008	4008 + 0 mapped (100.00% : N/A)	4008	4008 + 0 properly paired (100.00% : N/A)
sample3696	4006	4006 + 0 mapped (100.00% : N/A)	4006	4006 + 0 properly paired (100.00% : N/A)
sample3697	4008	4008 + 0 mapped (100.00% : N/A)	4008	4008 + 0 properly paired (100.00% : N/A)
sample3698	4008	4008 + 0 mapped (100.00% : N/A)	4008	4008 + 0 properly paired (100.00% : N/A)
sample3699	4006	4006 + 0 mapped (100.00% : N/A)	4006	4006 + 0 properly paired (100.00% : N/A)
sample3700	4008	4008 + 0 mapped (100.00% : N/A)	4008	4008 + 0 properly paired (100.00% : N/A)
sample3701	4006	4006 + 0 mapped (100.00% : N/A)	4006	4006 + 0 properly paired (100.00% : N/A)
sample3702	4004	4004 + 0 mapped (100.00% : N/A)	4004	4004 + 0 properly paired (100.00% : N/A)
sample3703	4008	4008 + 0 mapped (100.00% : N/A)	4008	4008 + 0 properly paired (100.00% : N/A)
sample3704	4006	4006 + 0 mapped (100.00% : N/A)	4006	4006 + 0 properly paired (100.00% : N/A)
sample3705	4008	4008 + 0 mapped (100.00% : N/A)	4008	4008 + 0 properly paired (100.00% : N/A)
sample3706	4006	4006 + 0 mapped (100.00% : N/A)	4006	4006 + 0 properly paired (100.00% : N/A)
sample3707	4008	4008 + 0 mapped (100.00% : N/A)	4008	4008 + 0 properly paired (100.00% : N/A)
sample3708	4008	4008 + 0 mapped (100.00% : N/A)	4008	4008 + 0 properly paired (100.00% : N/A)
sample3709	4006	4006 + 0 mapped (100.00% : N/A)	4006	4006 + 0 properly paired (100.00% : N/A)
sample3710	4006	4006 + 0 mapped (100.00% : N/A)	4006	4006 + 0 properly paired (100.00% : N/A)
sample3711	4006	4006 + 0 mapped (100.00% : N/A)	4006	4006 + 0 properly paired (100.00% : N/A)
sample3712	4008	4008 + 0 mapped (100.00% : N/A)	4008	4008 + 0 properly paired (100.00% : N/A)
Vdarrowii_NJ88_5_32	105387418	98264181 + 0 mapped (93.24% : N/A)	99655557	77639702 + 0 properly paired (77.91% : N/A)
SHB_EB12_9_D19	101398397	94365690 + 0 mapped (93.06% : N/A)	95819051	71437700 + 0 properly paired (74.55% : N/A)
FLIndigocrisp	141257240	134106914 + 0 mapped (94.94% : N/A)	134020986	107511638 + 0 properly paired (80.22% : N/A)
SHB_K_D17	107000005	99435623 + 0 mapped (92.93% : N/A)	101361526	75152576 + 0 properly paired (74.14% : N/A)
Vangustifolium_Novablue	109599821	102098238 + 0 mapped (93.16% : N/A)	102958206	74816812 + 0 properly paired (72.67% : N/A)
SHB_US345_V3_S63_1	108598941	101531819 + 0 mapped (93.49% : N/A)	102515779	75254786 + 0 properly paired (73.41% : N/A)
FLArcadia	148336160	138892820 + 0 mapped (93.63% : N/A)	140961609	109386150 + 0 properly paired (77.60% : N/A)
Vfuscatum2x_17_628	156596484	146280742 + 0 mapped (93.41% : N/A)	148128149	111810810 + 0 properly paired (75.48% : N/A)
SHB_Ozarkblue_S25_1	118415789	110246453 + 0 mapped (93.10% : N/A)	110808063	78514578 + 0 properly paired (70.86% : N/A)
FLEndura	163612613	154521788 + 0 mapped (94.44% : N/A)	154800537	119977912 + 0 properly paired (77.50% : N/A)
NHB_Bonus_hongli	104394194	97289102 + 0 mapped (93.19% : N/A)	98593303	73420812 + 0 properly paired (74.47% : N/A)
SHB_Snowchaser_S54_1	116246122	108340157 + 0 mapped (93.20% : N/A)	110051001	82030632 + 0 properly paired (74.54% : N/A)
SHB_Biloxi_X7	139800492	129871055 + 0 mapped (92.90% : N/A)	132020660	98031666 + 0 properly paired (74.25% : N/A)
NHB_Olympia_H26	156817050	148245497 + 0 mapped (94.53% : N/A)	148260200	118454826 + 0 properly paired (79.90% : N/A)
Vvitisidaea_Koralle	106627000	96517892 + 0 mapped (90.52% : N/A)	96646132	57157338 + 0 properly paired (59.14% : N/A)
Vmacrocarpon_Stankawich_C6	116004907	103873257 + 0 mapped (89.54% : N/A)	105598313	61261712 + 0 properly paired (58.01% : N/A)
NHB_Sunrise_H25	166692501	157042408 + 0 mapped (94.21% : N/A)	157189305	125145520 + 0 properly paired (79.61% : N/A)
FL16_117	183936200	173064477 + 0 mapped (94.09% : N/A)	174374535	130256134 + 0 properly paired (74.70% : N/A)
FLPalmetto	156292895	148063889 + 0 mapped (94.73% : N/A)	148843221	116889422 + 0 properly paired (78.53% : N/A)
Vovatum_PI555177	113528910	102086744 + 0 mapped (89.92% : N/A)	99877869	59397350 + 0 properly paired (59.47% : N/A)
FL09_279	188394583	178026237 + 0 mapped (94.50% : N/A)	179466198	139629872 + 0 properly paired (77.80% : N/A)
FL19_71	188048245	163518503 + 0 mapped (86.96% : N/A)	180590470	131246248 + 0 properly paired (72.68% : N/A)
Vdarrowii_98_403	169417468	159965505 + 0 mapped (94.42% : N/A)	159854637	123576492 + 0 properly paired (77.31% : N/A)
FL18_11	192079377	181714401 + 0 mapped (94.60% : N/A)	183670494	145032636 + 0 properly paired (78.96% : N/A)
FL24_1037	186154594	172666013 + 0 mapped (92.75% : N/A)	177043815	135136158 + 0 properly paired (76.33% : N/A)
FL23_0767	190021353	179335261 + 0 mapped (94.38% : N/A)	180794783	140271746 + 0 properly paired (77.59% : N/A)
NHB_Gretha_H70	186593231	175770754 + 0 mapped (94.20% : N/A)	176106555	141139766 + 0 properly paired (80.14% : N/A)
FL21_65	181446059	171424465 + 0 mapped (94.48% : N/A)	172753547	133671002 + 0 properly paired (77.38% : N/A)
NHB_HX2_HX2	193872493	179974221 + 0 mapped (92.83% : N/A)	182644331	143400394 + 0 properly paired (78.51% : N/A)
FL16_97	184209586	171914495 + 0 mapped (93.33% : N/A)	173655273	128199594 + 0 properly paired (73.82% : N/A)
FL19_143	207535292	195934180 + 0 mapped (94.41% : N/A)	196777445	148305430 + 0 properly paired (75.37% : N/A)
NHB_Amblue_H33	162589292	152534704 + 0 mapped (93.82% : N/A)	154104326	124004658 + 0 properly paired (80.47% : N/A)
FL25_0227	175007467	162189377 + 0 mapped (92.68% : N/A)	162990289	120980176 + 0 properly paired (74.23% : N/A)
Vvirgatum_Climax_Y8_1	197899084	185633006 + 0 mapped (93.80% : N/A)	184663020	138783972 + 0 properly paired (75.16% : N/A)
FL21_0334	205164434	191583980 + 0 mapped (93.38% : N/A)	192597076	142468912 + 0 properly paired (73.97% : N/A)
Vfuscatum_F2B1Sandhills	193646785	176849309 + 0 mapped (91.33% : N/A)	185782663	154324388 + 0 properly paired (83.07% : N/A)
FL21_1508	244143987	230709062 + 0 mapped (94.50% : N/A)	231620341	176434944 + 0 properly paired (76.17% : N/A)
FL25_0849	193752861	179754928 + 0 mapped (92.78% : N/A)	180660096	133822566 + 0 properly paired (74.07% : N/A)
FL16_178	195774418	184866279 + 0 mapped (94.43% : N/A)	187207022	145910974 + 0 properly paired (77.94% : N/A)
FL24_0037	225997135	213199718 + 0 mapped (94.34% : N/A)	214244747	162132126 + 0 properly paired (75.68% : N/A)
Vvirgatum_Vernon	212741807	202312981 + 0 mapped (95.10% : N/A)	199763786	152782644 + 0 properly paired (76.48% : N/A)
FL24_0672	237852038	219899171 + 0 mapped (92.45% : N/A)	221251507	164364932 + 0 properly paired (74.29% : N/A)
Vconsanguineum_CorvallisRep	250700666	230350715 + 0 mapped (91.88% : N/A)	229951301	159807060 + 0 properly paired (69.50% : N/A)
Vfuscatum4X_11_1001	122118175	115457939 + 0 mapped (94.55% : N/A)	116347199	92382870 + 0 properly paired (79.40% : N/A)
SHB_EB12_9_M_1	112172969	104735443 + 0 mapped (93.37% : N/A)	105882770	77600972 + 0 properly paired (73.29% : N/A)
Velliottii_Knight	113389450	106626078 + 0 mapped (94.04% : N/A)	106820940	84728182 + 0 properly paired (79.32% : N/A)
FLRaven	183197951	171974122 + 0 mapped (93.87% : N/A)	174120279	126923630 + 0 properly paired (72.89% : N/A)
SHB_Kestrel_S73_1	110096142	102945656 + 0 mapped (93.51% : N/A)	104068370	77225418 + 0 properly paired (74.21% : N/A)
Vovatum_PI618200	78999048	67736595 + 0 mapped (85.74% : N/A)	73616661	44576778 + 0 properly paired (60.55% : N/A)
FLEmerald	164487913	155483318 + 0 mapped (94.53% : N/A)	155368823	119183906 + 0 properly paired (76.71% : N/A)
FLMagnus	157098969	149020853 + 0 mapped (94.86% : N/A)	148612884	116710186 + 0 properly paired (78.53% : N/A)
SHB_Palmetto_S32_1	108545825	101276191 + 0 mapped (93.30% : N/A)	102559250	75197152 + 0 properly paired (73.32% : N/A)
Vmacrocarpon_Washington_C19	115991258	103253989 + 0 mapped (89.02% : N/A)	105764961	61295136 + 0 properly paired (57.95% : N/A)
SHB_US75_S31_1	109593660	102177507 + 0 mapped (93.23% : N/A)	103561465	76730052 + 0 properly paired (74.09% : N/A)
Vbracteatum_WF1	119771551	108480232 + 0 mapped (90.57% : N/A)	109856845	65432676 + 0 properly paired (59.56% : N/A)
SHB_Bladen_S1_1	111166140	103302688 + 0 mapped (92.93% : N/A)	104216491	73715824 + 0 properly paired (70.73% : N/A)
NHB_Sweatheart_X1	113694222	105921037 + 0 mapped (93.16% : N/A)	107627176	80226824 + 0 properly paired (74.54% : N/A)
NHB_Brigitta_H23	151666193	143040406 + 0 mapped (94.31% : N/A)	140647198	106715530 + 0 properly paired (75.87% : N/A)
SHB_SouthernBelle_S61_1	115266765	107688682 + 0 mapped (93.43% : N/A)	108819765	79280224 + 0 properly paired (72.85% : N/A)
NHB_Patriot_H2	158864224	148908969 + 0 mapped (93.73% : N/A)	148101490	114542408 + 0 properly paired (77.34% : N/A)
Vdarrowii_GNGG	125877486	119331396 + 0 mapped (94.80% : N/A)	119143894	95232692 + 0 properly paired (79.93% : N/A)
Vvitisidaea_PI618228	155203346	141133298 + 0 mapped (90.93% : N/A)	140555007	91642954 + 0 properly paired (65.20% : N/A)
FLSapphire	146301191	135311632 + 0 mapped (92.49% : N/A)	139424150	106132806 + 0 properly paired (76.12% : N/A)
Vfuscatum_NC80_22_1	111808174	104925488 + 0 mapped (93.84% : N/A)	105663706	79657364 + 0 properly paired (75.39% : N/A)
NHB_Aron_H5	109519980	101693363 + 0 mapped (92.85% : N/A)	102472059	73071750 + 0 properly paired (71.31% : N/A)
FL10_15	181888415	170954281 + 0 mapped (93.99% : N/A)	172376895	131457936 + 0 properly paired (76.26% : N/A)
FL16_119	192966106	181934320 + 0 mapped (94.28% : N/A)	183205176	138502100 + 0 properly paired (75.60% : N/A)
FL18_3	196692504	185506785 + 0 mapped (94.31% : N/A)	187165470	144121456 + 0 properly paired (77.00% : N/A)
NHB_Grower_H67	166748843	157045501 + 0 mapped (94.18% : N/A)	157113783	125479822 + 0 properly paired (79.87% : N/A)
FL16_99	176702870	165065789 + 0 mapped (93.41% : N/A)	165861658	119752016 + 0 properly paired (72.20% : N/A)
FL21_0359	176669350	165082586 + 0 mapped (93.44% : N/A)	166053361	122676430 + 0 properly paired (73.88% : N/A)
FL25_0229	167045656	154815754 + 0 mapped (92.68% : N/A)	155316225	114566150 + 0 properly paired (73.76% : N/A)
NHB_Ivanhoe_H42	184608828	173106391 + 0 mapped (93.77% : N/A)	174226650	139336524 + 0 properly paired (79.97% : N/A)
FL19_88	197513337	182640452 + 0 mapped (92.47% : N/A)	187339264	138952466 + 0 properly paired (74.17% : N/A)
FL23_0846	186798731	174332412 + 0 mapped (93.33% : N/A)	177260438	135482784 + 0 properly paired (76.43% : N/A)
Vstamineum_17_629	159781045	147831728 + 0 mapped (92.52% : N/A)	149686721	106805292 + 0 properly paired (71.35% : N/A)
FL22_0123	176270146	164026494 + 0 mapped (93.05% : N/A)	168374539	131266076 + 0 properly paired (77.96% : N/A)
FL10_153	113054106	107517620 + 0 mapped (95.10% : N/A)	106628470	84363742 + 0 properly paired (79.12% : N/A)
FL16_194	181800380	171162061 + 0 mapped (94.15% : N/A)	173475434	134134056 + 0 properly paired (77.32% : N/A)
FLR12_89	195063921	184506296 + 0 mapped (94.59% : N/A)	185989237	146225700 + 0 properly paired (78.62% : N/A)
SHB_EB8_42_Julieta_S80_1	107704696	100746774 + 0 mapped (93.54% : N/A)	100927328	71919940 + 0 properly paired (71.26% : N/A)
FLJewel	144013195	136022948 + 0 mapped (94.45% : N/A)	136932958	106483536 + 0 properly paired (77.76% : N/A)
FL21_543	258353072	243710963 + 0 mapped (94.33% : N/A)	245510775	187843468 + 0 properly paired (76.51% : N/A)
Vvirgatum_Coastal_Y14	235994557	222581870 + 0 mapped (94.32% : N/A)	221114271	174561498 + 0 properly paired (78.95% : N/A)
Vpallidum_NCE3R15	164098498	148095231 + 0 mapped (90.25% : N/A)	153268893	106306716 + 0 properly paired (69.36% : N/A)
SHB_Lenoir_S39_1	116917150	108955626 + 0 mapped (93.19% : N/A)	109823989	79115986 + 0 properly paired (72.04% : N/A)
Vhirsutum_NC3743	156416133	146056365 + 0 mapped (93.38% : N/A)	146990105	118680870 + 0 properly paired (80.74% : N/A)
FLScintilla	192523176	182291073 + 0 mapped (94.69% : N/A)	181168672	142696850 + 0 properly paired (78.76% : N/A)
FLMillenia	185383814	174820651 + 0 mapped (94.30% : N/A)	174989432	134037556 + 0 properly paired (76.60% : N/A)
Vmacrocarpon_WSU108_C10	117034175	104744422 + 0 mapped (89.50% : N/A)	107144746	61812158 + 0 properly paired (57.69% : N/A)
Vcarlesii_DW_1	112920480	101104938 + 0 mapped (89.54% : N/A)	104054397	64724046 + 0 properly paired (62.20% : N/A)
FLR14_449	242650048	226377455 + 0 mapped (93.29% : N/A)	228861725	170519830 + 0 properly paired (74.51% : N/A)
SHB_PeachSorbet_S62_1	112233175	104196744 + 0 mapped (92.84% : N/A)	106107246	78781370 + 0 properly paired (74.25% : N/A)
Vconsanguineum_NC	150072755	135587650 + 0 mapped (90.35% : N/A)	139240052	90252106 + 0 properly paired (64.82% : N/A)
FL19_144	232719040	217536050 + 0 mapped (93.48% : N/A)	218199399	160123172 + 0 properly paired (73.38% : N/A)
SHB_Bluechip_X10	125867614	117378830 + 0 mapped (93.26% : N/A)	118544063	88692316 + 0 properly paired (74.82% : N/A)
NHB_TopShelf_D02	109005236	102078732 + 0 mapped (93.65% : N/A)	103064929	77835442 + 0 properly paired (75.52% : N/A)
FL24_0674	172479426	160017025 + 0 mapped (92.77% : N/A)	160909769	118680318 + 0 properly paired (73.76% : N/A)
SHB_Ventura_S81_1	125404278	116933499 + 0 mapped (93.25% : N/A)	118774790	88897668 + 0 properly paired (74.85% : N/A)
SHB_Southmoon_S22_1	113576454	106229041 + 0 mapped (93.53% : N/A)	107535890	79714144 + 0 properly paired (74.13% : N/A)
FL24_0040	247686569	234127006 + 0 mapped (94.53% : N/A)	235191680	178453094 + 0 properly paired (75.88% : N/A)
Vfuscatum_NC99_3_1	105316662	98738071 + 0 mapped (93.75% : N/A)	99247916	75901312 + 0 properly paired (76.48% : N/A)
NHB_Pemberton_pengbodun	104347526	97320711 + 0 mapped (93.27% : N/A)	98488027	72992376 + 0 properly paired (74.11% : N/A)
NHB_Burlington_H41	175816431	165304403 + 0 mapped (94.02% : N/A)	166193489	132618684 + 0 properly paired (79.80% : N/A)
NHB_Aurora_aoruolaX4	106722699	99966777 + 0 mapped (93.67% : N/A)	100534979	75986234 + 0 properly paired (75.58% : N/A)
Velliottii_C208	153483368	145118362 + 0 mapped (94.55% : N/A)	144254380	109376366 + 0 properly paired (75.82% : N/A)
HHB_Chippewa_H11	155064058	145432123 + 0 mapped (93.79% : N/A)	145999452	115790552 + 0 properly paired (79.31% : N/A)
Vstamineum_F1redflesh_15_634	161765119	148783798 + 0 mapped (91.98% : N/A)	152539161	111472978 + 0 properly paired (73.08% : N/A)
NHB_Grover	175227217	166663361 + 0 mapped (95.11% : N/A)	165865101	129969294 + 0 properly paired (78.36% : N/A)
NHB_Hardyblue_X13	104960312	97537266 + 0 mapped (92.93% : N/A)	99087225	73190662 + 0 properly paired (73.86% : N/A)
FL10_162	181781548	171718161 + 0 mapped (94.46% : N/A)	173669524	136073080 + 0 properly paired (78.35% : N/A)
SHB_Emerald_S45_1	114762727	107316259 + 0 mapped (93.51% : N/A)	108537936	80858066 + 0 properly paired (74.50% : N/A)
FLKeecrisp	150044898	142240365 + 0 mapped (94.80% : N/A)	142582208	113181714 + 0 properly paired (79.38% : N/A)
FL12_179	130819968	124780797 + 0 mapped (95.38% : N/A)	123196641	99146776 + 0 properly paired (80.48% : N/A)
Vmyrtillus_Japan_S52_1	110463021	103131721 + 0 mapped (93.36% : N/A)	103562174	78690332 + 0 properly paired (75.98% : N/A)
FL18_6	184594316	171131783 + 0 mapped (92.71% : N/A)	175948228	133115400 + 0 properly paired (75.66% : N/A)
FL25_0235	174863643	161777239 + 0 mapped (92.52% : N/A)	162926944	119947848 + 0 properly paired (73.62% : N/A)
FLMisty	167629385	159735874 + 0 mapped (95.29% : N/A)	158753431	129614106 + 0 properly paired (81.64% : N/A)
Vhirsutum_NJ90_54_21	85584783	80798059 + 0 mapped (94.41% : N/A)	80584858	61709436 + 0 properly paired (76.58% : N/A)
Vdarrowii_Wang2024	126377111	116251817 + 0 mapped (91.99% : N/A)	118693409	87625728 + 0 properly paired (73.83% : N/A)
SHB_LikeONeal_D18	107811749	100379328 + 0 mapped (93.11% : N/A)	101516184	74389772 + 0 properly paired (73.28% : N/A)
FL20_030	193504881	182958894 + 0 mapped (94.55% : N/A)	184489968	144001944 + 0 properly paired (78.05% : N/A)
NHB_JEarly_H73	189838546	180321011 + 0 mapped (94.99% : N/A)	179477588	146861878 + 0 properly paired (81.83% : N/A)
FLSharpblue	202348708	190995456 + 0 mapped (94.39% : N/A)	191923583	148691174 + 0 properly paired (77.47% : N/A)
FL23_0852	200844122	189515679 + 0 mapped (94.36% : N/A)	191279990	149377118 + 0 properly paired (78.09% : N/A)
SHB_PearlRiver_H98	121665060	113478090 + 0 mapped (93.27% : N/A)	113926498	82508952 + 0 properly paired (72.42% : N/A)
Vpallidum_NJ88_18_30	125564147	116377450 + 0 mapped (92.68% : N/A)	117153529	84252554 + 0 properly paired (71.92% : N/A)
FL21_0497	250467236	236195283 + 0 mapped (94.30% : N/A)	237748140	180335636 + 0 properly paired (75.85% : N/A)
FL22_0229	185627893	174525170 + 0 mapped (94.02% : N/A)	177077042	137997764 + 0 properly paired (77.93% : N/A)
FL16_60	190580208	177505805 + 0 mapped (93.14% : N/A)	182541933	141949910 + 0 properly paired (77.76% : N/A)
NHB_Toro_H24	162032394	154208682 + 0 mapped (95.17% : N/A)	152717167	123688376 + 0 properly paired (80.99% : N/A)
FL16_125	241144346	224721580 + 0 mapped (93.19% : N/A)	226623051	164943150 + 0 properly paired (72.78% : N/A)
FL17_101	225708968	210148057 + 0 mapped (93.11% : N/A)	212061505	155437522 + 0 properly paired (73.30% : N/A)
SHB_Bluecrisp_S8_1	172668920	161046881 + 0 mapped (93.27% : N/A)	162009903	116849072 + 0 properly paired (72.12% : N/A)
SHB_Springhigh_S55_1	110281053	103441783 + 0 mapped (93.80% : N/A)	103999101	80651256 + 0 properly paired (77.55% : N/A)
SHB_Windsor_S58_1	107086723	99701879 + 0 mapped (93.10% : N/A)	100287595	71574042 + 0 properly paired (71.37% : N/A)
NHB_Pender_pengdeer	102403898	95353529 + 0 mapped (93.12% : N/A)	96310574	69728532 + 0 properly paired (72.40% : N/A)
FL22_0264	188368784	177326947 + 0 mapped (94.14% : N/A)	178414024	133547088 + 0 properly paired (74.85% : N/A)
Vvirgatum_15_506	150502326	137843678 + 0 mapped (91.59% : N/A)	142725263	106639216 + 0 properly paired (74.72% : N/A)
FL19_15	158386322	147817088 + 0 mapped (93.33% : N/A)	148588668	110429606 + 0 properly paired (74.32% : N/A)
FL09_167	225708466	210487567 + 0 mapped (93.26% : N/A)	212673726	156571344 + 0 properly paired (73.62% : N/A)
Velliottii_Ell8	140370701	130814468 + 0 mapped (93.19% : N/A)	132618549	99547764 + 0 properly paired (75.06% : N/A)
FL24_0680	202101766	187150319 + 0 mapped (92.60% : N/A)	187561778	136387392 + 0 properly paired (72.72% : N/A)
Vvirgatum_FloridaRose	214188006	198973666 + 0 mapped (92.90% : N/A)	200705419	142477516 + 0 properly paired (70.99% : N/A)
Vvirgatum_Gardenblue_Y3_1	212818866	200191050 + 0 mapped (94.07% : N/A)	198157156	154193814 + 0 properly paired (77.81% : N/A)
SHB_Eureka_Ridley1403_youruika	103671940	96225849 + 0 mapped (92.82% : N/A)	98253977	72989880 + 0 properly paired (74.29% : N/A)
NHB_Harrison_halisen	108028867	100874969 + 0 mapped (93.38% : N/A)	101847364	76335592 + 0 properly paired (74.95% : N/A)
FLKestrel	167760468	158648831 + 0 mapped (94.57% : N/A)	159320750	125203262 + 0 properly paired (78.59% : N/A)
Vconstablaei_NC83_28_3	276905091	260573365 + 0 mapped (94.10% : N/A)	259381895	204495904 + 0 properly paired (78.84% : N/A)
NHB_Chandler_H74	160467844	151074483 + 0 mapped (94.15% : N/A)	152080055	122603736 + 0 properly paired (80.62% : N/A)
NHB_Berkeley_H15	159419757	148279439 + 0 mapped (93.01% : N/A)	149597344	116078858 + 0 properly paired (77.59% : N/A)
Vhirsutum_NJ90_54_13	226190930	210465025 + 0 mapped (93.05% : N/A)	211159705	160390544 + 0 properly paired (75.96% : N/A)
FL17_141	100768733	95581698 + 0 mapped (94.85% : N/A)	95237836	75137492 + 0 properly paired (78.89% : N/A)
HHB_MN5115_M5	173697334	162982400 + 0 mapped (93.83% : N/A)	164146385	130935356 + 0 properly paired (79.77% : N/A)
Voldhamii_XC_1	114903056	104822391 + 0 mapped (91.23% : N/A)	104912726	62573832 + 0 properly paired (59.64% : N/A)
Vmyrsinites_NC80_2_14	118971317	112560204 + 0 mapped (94.61% : N/A)	112318390	89830000 + 0 properly paired (79.98% : N/A)
FL24_0046	210576611	199216514 + 0 mapped (94.61% : N/A)	199855410	150454594 + 0 properly paired (75.28% : N/A)
FLPrimadonna	164398277	155756814 + 0 mapped (94.74% : N/A)	155646927	122527736 + 0 properly paired (78.72% : N/A)
SHB_Legacy	178249811	169544159 + 0 mapped (95.12% : N/A)	169620300	135673542 + 0 properly paired (79.99% : N/A)
FL11_124	183213990	173565191 + 0 mapped (94.73% : N/A)	175369255	138485274 + 0 properly paired (78.97% : N/A)
Vkoreanum_C1	109387479	99837265 + 0 mapped (91.27% : N/A)	98588486	56653684 + 0 properly paired (57.46% : N/A)
SHB_Magnolia_S24_1	133188129	124182730 + 0 mapped (93.24% : N/A)	126460631	95502920 + 0 properly paired (75.52% : N/A)
SHB_Primadonna_S53_1	115336521	107659170 + 0 mapped (93.34% : N/A)	109360109	82597164 + 0 properly paired (75.53% : N/A)
FLStar	200825854	189139463 + 0 mapped (94.18% : N/A)	190392881	145700948 + 0 properly paired (76.53% : N/A)
FL19_006	181815585	171689227 + 0 mapped (94.43% : N/A)	172967991	134377684 + 0 properly paired (77.69% : N/A)
Vpallidum_PI666752	127174455	118506909 + 0 mapped (93.18% : N/A)	118526333	90183240 + 0 properly paired (76.09% : N/A)
SHB_Bluerain_S33_1	111066963	103827599 + 0 mapped (93.48% : N/A)	105003102	78319260 + 0 properly paired (74.59% : N/A)
NHB_Weymouth_H69	157280710	149384680 + 0 mapped (94.98% : N/A)	148853841	120787950 + 0 properly paired (81.15% : N/A)
SHB_Springwide_S57_1	110729145	103059793 + 0 mapped (93.07% : N/A)	104286618	75571620 + 0 properly paired (72.47% : N/A)
NHB_Jersey_H16	150438734	140105338 + 0 mapped (93.13% : N/A)	140217361	107733482 + 0 properly paired (76.83% : N/A)
SHB_yiyuan_S75_1	115977706	108075647 + 0 mapped (93.19% : N/A)	109612546	81151568 + 0 properly paired (74.03% : N/A)
NHB_Puru_H37	153189399	144659463 + 0 mapped (94.43% : N/A)	144014539	111993198 + 0 properly paired (77.77% : N/A)
FL21_0593	165862123	154816035 + 0 mapped (93.34% : N/A)	155774274	115868814 + 0 properly paired (74.38% : N/A)
FL20_059	213695763	201489990 + 0 mapped (94.29% : N/A)	203239708	156722110 + 0 properly paired (77.11% : N/A)
FL23_1032	186359101	176054779 + 0 mapped (94.47% : N/A)	177347751	138531946 + 0 properly paired (78.11% : N/A)
FL25_0237	235220193	218514401 + 0 mapped (92.90% : N/A)	218721776	161586438 + 0 properly paired (73.88% : N/A)
FL16_754	179898918	169238056 + 0 mapped (94.07% : N/A)	170972695	130301232 + 0 properly paired (76.21% : N/A)
FLMeadowlark	161542276	151855788 + 0 mapped (94.00% : N/A)	152462165	113892662 + 0 properly paired (74.70% : N/A)
FL22_0297	166888219	155873597 + 0 mapped (93.40% : N/A)	156862048	116495682 + 0 properly paired (74.27% : N/A)
FL22_0583	183482492	172751183 + 0 mapped (94.15% : N/A)	174353319	132732504 + 0 properly paired (76.13% : N/A)
SHB_Farthing_S60_1	119020639	111056373 + 0 mapped (93.31% : N/A)	112595964	83302678 + 0 properly paired (73.98% : N/A)
FLOptimus_02	177594985	164011018 + 0 mapped (92.35% : N/A)	164923741	124885230 + 0 properly paired (75.72% : N/A)
FL16_134	182631071	170058686 + 0 mapped (93.12% : N/A)	170885716	125236296 + 0 properly paired (73.29% : N/A)
Vpallidum_Blueridge_H94	118400124	110296553 + 0 mapped (93.16% : N/A)	110873886	79453936 + 0 properly paired (71.66% : N/A)
NHB_Herbert_H22	157910491	149295222 + 0 mapped (94.54% : N/A)	149271127	120946892 + 0 properly paired (81.02% : N/A)
FLRebel	145747873	136643072 + 0 mapped (93.75% : N/A)	138419495	107476028 + 0 properly paired (77.65% : N/A)
NHB_Collins_H35	144602974	136628290 + 0 mapped (94.49% : N/A)	136807672	109665028 + 0 properly paired (80.16% : N/A)
NHB_Arlen_Rp	142791295	132699587 + 0 mapped (92.93% : N/A)	135819283	102547824 + 0 properly paired (75.50% : N/A)
Vmyrtilloides_I44	117619017	109674288 + 0 mapped (93.25% : N/A)	110418611	85426946 + 0 properly paired (77.37% : N/A)
Vfuscatum2x_17_608	200363219	188405985 + 0 mapped (94.03% : N/A)	189275700	146335948 + 0 properly paired (77.31% : N/A)
FL17_142	135295284	127858182 + 0 mapped (94.50% : N/A)	127800189	100977400 + 0 properly paired (79.01% : N/A)
Vmacrocarpon_Bain11_C13	119723541	107432991 + 0 mapped (89.73% : N/A)	108842887	61151788 + 0 properly paired (56.18% : N/A)
FL19_49_2	188773303	178654659 + 0 mapped (94.64% : N/A)	179090133	135424156 + 0 properly paired (75.62% : N/A)
FL24_0713	163295953	150864702 + 0 mapped (92.39% : N/A)	152168560	111121112 + 0 properly paired (73.03% : N/A)
FL17_105	303865817	287076971 + 0 mapped (94.47% : N/A)	287963740	217135710 + 0 properly paired (75.40% : N/A)
FLSweetcrisp	139299677	131555568 + 0 mapped (94.44% : N/A)	132783034	102198388 + 0 properly paired (76.97% : N/A)
NHB_Bluecrop_H1	167744239	155607813 + 0 mapped (92.76% : N/A)	156841960	120613632 + 0 properly paired (76.90% : N/A)
SHB_Meadowlark_S20_1	112221419	104705936 + 0 mapped (93.30% : N/A)	106085281	78069458 + 0 properly paired (73.59% : N/A)
HHB_MN5415_M6	164665056	155379260 + 0 mapped (94.36% : N/A)	155004026	123900348 + 0 properly paired (79.93% : N/A)
FL11_128	197658556	184998618 + 0 mapped (93.60% : N/A)	186472941	139750712 + 0 properly paired (74.94% : N/A)
SHB_Rebel_S26_1	139484649	130200700 + 0 mapped (93.34% : N/A)	131972975	97518378 + 0 properly paired (73.89% : N/A)
FL11_158	182604814	172670922 + 0 mapped (94.56% : N/A)	174437834	135891834 + 0 properly paired (77.90% : N/A)
SHB_ONeal	170105847	161949448 + 0 mapped (95.21% : N/A)	161177726	127463520 + 0 properly paired (79.08% : N/A)
SHB_Camellia_D01_1	107530390	99888981 + 0 mapped (92.89% : N/A)	101534455	74267340 + 0 properly paired (73.14% : N/A)
Vpallidum_PI666776	121509135	113286423 + 0 mapped (93.23% : N/A)	113096402	85567622 + 0 properly paired (75.66% : N/A)
Vvirgatum_Homebell_Y12	236372018	221547003 + 0 mapped (93.73% : N/A)	221044117	171566200 + 0 properly paired (77.62% : N/A)
NHB_Willow_Leaf_liuye	107774939	100911015 + 0 mapped (93.63% : N/A)	101832373	75803528 + 0 properly paired (74.44% : N/A)
Vhirsutum_NJ90_54_15	186087533	172924387 + 0 mapped (92.93% : N/A)	175324345	128372224 + 0 properly paired (73.22% : N/A)
Vangustifolium_Blomidon_L1	117537044	109726540 + 0 mapped (93.35% : N/A)	109987314	79314186 + 0 properly paired (72.11% : N/A)
SHB_Star_S7_1	112272673	104964933 + 0 mapped (93.49% : N/A)	105717618	77756656 + 0 properly paired (73.55% : N/A)
FL19_111	191504014	179788806 + 0 mapped (93.88% : N/A)	183232885	143034104 + 0 properly paired (78.06% : N/A)
FL24_0112	216888763	201800846 + 0 mapped (93.04% : N/A)	205123826	148579442 + 0 properly paired (72.43% : N/A)
NHB_Jgdrzej_H51	152355929	144550967 + 0 mapped (94.88% : N/A)	143538132	115513410 + 0 properly paired (80.48% : N/A)
FLOptimus	189259761	178402753 + 0 mapped (94.26% : N/A)	179508871	140373886 + 0 properly paired (78.20% : N/A)
SHB_Flicker_S70_1	112510420	105411459 + 0 mapped (93.69% : N/A)	106750101	80792690 + 0 properly paired (75.68% : N/A)
NHB_Record_H38	174210906	161615486 + 0 mapped (92.77% : N/A)	165179300	130363368 + 0 properly paired (78.92% : N/A)
SHB_ONeal_Rp	66078235	55682432 + 0 mapped (84.27% : N/A)	62686742	43399004 + 0 properly paired (69.23% : N/A)
Vpallidum_SHF4A	90718221	85402565 + 0 mapped (94.14% : N/A)	85617310	66520134 + 0 properly paired (77.69% : N/A)
Vmacrocarpon_Bain6_C17	112352177	99513941 + 0 mapped (88.57% : N/A)	103070379	59044018 + 0 properly paired (57.29% : N/A)
Vconstablaei_NC86_40_2	316788810	295658802 + 0 mapped (93.33% : N/A)	296583328	223202040 + 0 properly paired (75.26% : N/A)
FL21_0600	182485144	169754631 + 0 mapped (93.02% : N/A)	171110346	125694954 + 0 properly paired (73.46% : N/A)
FLSanJoaquin	179997791	169666814 + 0 mapped (94.26% : N/A)	169083925	129048234 + 0 properly paired (76.32% : N/A)
Vreticulatum_RedButton_X14	116072887	102193138 + 0 mapped (88.04% : N/A)	105514320	59741588 + 0 properly paired (56.62% : N/A)
NHB_Herbert_hebote	110584215	103097275 + 0 mapped (93.23% : N/A)	104712887	77933614 + 0 properly paired (74.43% : N/A)
FLAlbus	97023088	92022282 + 0 mapped (94.85% : N/A)	91484714	69564906 + 0 properly paired (76.04% : N/A)
FL24_0059	185046296	170802158 + 0 mapped (92.30% : N/A)	176846219	136514802 + 0 properly paired (77.19% : N/A)
FLVireo	160476822	150843567 + 0 mapped (94.00% : N/A)	151776255	116074050 + 0 properly paired (76.48% : N/A)
FL22_0333	216042700	204248202 + 0 mapped (94.54% : N/A)	204890278	155278718 + 0 properly paired (75.79% : N/A)
FL17_123	201008092	189965122 + 0 mapped (94.51% : N/A)	191226079	150522782 + 0 properly paired (78.71% : N/A)
FL25_0238	184879834	171323334 + 0 mapped (92.67% : N/A)	172314433	126468262 + 0 properly paired (73.39% : N/A)
FL20_063	221937740	209320165 + 0 mapped (94.31% : N/A)	211607913	164037976 + 0 properly paired (77.52% : N/A)
NHB_Coville_H4	157671601	148145988 + 0 mapped (93.96% : N/A)	148075224	117596962 + 0 properly paired (79.42% : N/A)
SHB_Millennia_S30_1	108273756	101032374 + 0 mapped (93.31% : N/A)	101982120	75053210 + 0 properly paired (73.59% : N/A)
Vfuscatum2x_18_667	145557415	137839659 + 0 mapped (94.70% : N/A)	137192741	106227068 + 0 properly paired (77.43% : N/A)
FL22_0973	180915219	168726937 + 0 mapped (93.26% : N/A)	172185273	131424432 + 0 properly paired (76.33% : N/A)
FL16_159	187330099	176608001 + 0 mapped (94.28% : N/A)	177724711	133794268 + 0 properly paired (75.28% : N/A)
Varboreum_17_630_02	237307504	210630018 + 0 mapped (88.76% : N/A)	214633542	138076192 + 0 properly paired (64.33% : N/A)
SHB_Camellia_S37_1	114359226	106428704 + 0 mapped (93.07% : N/A)	108220769	79979414 + 0 properly paired (73.90% : N/A)
SHB_Reveille_S5_1	111187223	103909588 + 0 mapped (93.45% : N/A)	104615971	75963174 + 0 properly paired (72.61% : N/A)
SHB_Abundance_S65_1	110051063	102748732 + 0 mapped (93.36% : N/A)	103319081	74213984 + 0 properly paired (71.83% : N/A)
SHB_Reveille_Rp	85241912	77438522 + 0 mapped (90.85% : N/A)	80876085	60260122 + 0 properly paired (74.51% : N/A)
Vangustifolium_Brunswick_L2	116127015	108213740 + 0 mapped (93.19% : N/A)	108145370	76401086 + 0 properly paired (70.65% : N/A)
FL24_0714	178091228	165262864 + 0 mapped (92.80% : N/A)	167615991	123111834 + 0 properly paired (73.45% : N/A)
NHB_Bluegold_M8	183378568	174033346 + 0 mapped (94.90% : N/A)	173376025	141777706 + 0 properly paired (81.77% : N/A)
FL17_114	187785010	177143530 + 0 mapped (94.33% : N/A)	177749185	132523302 + 0 properly paired (74.56% : N/A)
Vreticulatum_NJ95_2_11a	97700154	90329919 + 0 mapped (92.46% : N/A)	87881519	60349184 + 0 properly paired (68.67% : N/A)
FLPatrecia	143633309	135732082 + 0 mapped (94.50% : N/A)	136736955	108703078 + 0 properly paired (79.50% : N/A)
SHB_SubaruM5MSU48_S34_1	109989695	102564332 + 0 mapped (93.25% : N/A)	103917797	76117946 + 0 properly paired (73.25% : N/A)
Vmacrocarpon_BainFavNo1_C12	110863319	99176224 + 0 mapped (89.46% : N/A)	101226857	58280932 + 0 properly paired (57.57% : N/A)
NHB_Lankao_lankao	104218994	97343339 + 0 mapped (93.40% : N/A)	98056130	71564286 + 0 properly paired (72.98% : N/A)
FL12_236	189954873	176760776 + 0 mapped (93.05% : N/A)	181292064	141020026 + 0 properly paired (77.79% : N/A)
Vsimulatum_NC02_1_3	100312921	94223441 + 0 mapped (93.93% : N/A)	94506870	72925246 + 0 properly paired (77.16% : N/A)
HHB_Northblue_M3	189817420	179534978 + 0 mapped (94.58% : N/A)	177330894	141506098 + 0 properly paired (79.80% : N/A)
Vvirgatum_PinkLemenadeF1_H82	109266182	101619962 + 0 mapped (93.00% : N/A)	102850634	75105156 + 0 properly paired (73.02% : N/A)
SHB_Flordablue_S15_1	116542725	108962706 + 0 mapped (93.50% : N/A)	109882734	80594464 + 0 properly paired (73.35% : N/A)
Vuliginosum_usiyueju	113478787	103633962 + 0 mapped (91.32% : N/A)	103535271	60604502 + 0 properly paired (58.54% : N/A)
FLSouthernBelle	114626986	108320577 + 0 mapped (94.50% : N/A)	108071323	82255424 + 0 properly paired (76.11% : N/A)
NHB_HL10_H61	105957971	98751951 + 0 mapped (93.20% : N/A)	99766632	73376882 + 0 properly paired (73.55% : N/A)
SHB_Winterbell	217965011	207389008 + 0 mapped (95.15% : N/A)	207457779	165904442 + 0 properly paired (79.97% : N/A)
FL19_117	187817623	177854973 + 0 mapped (94.70% : N/A)	179392943	141383638 + 0 properly paired (78.81% : N/A)
FLSentinel	84274799	80333205 + 0 mapped (95.32% : N/A)	78773816	60677038 + 0 properly paired (77.03% : N/A)
NHB_Reka_H34	157078075	148241076 + 0 mapped (94.37% : N/A)	147633728	116411430 + 0 properly paired (78.85% : N/A)
FL24_0169	172119198	159968691 + 0 mapped (92.94% : N/A)	161778509	117718230 + 0 properly paired (72.77% : N/A)
FL19_86	302951880	285884494 + 0 mapped (94.37% : N/A)	286472684	214526698 + 0 properly paired (74.89% : N/A)
FL11_137	231732120	218052130 + 0 mapped (94.10% : N/A)	220260318	167834622 + 0 properly paired (76.20% : N/A)
Varboreum_Citra	183946852	168089644 + 0 mapped (91.38% : N/A)	171238424	114356350 + 0 properly paired (66.78% : N/A)
Vcrassifolium_Bloodstone	90182822	81537577 + 0 mapped (90.41% : N/A)	84141293	53365334 + 0 properly paired (63.42% : N/A)
NHB_Darrow_H12	104239175	96581617 + 0 mapped (92.65% : N/A)	98056216	71335522 + 0 properly paired (72.75% : N/A)
SHB_Misty_S12_1	115719988	108038910 + 0 mapped (93.36% : N/A)	108974715	79658278 + 0 properly paired (73.10% : N/A)
Vstamineum_NC5155	68573915	60077501 + 0 mapped (87.61% : N/A)	64118763	40887620 + 0 properly paired (63.77% : N/A)
FL21_0853	225900795	213087400 + 0 mapped (94.33% : N/A)	214146257	160563544 + 0 properly paired (74.98% : N/A)
Vdarrowii_17_627_02	163058192	148424274 + 0 mapped (91.03% : N/A)	150901779	109865844 + 0 properly paired (72.81% : N/A)
FL24_0201	179818179	170117812 + 0 mapped (94.61% : N/A)	171787681	135989200 + 0 properly paired (79.16% : N/A)
Vmembranaceum_PI555062	204635052	187746129 + 0 mapped (91.75% : N/A)	183768589	119329580 + 0 properly paired (64.93% : N/A)
FL22_0698	186317984	174095433 + 0 mapped (93.44% : N/A)	174912415	128584344 + 0 properly paired (73.51% : N/A)
SHB_AiblueSX_S43_1	111763351	104119841 + 0 mapped (93.16% : N/A)	105063636	76413700 + 0 properly paired (72.73% : N/A)
SHB_CapeFear_S10_1	116027469	108089985 + 0 mapped (93.16% : N/A)	109607041	80261166 + 0 properly paired (73.23% : N/A)
FL17_124	181613406	171065804 + 0 mapped (94.19% : N/A)	173349885	133783724 + 0 properly paired (77.18% : N/A)
SHB_Ri_D15	102864962	95809971 + 0 mapped (93.14% : N/A)	96979259	71106434 + 0 properly paired (73.32% : N/A)
Vstamineum_AG1	167644293	144940149 + 0 mapped (86.46% : N/A)	156570374	102122484 + 0 properly paired (65.22% : N/A)
Vangustifolium_CA_206_L6	111128085	103458210 + 0 mapped (93.10% : N/A)	103548014	72285650 + 0 properly paired (69.81% : N/A)
Vmacrocarpon_Bergmen_C8	115914134	103892821 + 0 mapped (89.63% : N/A)	105959967	60586454 + 0 properly paired (57.18% : N/A)
FLSnowchaser	153139389	144193322 + 0 mapped (94.16% : N/A)	145376129	112608230 + 0 properly paired (77.46% : N/A)
FL25_0240	190921906	177285759 + 0 mapped (92.86% : N/A)	177805748	130572006 + 0 properly paired (73.44% : N/A)
NHB_LastCall_D11	103961012	96659900 + 0 mapped (92.98% : N/A)	98162777	72420166 + 0 properly paired (73.78% : N/A)
Vsimulatum_NC98_11_3	97690391	92244810 + 0 mapped (94.43% : N/A)	91700524	71365670 + 0 properly paired (77.82% : N/A)
FLSouthmoon	149212534	141203801 + 0 mapped (94.63% : N/A)	140793948	109813798 + 0 properly paired (78.00% : N/A)
NHB_Bluehaven_X9	106135391	98834540 + 0 mapped (93.12% : N/A)	100356521	74645682 + 0 properly paired (74.38% : N/A)
Vuliginosum_VvL2	109938795	99537118 + 0 mapped (90.54% : N/A)	101253445	61293006 + 0 properly paired (60.53% : N/A)
FL22_0981	194332885	181466277 + 0 mapped (93.38% : N/A)	183958046	137965304 + 0 properly paired (75.00% : N/A)
FL16_170	251601429	237552878 + 0 mapped (94.42% : N/A)	238802870	179805926 + 0 properly paired (75.29% : N/A)
SHB_Georgia_Gem_S19_1	114749078	106760066 + 0 mapped (93.04% : N/A)	108366009	79385584 + 0 properly paired (73.26% : N/A)
SHB_Summit_dingji	109879229	102694332 + 0 mapped (93.46% : N/A)	103727401	76686052 + 0 properly paired (73.93% : N/A)
FL17_14	197434833	186369526 + 0 mapped (94.40% : N/A)	187264687	142175406 + 0 properly paired (75.92% : N/A)
FL24_0720	168581797	156712243 + 0 mapped (92.96% : N/A)	158856689	116391650 + 0 properly paired (73.27% : N/A)
FL20_087	280262923	265099176 + 0 mapped (94.59% : N/A)	267095624	209138878 + 0 properly paired (78.30% : N/A)
Vcrassifolium_NC80_16_1	116039040	102187305 + 0 mapped (88.06% : N/A)	108134915	66096600 + 0 properly paired (61.12% : N/A)
Vangustifolium_NC3352	133426671	126287193 + 0 mapped (94.65% : N/A)	125434539	100207162 + 0 properly paired (79.89% : N/A)
Vangustifolium_PI666760	248223659	231635758 + 0 mapped (93.32% : N/A)	232879658	175822946 + 0 properly paired (75.50% : N/A)
NHB_HL11_H62	165470817	152858666 + 0 mapped (92.38% : N/A)	156600236	123264746 + 0 properly paired (78.71% : N/A)
FL13_121	181235414	170912721 + 0 mapped (94.30% : N/A)	172418001	133346514 + 0 properly paired (77.34% : N/A)
Vvirgatum_PowderBlue_Y1_1	207205864	195497726 + 0 mapped (94.35% : N/A)	194390257	153109224 + 0 properly paired (78.76% : N/A)
Vmyrsinites_16_663	189677302	177007442 + 0 mapped (93.32% : N/A)	178470322	136131952 + 0 properly paired (76.28% : N/A)
Vstamineum_NC84_1_2	129564204	105094887 + 0 mapped (81.11% : N/A)	123154031	80505704 + 0 properly paired (65.37% : N/A)
HHB_Northsky_M2	171420552	163150506 + 0 mapped (95.18% : N/A)	161414226	131074242 + 0 properly paired (81.20% : N/A)
NHB_Dii_shuangdi	108265536	101257672 + 0 mapped (93.53% : N/A)	102389194	76773668 + 0 properly paired (74.98% : N/A)
NHB_Rubel_H68	149844030	141947170 + 0 mapped (94.73% : N/A)	141585251	113904384 + 0 properly paired (80.45% : N/A)
FL19_129	181993029	171005902 + 0 mapped (93.96% : N/A)	173976353	136310716 + 0 properly paired (78.35% : N/A)
SHB_MSU8_S36_1	123730424	115707684 + 0 mapped (93.52% : N/A)	116753721	86745580 + 0 properly paired (74.30% : N/A)
Vdarrowii_Fl4B	200136630	190415067 + 0 mapped (95.14% : N/A)	189602694	149912132 + 0 properly paired (79.07% : N/A)
SHB_ailu_S79_1	98148883	89519931 + 0 mapped (91.21% : N/A)	92549908	68111340 + 0 properly paired (73.59% : N/A)
Velliotti_olenoyellow_02	161036586	148071785 + 0 mapped (91.95% : N/A)	149694836	110893722 + 0 properly paired (74.08% : N/A)
Vmacrocarpon_Brewer_C11	110467037	98268923 + 0 mapped (88.96% : N/A)	100881080	56019494 + 0 properly paired (55.53% : N/A)
FL24_0179	186237460	173522023 + 0 mapped (93.17% : N/A)	175515294	129386278 + 0 properly paired (73.72% : N/A)
NHB_Lateblue_batch1_H29	51655767	48275105 + 0 mapped (93.46% : N/A)	48918096	37891170 + 0 properly paired (77.46% : N/A)
SHB_Carteret_S50_1	115736383	107354456 + 0 mapped (92.76% : N/A)	109024022	78483884 + 0 properly paired (71.99% : N/A)
SHBVentura	150445807	142271442 + 0 mapped (94.57% : N/A)	142751346	111482618 + 0 properly paired (78.10% : N/A)
Vangustifolium_Chignecto_L5	109353468	101780786 + 0 mapped (93.08% : N/A)	102284841	72258664 + 0 properly paired (70.64% : N/A)
SHB_Rocio_S76_1	114004550	106773321 + 0 mapped (93.66% : N/A)	107266983	78553918 + 0 properly paired (73.23% : N/A)
Vtenellum_NC96_2_2	110963226	104877819 + 0 mapped (94.52% : N/A)	104916921	83611796 + 0 properly paired (79.69% : N/A)
FLSpringHigh	160103715	150531123 + 0 mapped (94.02% : N/A)	151063074	112950502 + 0 properly paired (74.77% : N/A)
FL21_0922	180018739	165894093 + 0 mapped (92.15% : N/A)	168793995	121572198 + 0 properly paired (72.02% : N/A)
Vstamineum_AP6	157201263	129694929 + 0 mapped (82.50% : N/A)	147877629	91839664 + 0 properly paired (62.11% : N/A)
FL12_255	196227374	185652912 + 0 mapped (94.61% : N/A)	186370563	142737886 + 0 properly paired (76.59% : N/A)
FL22_0764	192110633	179070869 + 0 mapped (93.21% : N/A)	180467743	132353426 + 0 properly paired (73.34% : N/A)
FL24_0364	182858138	172647721 + 0 mapped (94.42% : N/A)	174237690	136392664 + 0 properly paired (78.28% : N/A)
FL19_99_1	212903371	200864186 + 0 mapped (94.35% : N/A)	201557678	150176354 + 0 properly paired (74.51% : N/A)
SHB_Gulfcoast_H95	111154548	103720355 + 0 mapped (93.31% : N/A)	104850573	77490242 + 0 properly paired (73.91% : N/A)
FL25_0246	187839537	174337354 + 0 mapped (92.81% : N/A)	176058303	131535754 + 0 properly paired (74.71% : N/A)
NHB_Bluejay_H3	167090637	155840371 + 0 mapped (93.27% : N/A)	156653405	124317826 + 0 properly paired (79.36% : N/A)
FLAbundance	117189595	111031271 + 0 mapped (94.74% : N/A)	111073054	87119838 + 0 properly paired (78.43% : N/A)
Vboreale_NJ89_03_08	81689356	76975304 + 0 mapped (94.23% : N/A)	77019712	60715380 + 0 properly paired (78.83% : N/A)
SHB_SunshineBlue_S27_1	127664570	118880188 + 0 mapped (93.12% : N/A)	119923830	86885800 + 0 properly paired (72.45% : N/A)
Vtenellum_NC78_8loc	107688609	87888465 + 0 mapped (81.61% : N/A)	101155916	60379226 + 0 properly paired (59.69% : N/A)
NHB_Draper_X5	104232880	96897046 + 0 mapped (92.96% : N/A)	97896352	70491948 + 0 properly paired (72.01% : N/A)
Vvirgatum_Baldwin_Dalian_Y6_1	230280628	216385100 + 0 mapped (93.97% : N/A)	214774996	165816424 + 0 properly paired (77.20% : N/A)
FL22_0985	175095299	165088962 + 0 mapped (94.29% : N/A)	166552062	128471794 + 0 properly paired (77.14% : N/A)
FL16_192	194287544	183379644 + 0 mapped (94.39% : N/A)	184147347	138752534 + 0 properly paired (75.35% : N/A)
FL17_162	211422534	199910327 + 0 mapped (94.55% : N/A)	200574181	153378620 + 0 properly paired (76.47% : N/A)
Vmembranaceum_PI613646	229037432	208869917 + 0 mapped (91.19% : N/A)	204082098	126564062 + 0 properly paired (62.02% : N/A)
NHB_HL13_H64	163310200	155503797 + 0 mapped (95.22% : N/A)	153979896	126012122 + 0 properly paired (81.84% : N/A)
NHB_Lateblue_H29	108396586	100557584 + 0 mapped (92.77% : N/A)	102650164	76527670 + 0 properly paired (74.55% : N/A)
HHB_Polaris_H14	110565317	103039843 + 0 mapped (93.19% : N/A)	104467464	77990182 + 0 properly paired (74.65% : N/A)
SHB_Arana_L11_1	111215206	104068692 + 0 mapped (93.57% : N/A)	104533946	75763162 + 0 properly paired (72.48% : N/A)
Vmacrocarpon_HollisterRed_C15	121856917	109629240 + 0 mapped (89.97% : N/A)	110792272	64520358 + 0 properly paired (58.24% : N/A)
Vangustifolium_brunswick	141608007	132845743 + 0 mapped (93.81% : N/A)	134029058	102076638 + 0 properly paired (76.16% : N/A)
SHB_Muffin_S44_1	111881543	103967902 + 0 mapped (92.93% : N/A)	104804086	74097114 + 0 properly paired (70.70% : N/A)
Vangustifolium_USAMaine	163318590	147310556 + 0 mapped (90.20% : N/A)	151820594	103773504 + 0 properly paired (68.35% : N/A)
FL24_0788	179929361	167197886 + 0 mapped (92.92% : N/A)	167431055	122136116 + 0 properly paired (72.95% : N/A)
FL13_212	212237834	200918030 + 0 mapped (94.67% : N/A)	202623291	159435726 + 0 properly paired (78.69% : N/A)
SHB_chougua_S83_1	112552588	105007928 + 0 mapped (93.30% : N/A)	105747875	76278708 + 0 properly paired (72.13% : N/A)
NHB_Rubel_H76	168152280	160345098 + 0 mapped (95.36% : N/A)	158496326	129249170 + 0 properly paired (81.55% : N/A)
Vangustifolium_Emil_L9	106745089	99127292 + 0 mapped (92.86% : N/A)	100223567	71816644 + 0 properly paired (71.66% : N/A)
Vcylindraceum_PI554901	259934210	234342671 + 0 mapped (90.15% : N/A)	236848579	152016750 + 0 properly paired (64.18% : N/A)
FL19_135	182140987	172343992 + 0 mapped (94.62% : N/A)	174108125	137272442 + 0 properly paired (78.84% : N/A)
SHB_Sampson_S29_1	118187301	110481160 + 0 mapped (93.48% : N/A)	111912595	83310448 + 0 properly paired (74.44% : N/A)
Vtenellum_NJ87_52	123961491	117115711 + 0 mapped (94.48% : N/A)	116734027	92810122 + 0 properly paired (79.51% : N/A)
FL20_122	193279584	182669878 + 0 mapped (94.51% : N/A)	183817661	142058658 + 0 properly paired (77.28% : N/A)
Vvirgatum_Premeir_Y4_1	204511964	191833493 + 0 mapped (93.80% : N/A)	190425492	147390382 + 0 properly paired (77.40% : N/A)
FL17_166	186710725	176632907 + 0 mapped (94.60% : N/A)	178940336	141985480 + 0 properly paired (79.35% : N/A)
Vvirgatum_Alapaha	203528553	193836194 + 0 mapped (95.24% : N/A)	191924767	151475602 + 0 properly paired (78.92% : N/A)
FLWayne	173157591	163356928 + 0 mapped (94.34% : N/A)	163859088	127203502 + 0 properly paired (77.63% : N/A)
Vconstablaei_N1	103904523	96692318 + 0 mapped (93.06% : N/A)	97858483	74216794 + 0 properly paired (75.84% : N/A)
SHB_Guputon_S47_1	111644491	104564917 + 0 mapped (93.66% : N/A)	105543646	78559172 + 0 properly paired (74.43% : N/A)
FL21_0982	167994210	156154456 + 0 mapped (92.95% : N/A)	157184291	113682272 + 0 properly paired (72.32% : N/A)
FL24_0317	179889337	167158447 + 0 mapped (92.92% : N/A)	169430497	123400924 + 0 properly paired (72.83% : N/A)
Vvirgatum_Ochlockonee	177579319	167318910 + 0 mapped (94.22% : N/A)	166985826	125440548 + 0 properly paired (75.12% : N/A)
Vfuscatum2x_17_628_02	204047791	185775808 + 0 mapped (91.05% : N/A)	188748498	137244994 + 0 properly paired (72.71% : N/A)
FL22_0808	186619646	176537452 + 0 mapped (94.60% : N/A)	177197383	134658602 + 0 properly paired (75.99% : N/A)
FL25_0248	139315872	129237248 + 0 mapped (92.77% : N/A)	129588987	95315658 + 0 properly paired (73.55% : N/A)
NHB_Bluejay_H7	153440024	144693070 + 0 mapped (94.30% : N/A)	142957765	111471476 + 0 properly paired (77.98% : N/A)
SHB_Suziblue_S16_1	114745420	107021753 + 0 mapped (93.27% : N/A)	108038714	78257344 + 0 properly paired (72.43% : N/A)
Vmacrocarpon_Howes_C7	112612208	100634540 + 0 mapped (89.36% : N/A)	102827716	59224338 + 0 properly paired (57.60% : N/A)
FL24_0401	217129490	201914105 + 0 mapped (92.99% : N/A)	206642131	157225770 + 0 properly paired (76.09% : N/A)
NHB_Duke_H28	152889614	144701237 + 0 mapped (94.64% : N/A)	144370361	115871174 + 0 properly paired (80.26% : N/A)
SHB_Arlen_S40_1	113570309	106136423 + 0 mapped (93.45% : N/A)	107074434	81945140 + 0 properly paired (76.53% : N/A)
Vuliginosum_PI638387	129125961	118156234 + 0 mapped (91.50% : N/A)	115791645	75264714 + 0 properly paired (65.00% : N/A)
Varboreum_NC3739	82863809	74898047 + 0 mapped (90.39% : N/A)	77435765	52650980 + 0 properly paired (67.99% : N/A)
Varboreum_17_630	161479963	147834235 + 0 mapped (91.55% : N/A)	149985959	100592562 + 0 properly paired (67.07% : N/A)
FL20_0094	226370706	213689165 + 0 mapped (94.40% : N/A)	214726932	162931812 + 0 properly paired (75.88% : N/A)
SHB_NaitiveBlue_S48_1	116984846	108313558 + 0 mapped (92.59% : N/A)	111108978	83057686 + 0 properly paired (74.75% : N/A)
NHB_HL2_H53	109929748	102631022 + 0 mapped (93.36% : N/A)	103480699	75877068 + 0 properly paired (73.32% : N/A)
FL12_257	224284205	206239281 + 0 mapped (91.95% : N/A)	211687917	154371454 + 0 properly paired (72.92% : N/A)
SHB_Cooper_H97	106391430	99372055 + 0 mapped (93.40% : N/A)	100336421	74051366 + 0 properly paired (73.80% : N/A)
Vangustifolium_EstonianHyb_L12	104558550	97192972 + 0 mapped (92.96% : N/A)	97566630	68541354 + 0 properly paired (70.25% : N/A)
NHB_Legacy_H19	171494187	160751542 + 0 mapped (93.74% : N/A)	160688694	127000802 + 0 properly paired (79.04% : N/A)
NHB_S20K0183	113126816	105182254 + 0 mapped (92.98% : N/A)	107194831	80575270 + 0 properly paired (75.17% : N/A)
FL22_1146	177979549	167713992 + 0 mapped (94.23% : N/A)	169645775	132164416 + 0 properly paired (77.91% : N/A)
SHB_Sapphire_S17_1	110602190	103055137 + 0 mapped (93.18% : N/A)	104821604	77948694 + 0 properly paired (74.36% : N/A)
Vvirgatum_NC2140	122440630	116366576 + 0 mapped (95.04% : N/A)	115257256	91677974 + 0 properly paired (79.54% : N/A)
FL24_0793	151998950	141120279 + 0 mapped (92.84% : N/A)	140931490	102275112 + 0 properly paired (72.57% : N/A)
FL16_200	221768550	198174442 + 0 mapped (89.36% : N/A)	209852902	150084854 + 0 properly paired (71.52% : N/A)
HHB_Putte_M9	191088432	181165229 + 0 mapped (94.81% : N/A)	177292449	139475588 + 0 properly paired (78.67% : N/A)
FL18_137	255117172	241247843 + 0 mapped (94.56% : N/A)	242291310	184624356 + 0 properly paired (76.20% : N/A)
FLAvanti	204456145	191695426 + 0 mapped (93.76% : N/A)	192917808	146104602 + 0 properly paired (75.73% : N/A)
Vconstablaei_N5	101104848	95309603 + 0 mapped (94.27% : N/A)	95196645	74482442 + 0 properly paired (78.24% : N/A)
FL19_148	182899606	172811680 + 0 mapped (94.48% : N/A)	174061223	135422990 + 0 properly paired (77.80% : N/A)
SHB_JellyBean_S64_1	114163544	105420058 + 0 mapped (92.34% : N/A)	107184927	75494686 + 0 properly paired (70.43% : N/A)
FL14_242	197712398	186823164 + 0 mapped (94.49% : N/A)	189057316	148160454 + 0 properly paired (78.37% : N/A)
FLWindsor	160051166	150608046 + 0 mapped (94.10% : N/A)	150946701	113636730 + 0 properly paired (75.28% : N/A)
FL21_0445	186991447	143220647 + 0 mapped (76.59% : N/A)	180371308	113714452 + 0 properly paired (63.04% : N/A)
Vvirgatum_Baldwin_Nanjing_Y6	243099377	229086128 + 0 mapped (94.24% : N/A)	226768486	176673524 + 0 properly paired (77.91% : N/A)
Vcylindraceum_PI618121	202663165	186904643 + 0 mapped (92.22% : N/A)	183368432	124783400 + 0 properly paired (68.05% : N/A)
Varboreum_NC3740	92212362	83462764 + 0 mapped (90.51% : N/A)	85944155	57539022 + 0 properly paired (66.95% : N/A)
Vmyrtilloides_NC96_53_2	52004217	47834544 + 0 mapped (91.98% : N/A)	49217886	36237948 + 0 properly paired (73.63% : N/A)
FL17_17	185803971	175646327 + 0 mapped (94.53% : N/A)	177663768	139147768 + 0 properly paired (78.32% : N/A)
Vmacrocarpon_manyueju_JGA503	116916905	103886481 + 0 mapped (88.85% : N/A)	106987117	61041452 + 0 properly paired (57.05% : N/A)
Vdarrowii_17_627	152777976	142343410 + 0 mapped (93.17% : N/A)	144334658	108693022 + 0 properly paired (75.31% : N/A)
SHB_Sweetaroma_S71_1	111680479	104407152 + 0 mapped (93.49% : N/A)	106085548	80630756 + 0 properly paired (76.01% : N/A)
FL21_1116	228303719	215936019 + 0 mapped (94.58% : N/A)	216897362	165399492 + 0 properly paired (76.26% : N/A)
NHB_Bluejay_lanniao	106643315	99666799 + 0 mapped (93.46% : N/A)	100812031	75164362 + 0 properly paired (74.56% : N/A)
SHB_NewHannover_D04	106178538	98781671 + 0 mapped (93.03% : N/A)	100131706	73442174 + 0 properly paired (73.35% : N/A)
SHB_Avonblue_H96	116656839	108583935 + 0 mapped (93.08% : N/A)	109799588	80233238 + 0 properly paired (73.07% : N/A)
Vvirgatum_Southland_Y11_1	234163086	220366212 + 0 mapped (94.11% : N/A)	219775009	172795774 + 0 properly paired (78.62% : N/A)
Vvirgatum_Pinklemonade	172663122	162932507 + 0 mapped (94.36% : N/A)	162707064	124957512 + 0 properly paired (76.80% : N/A)
Vvirgatum_BlackGiant	217526016	206124160 + 0 mapped (94.76% : N/A)	204886830	157044492 + 0 properly paired (76.65% : N/A)
NHB_Duke_H75	150317935	141389497 + 0 mapped (94.06% : N/A)	142128332	114056376 + 0 properly paired (80.25% : N/A)
FL22_0962	199128260	185828849 + 0 mapped (93.32% : N/A)	186840972	136096460 + 0 properly paired (72.84% : N/A)
SHB_Dianna_H31	114123497	106307459 + 0 mapped (93.15% : N/A)	107297243	77553172 + 0 properly paired (72.28% : N/A)
FL25_0538	181559782	167906661 + 0 mapped (92.48% : N/A)	168801175	123125296 + 0 properly paired (72.94% : N/A)
Vangustifolium_EstonianHyb_L13	119379046	111609138 + 0 mapped (93.49% : N/A)	112106986	82500566 + 0 properly paired (73.59% : N/A)
FL24_0389	260395238	246145937 + 0 mapped (94.53% : N/A)	246915191	186198126 + 0 properly paired (75.41% : N/A)
NHB_HL3_H54	165544882	155591873 + 0 mapped (93.99% : N/A)	156439333	124053132 + 0 properly paired (79.30% : N/A)
SHB_Sapphire_S42_1	118298121	110601707 + 0 mapped (93.49% : N/A)	111542859	81428974 + 0 properly paired (73.00% : N/A)
FL24_0456	181967695	171301046 + 0 mapped (94.14% : N/A)	172639969	131846688 + 0 properly paired (76.37% : N/A)
Vstamineum_17_629_02	177958168	160190701 + 0 mapped (90.02% : N/A)	162376759	111118578 + 0 properly paired (68.43% : N/A)
NHB_Sierra_H21	164592662	154860132 + 0 mapped (94.09% : N/A)	155200794	123167342 + 0 properly paired (79.36% : N/A)
Vvirgatum_NC3660	105898461	99828787 + 0 mapped (94.27% : N/A)	99764922	77658250 + 0 properly paired (77.84% : N/A)
FL13_26	162198124	151508731 + 0 mapped (93.41% : N/A)	153308434	114581874 + 0 properly paired (74.74% : N/A)
FL20_040	209927050	197861961 + 0 mapped (94.25% : N/A)	198596142	147458776 + 0 properly paired (74.25% : N/A)
Vcorymbosum_4X_NC3308	88524073	83211069 + 0 mapped (94.00% : N/A)	83847377	65588654 + 0 properly paired (78.22% : N/A)
FL24_0794	140052410	129724867 + 0 mapped (92.63% : N/A)	130548174	97351900 + 0 properly paired (74.57% : N/A)
NHB_Liberty_X3	179013172	164518410 + 0 mapped (91.90% : N/A)	169572527	134585282 + 0 properly paired (79.37% : N/A)
FL23_0063	175970593	165675929 + 0 mapped (94.15% : N/A)	167715799	131044802 + 0 properly paired (78.14% : N/A)
Vdarrowii_JohnBlue	100236045	93634977 + 0 mapped (93.41% : N/A)	95447808	73010032 + 0 properly paired (76.49% : N/A)
NHB_2017D_H28Mut	106633998	99403118 + 0 mapped (93.22% : N/A)	101083306	75540102 + 0 properly paired (74.73% : N/A)
FL16_54	184721713	174112063 + 0 mapped (94.26% : N/A)	174913486	129841822 + 0 properly paired (74.23% : N/A)
Velliotii_olenoyellow	140790715	132221999 + 0 mapped (93.91% : N/A)	133649572	102498184 + 0 properly paired (76.69% : N/A)
